utc_iso,sun_az_deg_from_north,sun_el_deg
2026-05-14T02:00:00Z,49.3157,0.3416
2026-05-14T02:10:00Z,51.4857,1.1714
2026-05-14T02:20:00Z,53.6432,2.0666
2026-05-14T02:30:00Z,55.7892,3.0144
2026-05-14T02:40:00Z,57.9246,4.0043
2026-05-14T02:50:00Z,60.0507,5.0297
2026-05-14T03:00:00Z,62.1684,6.0873
2026-05-14T03:10:00Z,64.2793,7.1708
2026-05-14T03:20:00Z,66.3847,8.2778
2026-05-14T03:30:00Z,68.4861,9.4057
2026-05-14T03:40:00Z,70.5851,10.5523
2026-05-14T03:50:00Z,72.6833,11.7156
2026-05-14T04:00:00Z,74.7825,12.8936
2026-05-14T04:10:00Z,76.8845,14.0845
2026-05-14T04:20:00Z,78.9914,15.2865
2026-05-14T04:30:00Z,81.105,16.4978
2026-05-14T04:40:00Z,83.2275,17.7167
2026-05-14T04:50:00Z,85.361,18.9414
2026-05-14T05:00:00Z,87.5079,20.1702
2026-05-14T05:10:00Z,89.6704,21.4014
2026-05-14T05:20:00Z,91.851,22.6331
2026-05-14T05:30:00Z,94.0522,23.8635
2026-05-14T05:40:00Z,96.2766,25.0907
2026-05-14T05:50:00Z,98.5269,26.3129
2026-05-14T06:00:00Z,100.8059,27.528
2026-05-14T06:10:00Z,103.1163,28.7339
2026-05-14T06:20:00Z,105.461,29.9287
2026-05-14T06:30:00Z,107.843,31.1099
2026-05-14T06:40:00Z,110.2652,32.2755
2026-05-14T06:50:00Z,112.7306,33.4229
2026-05-14T07:00:00Z,115.2422,34.5497
2026-05-14T07:10:00Z,117.8028,35.6533
2026-05-14T07:20:00Z,120.4153,36.7311
2026-05-14T07:30:00Z,123.0823,37.7801
2026-05-14T07:40:00Z,125.8064,38.7976
2026-05-14T07:50:00Z,128.5898,39.7804
2026-05-14T08:00:00Z,131.4346,40.7256
2026-05-14T08:10:00Z,134.3421,41.6298
2026-05-14T08:20:00Z,137.3136,42.4899
2026-05-14T08:30:00Z,140.3496,43.3026
2026-05-14T08:40:00Z,143.4498,44.0644
2026-05-14T08:50:00Z,146.6135,44.7722
2026-05-14T09:00:00Z,149.8388,45.4227
2026-05-14T09:10:00Z,153.1233,46.0126
2026-05-14T09:20:00Z,156.4634,46.539
2026-05-14T09:30:00Z,159.8545,46.9991
2026-05-14T09:40:00Z,163.2913,47.3903
2026-05-14T09:50:00Z,166.7673,47.7102
2026-05-14T10:00:00Z,170.2753,47.9571
2026-05-14T10:10:00Z,173.8075,48.1294
2026-05-14T10:20:00Z,177.3554,48.226
2026-05-14T10:30:00Z,180.9101,48.2463
2026-05-14T10:40:00Z,184.4627,48.1903
2026-05-14T10:50:00Z,188.0042,48.0581
2026-05-14T11:00:00Z,191.5259,47.8508
2026-05-14T11:10:00Z,195.0196,47.5695
2026-05-14T11:20:00Z,198.4778,47.216
2026-05-14T11:30:00Z,201.8936,46.7925
2026-05-14T11:40:00Z,205.2611,46.3012
2026-05-14T11:50:00Z,208.5753,45.745
2026-05-14T12:00:00Z,211.832,45.1267
2026-05-14T12:10:00Z,215.0284,44.4494
2026-05-14T12:20:00Z,218.1621,43.7165
2026-05-14T12:30:00Z,221.2319,42.931
2026-05-14T12:40:00Z,224.2373,42.0965
2026-05-14T12:50:00Z,227.1785,41.2161
2026-05-14T13:00:00Z,230.0562,40.2932
2026-05-14T13:10:00Z,232.8718,39.3311
2026-05-14T13:20:00Z,235.627,38.3327
2026-05-14T13:30:00Z,238.324,37.3014
2026-05-14T13:40:00Z,240.9651,36.2399
2026-05-14T13:50:00Z,243.5529,35.1511
2026-05-14T14:00:00Z,246.0902,34.0379
2026-05-14T14:10:00Z,248.5799,32.9028
2026-05-14T14:20:00Z,251.0249,31.7483
2026-05-14T14:30:00Z,253.4281,30.577
2026-05-14T14:40:00Z,255.7926,29.3912
2026-05-14T14:50:00Z,258.1212,28.1931
2026-05-14T15:00:00Z,260.4169,26.9848
2026-05-14T15:10:00Z,262.6825,25.7685
2026-05-14T15:20:00Z,264.9208,24.5462
2026-05-14T15:30:00Z,267.1345,23.3199
2026-05-14T15:40:00Z,269.3263,22.0914
2026-05-14T15:50:00Z,271.4987,20.8626
2026-05-14T16:00:00Z,273.6541,19.6353
2026-05-14T16:10:00Z,275.795,18.4112
2026-05-14T16:20:00Z,277.9237,17.1923
2026-05-14T16:30:00Z,280.0424,15.9801
2026-05-14T16:40:00Z,282.1532,14.7764
2026-05-14T16:50:00Z,284.2582,13.583
2026-05-14T17:00:00Z,286.3593,12.4016
2026-05-14T17:10:00Z,288.4584,11.2341
2026-05-14T17:20:00Z,290.5573,10.0823
2026-05-14T17:30:00Z,292.6577,8.9481
2026-05-14T17:40:00Z,294.7612,7.8338
2026-05-14T17:50:00Z,296.8694,6.7416
2026-05-14T18:00:00Z,298.9837,5.6741
2026-05-14T18:10:00Z,301.1055,4.6345
2026-05-14T18:20:00Z,303.2359,3.6288
2026-05-14T18:30:00Z,305.3763,2.6607
2026-05-14T18:40:00Z,307.5275,1.7381
2026-05-14T18:50:00Z,309.6906,0.8722
2026-05-14T19:00:00Z,311.8664,0.0759
2026-05-15T02:00:00Z,49.2201,0.5288
2026-05-15T02:10:00Z,51.3871,1.3676
2026-05-15T02:20:00Z,53.5418,2.2685
2026-05-15T02:30:00Z,55.685,3.2194
2026-05-15T02:40:00Z,57.8178,4.2109
2026-05-15T02:50:00Z,59.9413,5.2378
2026-05-15T03:00:00Z,62.0566,6.2951
2026-05-15T03:10:00Z,64.1652,7.3783
2026-05-15T03:20:00Z,66.2683,8.4848
2026-05-15T03:30:00Z,68.3676,9.6122
2026-05-15T03:40:00Z,70.4645,10.7583
2026-05-15T03:50:00Z,72.5608,11.921
2026-05-15T04:00:00Z,74.6581,13.0984
2026-05-15T04:10:00Z,76.7584,14.2887
2026-05-15T04:20:00Z,78.8636,15.4902
2026-05-15T04:30:00Z,80.9756,16.7011
2026-05-15T04:40:00Z,83.0965,17.9197
2026-05-15T04:50:00Z,85.2286,19.1441
2026-05-15T05:00:00Z,87.3742,20.3728
2026-05-15T05:10:00Z,89.5355,21.6039
2026-05-15T05:20:00Z,91.7149,22.8356
2026-05-15T05:30:00Z,93.9152,24.0662
2026-05-15T05:40:00Z,96.1387,25.2937
2026-05-15T05:50:00Z,98.3883,26.5162
2026-05-15T06:00:00Z,100.6666,27.7318
2026-05-15T06:10:00Z,102.9766,28.9383
2026-05-15T06:20:00Z,105.3212,30.1338
2026-05-15T06:30:00Z,107.7032,31.3159
2026-05-15T06:40:00Z,110.1256,32.4824
2026-05-15T06:50:00Z,112.5916,33.6309
2026-05-15T07:00:00Z,115.1039,34.7589
2026-05-15T07:10:00Z,117.6657,35.8638
2026-05-15T07:20:00Z,120.2796,36.9429
2026-05-15T07:30:00Z,122.9486,37.9934
2026-05-15T07:40:00Z,125.6751,39.0125
2026-05-15T07:50:00Z,128.4614,39.997
2026-05-15T08:00:00Z,131.3095,40.9438
2026-05-15T08:10:00Z,134.221,41.8498
2026-05-15T08:20:00Z,137.1971,42.7117
2026-05-15T08:30:00Z,140.2383,43.5262
2026-05-15T08:40:00Z,143.3444,44.2898
2026-05-15T08:50:00Z,146.5147,44.9994
2026-05-15T09:00:00Z,149.7473,45.6515
2026-05-15T09:10:00Z,153.0398,46.2431
2026-05-15T09:20:00Z,156.3886,46.771
2026-05-15T09:30:00Z,159.789,47.2324
2026-05-15T09:40:00Z,163.2357,47.6248
2026-05-15T09:50:00Z,166.7222,47.9458
2026-05-15T10:00:00Z,170.2411,48.1935
2026-05-15T10:10:00Z,173.7845,48.3663
2026-05-15T10:20:00Z,177.3438,48.4633
2026-05-15T10:30:00Z,180.9101,48.4837
2026-05-15T10:40:00Z,184.4742,48.4274
2026-05-15T10:50:00Z,188.027,48.2949
2026-05-15T11:00:00Z,191.5598,48.0869
2026-05-15T11:10:00Z,195.0643,47.8048
2026-05-15T11:20:00Z,198.5327,47.4503
2026-05-15T11:30:00Z,201.9582,47.0254
2026-05-15T11:40:00Z,205.3347,46.5328
2026-05-15T11:50:00Z,208.6573,45.975
2026-05-15T12:00:00Z,211.9218,45.3551
2026-05-15T12:10:00Z,215.1251,44.6762
2026-05-15T12:20:00Z,218.2652,43.9414
2026-05-15T12:30:00Z,221.3406,43.1542
2026-05-15T12:40:00Z,224.351,42.3179
2026-05-15T12:50:00Z,227.2964,41.4357
2026-05-15T13:00:00Z,230.1779,40.5111
2026-05-15T13:10:00Z,232.9966,39.5473
2026-05-15T13:20:00Z,235.7545,38.5473
2026-05-15T13:30:00Z,238.4537,37.5144
2026-05-15T13:40:00Z,241.0965,36.4515
2026-05-15T13:50:00Z,243.6857,35.3614
2026-05-15T14:00:00Z,246.224,34.2469
2026-05-15T14:10:00Z,248.7144,33.1106
2026-05-15T14:20:00Z,251.1598,31.9551
2026-05-15T14:30:00Z,253.5631,30.7829
2026-05-15T14:40:00Z,255.9275,29.5963
2026-05-15T14:50:00Z,258.2558,28.3975
2026-05-15T15:00:00Z,260.551,27.1886
2026-05-15T15:10:00Z,262.816,25.9719
2026-05-15T15:20:00Z,265.0535,24.7492
2026-05-15T15:30:00Z,267.2663,23.5226
2026-05-15T15:40:00Z,269.457,22.294
2026-05-15T15:50:00Z,271.6282,21.0651
2026-05-15T16:00:00Z,273.7823,19.8379
2026-05-15T16:10:00Z,275.9219,18.614
2026-05-15T16:20:00Z,278.0491,17.3952
2026-05-15T16:30:00Z,280.1662,16.1833
2026-05-15T16:40:00Z,282.2753,14.98
2026-05-15T16:50:00Z,284.3785,13.7871
2026-05-15T17:00:00Z,286.4778,12.6062
2026-05-15T17:10:00Z,288.575,11.4391
2026-05-15T17:20:00Z,290.6719,10.2878
2026-05-15T17:30:00Z,292.7702,9.1542
2026-05-15T17:40:00Z,294.8715,8.0403
2026-05-15T17:50:00Z,296.9774,6.9483
2026-05-15T18:00:00Z,299.0893,5.8809
2026-05-15T18:10:00Z,301.2085,4.8407
2026-05-15T18:20:00Z,303.3364,3.8338
2026-05-15T18:30:00Z,305.474,2.8635
2026-05-15T18:40:00Z,307.6224,1.9369
2026-05-15T18:50:00Z,309.7825,1.0642
2026-05-15T19:00:00Z,311.9553,0.2577
2026-05-16T02:00:00Z,49.1246,0.7136
2026-05-16T02:10:00Z,51.2887,1.5603
2026-05-16T02:20:00Z,53.4405,2.4661
2026-05-16T02:30:00Z,55.581,3.4197
2026-05-16T02:40:00Z,57.7112,4.4124
2026-05-16T02:50:00Z,59.8322,5.4402
2026-05-16T03:00:00Z,61.9452,6.4973
2026-05-16T03:10:00Z,64.0514,7.5802
2026-05-16T03:20:00Z,66.1524,8.6863
2026-05-16T03:30:00Z,68.2496,9.8131
2026-05-16T03:40:00Z,70.3445,10.9585
2026-05-16T03:50:00Z,72.4388,12.1206
2026-05-16T04:00:00Z,74.5343,13.2975
2026-05-16T04:10:00Z,76.6329,14.4873
2026-05-16T04:20:00Z,78.7363,15.6883
2026-05-16T04:30:00Z,80.8467,16.8987
2026-05-16T04:40:00Z,82.9662,18.1169
2026-05-16T04:50:00Z,85.0969,19.3411
2026-05-16T05:00:00Z,87.2411,20.5696
2026-05-16T05:10:00Z,89.4011,21.8006
2026-05-16T05:20:00Z,91.5795,23.0324
2026-05-16T05:30:00Z,93.7787,24.2631
2026-05-16T05:40:00Z,96.0013,25.4908
2026-05-16T05:50:00Z,98.2501,26.7137
2026-05-16T06:00:00Z,100.5278,27.9297
2026-05-16T06:10:00Z,102.8374,29.1369
2026-05-16T06:20:00Z,105.1816,30.333
2026-05-16T06:30:00Z,107.5636,31.5159
2026-05-16T06:40:00Z,109.9862,32.6834
2026-05-16T06:50:00Z,112.4526,33.8329
2026-05-16T07:00:00Z,114.9656,34.9621
2026-05-16T07:10:00Z,117.5284,36.0683
2026-05-16T07:20:00Z,120.1438,37.1488
2026-05-16T07:30:00Z,122.8146,38.2008
2026-05-16T07:40:00Z,125.5433,39.2214
2026-05-16T07:50:00Z,128.3323,40.2076
2026-05-16T08:00:00Z,131.1836,41.1562
2026-05-16T08:10:00Z,134.099,42.0639
2026-05-16T08:20:00Z,137.0795,42.9276
2026-05-16T08:30:00Z,140.1257,43.7439
2026-05-16T08:40:00Z,143.2376,44.5094
2026-05-16T08:50:00Z,146.4142,45.2207
2026-05-16T09:00:00Z,149.654,45.8746
2026-05-16T09:10:00Z,152.9543,46.4678
2026-05-16T09:20:00Z,156.3116,46.9973
2026-05-16T09:30:00Z,159.7212,47.4601
2026-05-16T09:40:00Z,163.1776,47.8537
2026-05-16T09:50:00Z,166.6743,48.1758
2026-05-16T10:00:00Z,170.2039,48.4243
2026-05-16T10:10:00Z,173.7584,48.5978
2026-05-16T10:20:00Z,177.329,48.6952
2026-05-16T10:30:00Z,180.9066,48.7157
2026-05-16T10:40:00Z,184.482,48.6594
2026-05-16T10:50:00Z,188.0461,48.5265
2026-05-16T11:00:00Z,191.5899,48.318
2026-05-16T11:10:00Z,195.1049,48.0351
2026-05-16T11:20:00Z,198.5835,47.6796
2026-05-16T11:30:00Z,202.0185,47.2536
2026-05-16T11:40:00Z,205.404,46.7596
2026-05-16T11:50:00Z,208.7349,46.2004
2026-05-16T12:00:00Z,212.0071,45.579
2026-05-16T12:10:00Z,215.2173,44.8984
2026-05-16T12:20:00Z,218.3636,44.162
2026-05-16T12:30:00Z,221.4446,43.373
2026-05-16T12:40:00Z,224.4599,42.535
2026-05-16T12:50:00Z,227.4097,41.6512
2026-05-16T13:00:00Z,230.2948,40.7249
2026-05-16T13:10:00Z,233.1167,39.7594
2026-05-16T13:20:00Z,235.8773,38.7579
2026-05-16T13:30:00Z,238.5786,37.7235
2026-05-16T13:40:00Z,241.2232,36.6592
2026-05-16T13:50:00Z,243.8137,35.5678
2026-05-16T14:00:00Z,246.353,34.4521
2026-05-16T14:10:00Z,248.8441,33.3147
2026-05-16T14:20:00Z,251.2899,32.1583
2026-05-16T14:30:00Z,253.6934,30.9852
2026-05-16T14:40:00Z,256.0577,29.7977
2026-05-16T14:50:00Z,258.3857,28.5983
2026-05-16T15:00:00Z,260.6804,27.3889
2026-05-16T15:10:00Z,262.9447,26.1717
2026-05-16T15:20:00Z,265.1814,24.9487
2026-05-16T15:30:00Z,267.3933,23.7219
2026-05-16T15:40:00Z,269.583,22.4931
2026-05-16T15:50:00Z,271.753,21.2642
2026-05-16T16:00:00Z,273.9059,20.037
2026-05-16T16:10:00Z,276.0441,18.8132
2026-05-16T16:20:00Z,278.1698,17.5947
2026-05-16T16:30:00Z,280.2854,16.3831
2026-05-16T16:40:00Z,282.3929,15.1802
2026-05-16T16:50:00Z,284.4944,13.9876
2026-05-16T17:00:00Z,286.5918,12.8072
2026-05-16T17:10:00Z,288.6871,11.6407
2026-05-16T17:20:00Z,290.782,10.4898
2026-05-16T17:30:00Z,292.8782,9.3567
2026-05-16T17:40:00Z,294.9773,8.2431
2026-05-16T17:50:00Z,297.081,7.1515
2026-05-16T18:00:00Z,299.1905,6.0842
2026-05-16T18:10:00Z,301.3073,5.0435
2026-05-16T18:20:00Z,303.4325,4.0355
2026-05-16T18:30:00Z,305.5674,3.0635
2026-05-16T18:40:00Z,307.713,2.1333
2026-05-16T18:50:00Z,309.8703,1.2546
2026-05-16T19:00:00Z,312.0399,0.439
2026-05-17T01:50:00Z,46.8552,0.1106
2026-05-17T02:00:00Z,49.0293,0.8957
2026-05-17T02:10:00Z,51.1904,1.7493
2026-05-17T02:20:00Z,53.3395,2.6592
2026-05-17T02:30:00Z,55.4773,3.6149
2026-05-17T02:40:00Z,57.605,4.6087
2026-05-17T02:50:00Z,59.7235,5.637
2026-05-17T03:00:00Z,61.8342,6.694
2026-05-17T03:10:00Z,63.9382,7.7766
2026-05-17T03:20:00Z,66.037,8.8821
2026-05-17T03:30:00Z,68.1321,10.0083
2026-05-17T03:40:00Z,70.225,11.1531
2026-05-17T03:50:00Z,72.3175,12.3145
2026-05-17T04:00:00Z,74.4112,13.4908
2026-05-17T04:10:00Z,76.508,14.68
2026-05-17T04:20:00Z,78.6098,15.8805
2026-05-17T04:30:00Z,80.7186,17.0905
2026-05-17T04:40:00Z,82.8365,18.3083
2026-05-17T04:50:00Z,84.9658,19.5323
2026-05-17T05:00:00Z,87.1086,20.7606
2026-05-17T05:10:00Z,89.2674,21.9915
2026-05-17T05:20:00Z,91.4446,23.2233
2026-05-17T05:30:00Z,93.6428,24.4541
2026-05-17T05:40:00Z,95.8645,25.6821
2026-05-17T05:50:00Z,98.1125,26.9053
2026-05-17T06:00:00Z,100.3895,28.1218
2026-05-17T06:10:00Z,102.6986,29.3295
2026-05-17T06:20:00Z,105.0425,30.5264
2026-05-17T06:30:00Z,107.4243,31.7101
2026-05-17T06:40:00Z,109.847,32.8785
2026-05-17T06:50:00Z,112.3137,34.0291
2026-05-17T07:00:00Z,114.8274,35.1594
2026-05-17T07:10:00Z,117.3912,36.2669
2026-05-17T07:20:00Z,120.0078,37.3487
2026-05-17T07:30:00Z,122.6803,38.4022
2026-05-17T07:40:00Z,125.4111,39.4244
2026-05-17T07:50:00Z,128.2027,40.4122
2026-05-17T08:00:00Z,131.0571,41.3625
2026-05-17T08:10:00Z,133.9761,42.2721
2026-05-17T08:20:00Z,136.9609,43.1376
2026-05-17T08:30:00Z,140.012,43.9557
2026-05-17T08:40:00Z,143.1294,44.723
2026-05-17T08:50:00Z,146.3123,45.4362
2026-05-17T09:00:00Z,149.559,46.0918
2026-05-17T09:10:00Z,152.8669,46.6867
2026-05-17T09:20:00Z,156.2324,47.2177
2026-05-17T09:30:00Z,159.651,47.682
2026-05-17T09:40:00Z,163.1169,48.0769
2026-05-17T09:50:00Z,166.6237,48.4001
2026-05-17T10:00:00Z,170.1639,48.6496
2026-05-17T10:10:00Z,173.7292,48.8238
2026-05-17T10:20:00Z,177.3108,48.9216
2026-05-17T10:30:00Z,180.8997,48.9424
2026-05-17T10:40:00Z,184.4863,48.886
2026-05-17T10:50:00Z,188.0615,48.7529
2026-05-17T11:00:00Z,191.6161,48.5439
2026-05-17T11:10:00Z,195.1416,48.2603
2026-05-17T11:20:00Z,198.6301,47.9039
2026-05-17T11:30:00Z,202.0747,47.4768
2026-05-17T11:40:00Z,205.4691,46.9816
2026-05-17T11:50:00Z,208.8082,46.4211
2026-05-17T12:00:00Z,212.0879,45.7981
2026-05-17T12:10:00Z,215.305,45.116
2026-05-17T12:20:00Z,218.4575,44.378
2026-05-17T12:30:00Z,221.544,43.5875
2026-05-17T12:40:00Z,224.5642,42.7478
2026-05-17T12:50:00Z,227.5182,41.8623
2026-05-17T13:00:00Z,230.407,40.9344
2026-05-17T13:10:00Z,233.232,39.9674
2026-05-17T13:20:00Z,235.9952,38.9645
2026-05-17T13:30:00Z,238.6986,37.9286
2026-05-17T13:40:00Z,241.3449,36.863
2026-05-17T13:50:00Z,243.9368,35.7703
2026-05-17T14:00:00Z,246.4772,34.6534
2026-05-17T14:10:00Z,248.9689,33.515
2026-05-17T14:20:00Z,251.4151,32.3576
2026-05-17T14:30:00Z,253.8188,31.1837
2026-05-17T14:40:00Z,256.183,29.9955
2026-05-17T14:50:00Z,258.5107,28.7954
2026-05-17T15:00:00Z,260.805,27.5855
2026-05-17T15:10:00Z,263.0687,26.3679
2026-05-17T15:20:00Z,265.3046,25.1446
2026-05-17T15:30:00Z,267.5156,23.9175
2026-05-17T15:40:00Z,269.7042,22.6886
2026-05-17T15:50:00Z,271.8731,21.4597
2026-05-17T16:00:00Z,274.0248,20.2325
2026-05-17T16:10:00Z,276.1616,19.0089
2026-05-17T16:20:00Z,278.2859,17.7906
2026-05-17T16:30:00Z,280.3999,16.5793
2026-05-17T16:40:00Z,282.5058,15.3767
2026-05-17T16:50:00Z,284.6056,14.1846
2026-05-17T17:00:00Z,286.7012,13.0046
2026-05-17T17:10:00Z,288.7946,11.8385
2026-05-17T17:20:00Z,290.8876,10.6882
2026-05-17T17:30:00Z,292.9817,9.5555
2026-05-17T17:40:00Z,295.0788,8.4424
2026-05-17T17:50:00Z,297.1801,7.351
2026-05-17T18:00:00Z,299.2873,6.2838
2026-05-17T18:10:00Z,301.4017,5.2434
2026-05-17T18:20:00Z,303.5244,4.2339
2026-05-17T18:30:00Z,305.6567,3.2603
2026-05-17T18:40:00Z,307.7995,2.3271
2026-05-17T18:50:00Z,309.9538,1.4432
2026-05-17T19:00:00Z,312.1205,0.6194
2026-05-18T01:50:00Z,46.7629,0.2805
2026-05-18T02:00:00Z,48.934,1.0746
2026-05-18T02:10:00Z,51.0924,1.9341
2026-05-18T02:20:00Z,53.2387,2.8476
2026-05-18T02:30:00Z,55.374,3.805
2026-05-18T02:40:00Z,57.4992,4.7997
2026-05-18T02:50:00Z,59.6153,5.8283
2026-05-18T03:00:00Z,61.7237,6.8851
2026-05-18T03:10:00Z,63.8255,7.9672
2026-05-18T03:20:00Z,65.9222,9.0721
2026-05-18T03:30:00Z,68.0153,10.1977
2026-05-18T03:40:00Z,70.1063,11.3418
2026-05-18T03:50:00Z,72.1968,12.5026
2026-05-18T04:00:00Z,74.2887,13.6782
2026-05-18T04:10:00Z,76.3838,14.8669
2026-05-18T04:20:00Z,78.4839,16.0669
2026-05-18T04:30:00Z,80.5912,17.2764
2026-05-18T04:40:00Z,82.7076,18.4939
2026-05-18T04:50:00Z,84.8354,19.7176
2026-05-18T05:00:00Z,86.9769,20.9457
2026-05-18T05:10:00Z,89.1345,22.1765
2026-05-18T05:20:00Z,91.3105,23.4083
2026-05-18T05:30:00Z,93.5076,24.6392
2026-05-18T05:40:00Z,95.7283,25.8674
2026-05-18T05:50:00Z,97.9755,27.091
2026-05-18T06:00:00Z,100.2518,28.3079
2026-05-18T06:10:00Z,102.5603,29.5162
2026-05-18T06:20:00Z,104.9039,30.7137
2026-05-18T06:30:00Z,107.2855,31.8983
2026-05-18T06:40:00Z,109.7082,33.0676
2026-05-18T06:50:00Z,112.1752,34.2192
2026-05-18T07:00:00Z,114.6894,35.3507
2026-05-18T07:10:00Z,117.254,36.4594
2026-05-18T07:20:00Z,119.8718,37.5427
2026-05-18T07:30:00Z,122.5458,38.5977
2026-05-18T07:40:00Z,125.2786,39.6214
2026-05-18T07:50:00Z,128.0727,40.6109
2026-05-18T08:00:00Z,130.9301,41.5629
2026-05-18T08:10:00Z,133.8526,42.4742
2026-05-18T08:20:00Z,136.8414,43.3416
2026-05-18T08:30:00Z,139.8972,44.1615
2026-05-18T08:40:00Z,143.0199,44.9307
2026-05-18T08:50:00Z,146.2088,45.6456
2026-05-18T09:00:00Z,149.4623,46.303
2026-05-18T09:10:00Z,152.7776,46.8996
2026-05-18T09:20:00Z,156.1512,47.4323
2026-05-18T09:30:00Z,159.5785,47.8981
2026-05-18T09:40:00Z,163.0538,48.2944
2026-05-18T09:50:00Z,166.5704,48.6187
2026-05-18T10:00:00Z,170.1209,48.8691
2026-05-18T10:10:00Z,173.6969,49.0441
2026-05-18T10:20:00Z,177.2895,49.1424
2026-05-18T10:30:00Z,180.8893,49.1635
2026-05-18T10:40:00Z,184.487,49.1073
2026-05-18T10:50:00Z,188.0731,48.974
2026-05-18T11:00:00Z,191.6384,48.7646
2026-05-18T11:10:00Z,195.1742,48.4803
2026-05-18T11:20:00Z,198.6726,48.1231
2026-05-18T11:30:00Z,202.1265,47.6951
2026-05-18T11:40:00Z,205.5297,47.1988
2026-05-18T11:50:00Z,208.8769,46.6369
2026-05-18T12:00:00Z,212.1641,46.0126
2026-05-18T12:10:00Z,215.3881,45.329
2026-05-18T12:20:00Z,218.5467,44.5895
2026-05-18T12:30:00Z,221.6387,43.7974
2026-05-18T12:40:00Z,224.6636,42.9562
2026-05-18T12:50:00Z,227.6219,42.0692
2026-05-18T13:00:00Z,230.5143,41.1398
2026-05-18T13:10:00Z,233.3424,40.1713
2026-05-18T13:20:00Z,236.1082,39.1669
2026-05-18T13:30:00Z,238.8138,38.1297
2026-05-18T13:40:00Z,241.4618,37.0627
2026-05-18T13:50:00Z,244.0551,35.9689
2026-05-18T14:00:00Z,246.5964,34.8509
2026-05-18T14:10:00Z,249.0888,33.7115
2026-05-18T14:20:00Z,251.5354,32.5532
2026-05-18T14:30:00Z,253.9393,31.3784
2026-05-18T14:40:00Z,256.3034,30.1896
2026-05-18T14:50:00Z,258.6309,28.9888
2026-05-18T15:00:00Z,260.9247,27.7784
2026-05-18T15:10:00Z,263.1878,26.5604
2026-05-18T15:20:00Z,265.423,25.3368
2026-05-18T15:30:00Z,267.6331,24.1095
2026-05-18T15:40:00Z,269.8207,22.8805
2026-05-18T15:50:00Z,271.9885,21.6515
2026-05-18T16:00:00Z,274.1389,20.4244
2026-05-18T16:10:00Z,276.2744,19.201
2026-05-18T16:20:00Z,278.3973,17.9829
2026-05-18T16:30:00Z,280.5098,16.7719
2026-05-18T16:40:00Z,282.6141,15.5696
2026-05-18T16:50:00Z,284.7122,14.3779
2026-05-18T17:00:00Z,286.8061,13.1983
2026-05-18T17:10:00Z,288.8977,12.0327
2026-05-18T17:20:00Z,290.9887,10.8829
2026-05-18T17:30:00Z,293.0808,9.7506
2026-05-18T17:40:00Z,295.1757,8.6379
2026-05-18T17:50:00Z,297.2749,7.5469
2026-05-18T18:00:00Z,299.3798,6.4798
2026-05-18T18:10:00Z,301.4917,5.4393
2026-05-18T18:20:00Z,303.6119,4.4289
2026-05-18T18:30:00Z,305.7416,3.4539
2026-05-18T18:40:00Z,307.8817,2.5181
2026-05-18T18:50:00Z,310.0332,1.6295
2026-05-18T19:00:00Z,312.197,0.7984
2026-05-18T19:10:00Z,314.3736,0.0363
2026-05-19T01:50:00Z,46.6707,0.4479
2026-05-19T02:00:00Z,48.839,1.25
2026-05-19T02:10:00Z,50.9946,2.1147
2026-05-19T02:20:00Z,53.1383,3.031
2026-05-19T02:30:00Z,55.2711,3.9899
2026-05-19T02:40:00Z,57.3938,4.9852
2026-05-19T02:50:00Z,59.5076,6.0141
2026-05-19T03:00:00Z,61.6138,7.0705
2026-05-19T03:10:00Z,63.7134,8.152
2026-05-19T03:20:00Z,65.8081,9.2564
2026-05-19T03:30:00Z,67.8991,10.3813
2026-05-19T03:40:00Z,69.9882,11.5247
2026-05-19T03:50:00Z,72.0769,12.6849
2026-05-19T04:00:00Z,74.167,13.8598
2026-05-19T04:10:00Z,76.2604,15.0479
2026-05-19T04:20:00Z,78.3589,16.2473
2026-05-19T04:30:00Z,80.4646,17.4565
2026-05-19T04:40:00Z,82.5795,18.6736
2026-05-19T04:50:00Z,84.7059,19.8969
2026-05-19T05:00:00Z,86.8461,21.1248
2026-05-19T05:10:00Z,89.0023,22.3556
2026-05-19T05:20:00Z,91.1772,23.5874
2026-05-19T05:30:00Z,93.3731,24.8184
2026-05-19T05:40:00Z,95.5929,26.0468
2026-05-19T05:50:00Z,97.8392,27.2707
2026-05-19T06:00:00Z,100.1148,28.4881
2026-05-19T06:10:00Z,102.4227,29.6969
2026-05-19T06:20:00Z,104.7658,30.8951
2026-05-19T06:30:00Z,107.1472,32.0804
2026-05-19T06:40:00Z,109.5699,33.2506
2026-05-19T06:50:00Z,112.037,34.4033
2026-05-19T07:00:00Z,114.5517,35.5359
2026-05-19T07:10:00Z,117.117,36.6459
2026-05-19T07:20:00Z,119.7359,37.7305
2026-05-19T07:30:00Z,122.4114,38.787
2026-05-19T07:40:00Z,125.146,39.8123
2026-05-19T07:50:00Z,127.9423,40.8034
2026-05-19T08:00:00Z,130.8025,41.7571
2026-05-19T08:10:00Z,133.7284,42.6703
2026-05-19T08:20:00Z,136.7211,43.5394
2026-05-19T08:30:00Z,139.7814,44.3612
2026-05-19T08:40:00Z,142.9093,45.1323
2026-05-19T08:50:00Z,146.104,45.8491
2026-05-19T09:00:00Z,149.364,46.5083
2026-05-19T09:10:00Z,152.6865,47.1067
2026-05-19T09:20:00Z,156.068,47.641
2026-05-19T09:30:00Z,159.5038,48.1083
2026-05-19T09:40:00Z,162.9882,48.5059
2026-05-19T09:50:00Z,166.5145,48.8315
2026-05-19T10:00:00Z,170.0751,49.083
2026-05-19T10:10:00Z,173.6615,49.2587
2026-05-19T10:20:00Z,177.2648,49.3577
2026-05-19T10:30:00Z,180.8756,49.3792
2026-05-19T10:40:00Z,184.4841,49.323
2026-05-19T10:50:00Z,188.0809,49.1897
2026-05-19T11:00:00Z,191.6567,48.9799
2026-05-19T11:10:00Z,195.2027,48.6952
2026-05-19T11:20:00Z,198.7109,48.3373
2026-05-19T11:30:00Z,202.1741,47.9083
2026-05-19T11:40:00Z,205.5859,47.4109
2026-05-19T11:50:00Z,208.9412,46.8479
2026-05-19T12:00:00Z,212.2357,46.2223
2026-05-19T12:10:00Z,215.4664,45.5373
2026-05-19T12:20:00Z,218.6311,44.7964
2026-05-19T12:30:00Z,221.7285,44.0028
2026-05-19T12:40:00Z,224.7582,43.1601
2026-05-19T12:50:00Z,227.7206,42.2716
2026-05-19T13:00:00Z,230.6167,41.3407
2026-05-19T13:10:00Z,233.4479,40.3708
2026-05-19T13:20:00Z,236.2162,39.3651
2026-05-19T13:30:00Z,238.9239,38.3266
2026-05-19T13:40:00Z,241.5737,37.2584
2026-05-19T13:50:00Z,244.1683,36.1634
2026-05-19T14:00:00Z,246.7106,35.0444
2026-05-19T14:10:00Z,249.2038,33.904
2026-05-19T14:20:00Z,251.6508,32.7449
2026-05-19T14:30:00Z,254.0548,31.5693
2026-05-19T14:40:00Z,256.4189,30.3798
2026-05-19T14:50:00Z,258.7461,29.1785
2026-05-19T15:00:00Z,261.0395,27.9676
2026-05-19T15:10:00Z,263.302,26.7492
2026-05-19T15:20:00Z,265.5365,25.5253
2026-05-19T15:30:00Z,267.7457,24.2978
2026-05-19T15:40:00Z,269.9324,23.0687
2026-05-19T15:50:00Z,272.099,21.8397
2026-05-19T16:00:00Z,274.2483,20.6126
2026-05-19T16:10:00Z,276.3825,19.3893
2026-05-19T16:20:00Z,278.504,18.1714
2026-05-19T16:30:00Z,280.615,16.9607
2026-05-19T16:40:00Z,282.7178,15.7588
2026-05-19T16:50:00Z,284.8142,14.5674
2026-05-19T17:00:00Z,286.9064,13.3883
2026-05-19T17:10:00Z,288.9961,12.2232
2026-05-19T17:20:00Z,291.0852,11.0738
2026-05-19T17:30:00Z,293.1754,9.942
2026-05-19T17:40:00Z,295.2682,8.8296
2026-05-19T17:50:00Z,297.3652,7.7389
2026-05-19T18:00:00Z,299.4678,6.672
2026-05-19T18:10:00Z,301.5774,5.6314
2026-05-19T18:20:00Z,303.6952,4.6202
2026-05-19T18:30:00Z,305.8223,3.644
2026-05-19T18:40:00Z,307.9597,2.706
2026-05-19T18:50:00Z,310.1084,1.8134
2026-05-19T19:00:00Z,312.2693,0.9758
2026-05-19T19:10:00Z,314.4429,0.2042
2026-05-20T01:50:00Z,46.5787,0.6124
2026-05-20T02:00:00Z,48.7442,1.4215
2026-05-20T02:10:00Z,50.8972,2.2906
2026-05-20T02:20:00Z,53.0383,3.2094
2026-05-20T02:30:00Z,55.1686,4.1693
2026-05-20T02:40:00Z,57.289,5.1657
2026-05-20T02:50:00Z,59.4005,6.1941
2026-05-20T03:00:00Z,61.5045,7.2501
2026-05-20T03:10:00Z,63.602,8.3311
2026-05-20T03:20:00Z,65.6946,9.4348
2026-05-20T03:30:00Z,67.7837,10.559
2026-05-20T03:40:00Z,69.8709,11.7017
2026-05-20T03:50:00Z,71.9578,12.8612
2026-05-20T04:00:00Z,74.0462,14.0355
2026-05-20T04:10:00Z,76.1379,15.223
2026-05-20T04:20:00Z,78.2348,16.4219
2026-05-20T04:30:00Z,80.3389,17.6306
2026-05-20T04:40:00Z,82.4523,18.8473
2026-05-20T04:50:00Z,84.5773,20.0703
2026-05-20T05:00:00Z,86.7161,21.298
2026-05-20T05:10:00Z,88.8711,22.5287
2026-05-20T05:20:00Z,91.0447,23.7604
2026-05-20T05:30:00Z,93.2396,24.9916
2026-05-20T05:40:00Z,95.4584,26.2202
2026-05-20T05:50:00Z,97.7037,27.4444
2026-05-20T06:00:00Z,99.9786,28.6622
2026-05-20T06:10:00Z,102.2858,29.8716
2026-05-20T06:20:00Z,104.6284,31.0704
2026-05-20T06:30:00Z,107.0095,32.2566
2026-05-20T06:40:00Z,109.4321,33.4276
2026-05-20T06:50:00Z,111.8993,34.5813
2026-05-20T07:00:00Z,114.4144,35.7151
2026-05-20T07:10:00Z,116.9803,36.8263
2026-05-20T07:20:00Z,119.6002,37.9123
2026-05-20T07:30:00Z,122.2769,38.9702
2026-05-20T07:40:00Z,125.0133,39.9971
2026-05-20T07:50:00Z,127.8118,40.9898
2026-05-20T08:00:00Z,130.6746,41.9453
2026-05-20T08:10:00Z,133.6036,42.8602
2026-05-20T08:20:00Z,136.6001,43.7312
2026-05-20T08:30:00Z,139.6647,44.5549
2026-05-20T08:40:00Z,142.7976,45.3278
2026-05-20T08:50:00Z,145.9979,46.0464
2026-05-20T09:00:00Z,149.2642,46.7075
2026-05-20T09:10:00Z,152.5937,47.3076
2026-05-20T09:20:00Z,155.9828,47.8436
2026-05-20T09:30:00Z,159.4269,48.3125
2026-05-20T09:40:00Z,162.9202,48.7116
2026-05-20T09:50:00Z,166.4559,49.0384
2026-05-20T10:00:00Z,170.0264,49.291
2026-05-20T10:10:00Z,173.6231,49.4677
2026-05-20T10:20:00Z,177.2369,49.5673
2026-05-20T10:30:00Z,180.8583,49.5892
2026-05-20T10:40:00Z,184.4776,49.5333
2026-05-20T10:50:00Z,188.0849,49.3999
2026-05-20T11:00:00Z,191.6711,49.1899
2026-05-20T11:10:00Z,195.2272,48.9047
2026-05-20T11:20:00Z,198.745,48.5462
2026-05-20T11:30:00Z,202.2172,48.1164
2026-05-20T11:40:00Z,205.6376,47.618
2026-05-20T11:50:00Z,209.0008,47.0539
2026-05-20T12:00:00Z,212.3027,46.4271
2026-05-20T12:10:00Z,215.54,45.7408
2026-05-20T12:20:00Z,218.7107,44.9985
2026-05-20T12:30:00Z,221.8134,44.2036
2026-05-20T12:40:00Z,224.8479,43.3594
2026-05-20T12:50:00Z,227.8145,42.4696
2026-05-20T13:00:00Z,230.7141,41.5373
2026-05-20T13:10:00Z,233.5483,40.5661
2026-05-20T13:20:00Z,236.3192,39.559
2026-05-20T13:30:00Z,239.0291,38.5193
2026-05-20T13:40:00Z,241.6806,37.45
2026-05-20T13:50:00Z,244.2765,36.3539
2026-05-20T14:00:00Z,246.8198,35.2339
2026-05-20T14:10:00Z,249.3137,34.0926
2026-05-20T14:20:00Z,251.7611,32.9326
2026-05-20T14:30:00Z,254.1653,31.7563
2026-05-20T14:40:00Z,256.5294,30.5661
2026-05-20T14:50:00Z,258.8564,29.3643
2026-05-20T15:00:00Z,261.1494,28.1529
2026-05-20T15:10:00Z,263.4114,26.9341
2026-05-20T15:20:00Z,265.6451,25.71
2026-05-20T15:30:00Z,267.8535,24.4823
2026-05-20T15:40:00Z,270.0392,23.2531
2026-05-20T15:50:00Z,272.2048,22.0241
2026-05-20T16:00:00Z,274.3528,20.7971
2026-05-20T16:10:00Z,276.4858,19.5739
2026-05-20T16:20:00Z,278.6059,18.3562
2026-05-20T16:30:00Z,280.7155,17.1457
2026-05-20T16:40:00Z,282.8167,15.9442
2026-05-20T16:50:00Z,284.9116,14.7532
2026-05-20T17:00:00Z,287.002,13.5745
2026-05-20T17:10:00Z,289.09,12.4097
2026-05-20T17:20:00Z,291.1772,11.2608
2026-05-20T17:30:00Z,293.2654,10.1294
2026-05-20T17:40:00Z,295.3562,9.0175
2026-05-20T17:50:00Z,297.4511,7.9271
2026-05-20T18:00:00Z,299.5515,6.8603
2026-05-20T18:10:00Z,301.6587,5.8197
2026-05-20T18:20:00Z,303.7741,4.8078
2026-05-20T18:30:00Z,305.8987,3.8305
2026-05-20T18:40:00Z,308.0335,2.8906
2026-05-20T18:50:00Z,310.1795,1.9944
2026-05-20T19:00:00Z,312.3375,1.151
2026-05-20T19:10:00Z,314.5082,0.3709
2026-05-21T01:40:00Z,44.3111,0.027
2026-05-21T01:50:00Z,46.487,0.7736
2026-05-21T02:00:00Z,48.6497,1.5888
2026-05-21T02:10:00Z,50.8001,2.4618
2026-05-21T02:20:00Z,52.9388,3.3825
2026-05-21T02:30:00Z,55.0667,4.3433
2026-05-21T02:40:00Z,57.1847,5.3402
2026-05-21T02:50:00Z,59.2941,6.3683
2026-05-21T03:00:00Z,61.3959,7.4238
2026-05-21T03:10:00Z,63.4914,8.5042
2026-05-21T03:20:00Z,65.582,9.6072
2026-05-21T03:30:00Z,67.6692,10.7307
2026-05-21T03:40:00Z,69.7545,11.8728
2026-05-21T03:50:00Z,71.8396,13.0315
2026-05-21T04:00:00Z,73.9263,14.2052
2026-05-21T04:10:00Z,76.0163,15.3921
2026-05-21T04:20:00Z,78.1116,16.5905
2026-05-21T04:30:00Z,80.2142,17.7986
2026-05-21T04:40:00Z,82.3261,19.015
2026-05-21T04:50:00Z,84.4497,20.2377
2026-05-21T05:00:00Z,86.5872,21.4652
2026-05-21T05:10:00Z,88.7409,22.6957
2026-05-21T05:20:00Z,90.9133,23.9275
2026-05-21T05:30:00Z,93.107,25.1587
2026-05-21T05:40:00Z,95.3248,26.3875
2026-05-21T05:50:00Z,97.5692,27.612
2026-05-21T06:00:00Z,99.8432,28.8302
2026-05-21T06:10:00Z,102.1498,30.0402
2026-05-21T06:20:00Z,104.4919,31.2397
2026-05-21T06:30:00Z,106.8725,32.4266
2026-05-21T06:40:00Z,109.2949,33.5985
2026-05-21T06:50:00Z,111.7622,34.7532
2026-05-21T07:00:00Z,114.2775,35.8881
2026-05-21T07:10:00Z,116.844,37.0005
2026-05-21T07:20:00Z,119.4648,38.0879
2026-05-21T07:30:00Z,122.1427,39.1472
2026-05-21T07:40:00Z,124.8807,40.1756
2026-05-21T07:50:00Z,127.6812,41.17
2026-05-21T08:00:00Z,130.5465,42.1272
2026-05-21T08:10:00Z,133.4785,43.0439
2026-05-21T08:20:00Z,136.4785,43.9168
2026-05-21T08:30:00Z,139.5472,44.7423
2026-05-21T08:40:00Z,142.6849,45.5171
2026-05-21T08:50:00Z,145.8907,46.2377
2026-05-21T09:00:00Z,149.163,46.9006
2026-05-21T09:10:00Z,152.4992,47.5025
2026-05-21T09:20:00Z,155.8958,48.0402
2026-05-21T09:30:00Z,159.348,48.5107
2026-05-21T09:40:00Z,162.8499,48.9113
2026-05-21T09:50:00Z,166.3948,49.2394
2026-05-21T10:00:00Z,169.975,49.4931
2026-05-21T10:10:00Z,173.5817,49.6707
2026-05-21T10:20:00Z,177.2058,49.7711
2026-05-21T10:30:00Z,180.8377,49.7935
2026-05-21T10:40:00Z,184.4674,49.7379
2026-05-21T10:50:00Z,188.0852,49.6046
2026-05-21T11:00:00Z,191.6815,49.3945
2026-05-21T11:10:00Z,195.2475,49.1089
2026-05-21T11:20:00Z,198.7748,48.7498
2026-05-21T11:30:00Z,202.256,48.3193
2026-05-21T11:40:00Z,205.6848,47.8201
2026-05-21T11:50:00Z,209.0559,47.2549
2026-05-21T12:00:00Z,212.3649,46.627
2026-05-21T12:10:00Z,215.6088,45.9395
2026-05-21T12:20:00Z,218.7854,45.1959
2026-05-21T12:30:00Z,221.8935,44.3997
2026-05-21T12:40:00Z,224.9326,43.5542
2026-05-21T12:50:00Z,227.9033,42.663
2026-05-21T13:00:00Z,230.8064,41.7295
2026-05-21T13:10:00Z,233.6437,40.757
2026-05-21T13:20:00Z,236.4171,39.7487
2026-05-21T13:30:00Z,239.1291,38.7078
2026-05-21T13:40:00Z,241.7823,37.6374
2026-05-21T13:50:00Z,244.3796,36.5402
2026-05-21T14:00:00Z,246.9239,35.4193
2026-05-21T14:10:00Z,249.4185,34.2771
2026-05-21T14:20:00Z,251.8664,33.1163
2026-05-21T14:30:00Z,254.2708,31.9393
2026-05-21T14:40:00Z,256.6349,30.7485
2026-05-21T14:50:00Z,258.9617,29.5461
2026-05-21T15:00:00Z,261.2543,28.3343
2026-05-21T15:10:00Z,263.5157,27.1152
2026-05-21T15:20:00Z,265.7488,25.8908
2026-05-21T15:30:00Z,267.9563,24.663
2026-05-21T15:40:00Z,270.1411,23.4336
2026-05-21T15:50:00Z,272.3057,22.2046
2026-05-21T16:00:00Z,274.4526,20.9777
2026-05-21T16:10:00Z,276.5843,19.7546
2026-05-21T16:20:00Z,278.7031,18.5371
2026-05-21T16:30:00Z,280.8113,17.3269
2026-05-21T16:40:00Z,282.911,16.1257
2026-05-21T16:50:00Z,285.0042,14.935
2026-05-21T17:00:00Z,287.093,13.7567
2026-05-21T17:10:00Z,289.1792,12.5924
2026-05-21T17:20:00Z,291.2646,11.4439
2026-05-21T17:30:00Z,293.3509,10.3129
2026-05-21T17:40:00Z,295.4397,9.2013
2026-05-21T17:50:00Z,297.5325,8.1112
2026-05-21T18:00:00Z,299.6307,7.0447
2026-05-21T18:10:00Z,301.7357,6.0041
2026-05-21T18:20:00Z,303.8487,4.9917
2026-05-21T18:30:00Z,305.9708,4.0133
2026-05-21T18:40:00Z,308.103,3.0717
2026-05-21T18:50:00Z,310.2464,2.1725
2026-05-21T19:00:00Z,312.4016,1.3239
2026-05-21T19:10:00Z,314.5694,0.5361
2026-05-22T01:40:00Z,44.2223,0.1766
2026-05-22T01:50:00Z,46.3955,0.9312
2026-05-22T02:00:00Z,48.5557,1.7518
2026-05-22T02:10:00Z,50.7035,2.6279
2026-05-22T02:20:00Z,52.8398,3.5502
2026-05-22T02:30:00Z,54.9653,4.5117
2026-05-22T02:40:00Z,57.0811,5.509
2026-05-22T02:50:00Z,59.1883,6.5367
2026-05-22T03:00:00Z,61.288,7.5917
2026-05-22T03:10:00Z,63.3815,8.6715
2026-05-22T03:20:00Z,65.4702,9.7738
2026-05-22T03:30:00Z,67.5555,10.8965
2026-05-22T03:40:00Z,69.639,12.0379
2026-05-22T03:50:00Z,71.7224,13.1959
2026-05-22T04:00:00Z,73.8074,14.3689
2026-05-22T04:10:00Z,75.8958,15.5552
2026-05-22T04:20:00Z,77.9895,16.753
2026-05-22T04:30:00Z,80.0905,17.9607
2026-05-22T04:40:00Z,82.201,19.1766
2026-05-22T04:50:00Z,84.3232,20.3991
2026-05-22T05:00:00Z,86.4593,21.6264
2026-05-22T05:10:00Z,88.6117,22.8568
2026-05-22T05:20:00Z,90.7829,24.0885
2026-05-22T05:30:00Z,92.9755,25.3198
2026-05-22T05:40:00Z,95.1922,26.5488
2026-05-22T05:50:00Z,97.4357,27.7736
2026-05-22T06:00:00Z,99.7089,28.9922
2026-05-22T06:10:00Z,102.0147,30.2026
2026-05-22T06:20:00Z,104.3562,31.4028
2026-05-22T06:30:00Z,106.7364,32.5904
2026-05-22T06:40:00Z,109.1586,33.7633
2026-05-22T06:50:00Z,111.6258,34.9189
2026-05-22T07:00:00Z,114.1413,36.0549
2026-05-22T07:10:00Z,116.7082,37.1686
2026-05-22T07:20:00Z,119.3297,38.2573
2026-05-22T07:30:00Z,122.0088,39.3181
2026-05-22T07:40:00Z,124.7482,40.348
2026-05-22T07:50:00Z,127.5506,41.344
2026-05-22T08:00:00Z,130.4182,42.3029
2026-05-22T08:10:00Z,133.353,43.2214
2026-05-22T08:20:00Z,136.3564,44.0961
2026-05-22T08:30:00Z,139.4291,44.9235
2026-05-22T08:40:00Z,142.5713,45.7002
2026-05-22T08:50:00Z,145.7823,46.4227
2026-05-22T09:00:00Z,149.0605,47.0874
2026-05-22T09:10:00Z,152.4033,47.6912
2026-05-22T09:20:00Z,155.807,48.2306
2026-05-22T09:30:00Z,159.267,48.7028
2026-05-22T09:40:00Z,162.7774,49.1049
2026-05-22T09:50:00Z,166.3313,49.4344
2026-05-22T10:00:00Z,169.9208,49.6893
2026-05-22T10:10:00Z,173.5374,49.8679
2026-05-22T10:20:00Z,177.1716,49.9691
2026-05-22T10:30:00Z,180.8137,49.9921
2026-05-22T10:40:00Z,184.4537,49.9368
2026-05-22T10:50:00Z,188.0816,49.8037
2026-05-22T11:00:00Z,191.688,49.5935
2026-05-22T11:10:00Z,195.2637,49.3077
2026-05-22T11:20:00Z,198.8003,48.9481
2026-05-22T11:30:00Z,202.2903,48.5169
2026-05-22T11:40:00Z,205.7275,48.0169
2026-05-22T11:50:00Z,209.1062,47.4508
2026-05-22T12:00:00Z,212.4224,46.8219
2026-05-22T12:10:00Z,215.6728,46.1333
2026-05-22T12:20:00Z,218.8553,45.3885
2026-05-22T12:30:00Z,221.9685,44.591
2026-05-22T12:40:00Z,225.0123,43.7443
2026-05-22T12:50:00Z,227.987,42.8519
2026-05-22T13:00:00Z,230.8937,41.9171
2026-05-22T13:10:00Z,233.734,40.9434
2026-05-22T13:20:00Z,236.5099,39.934
2026-05-22T13:30:00Z,239.224,38.892
2026-05-22T13:40:00Z,241.8789,37.8205
2026-05-22T13:50:00Z,244.4775,36.7224
2026-05-22T14:00:00Z,247.0229,35.6005
2026-05-22T14:10:00Z,249.5182,34.4575
2026-05-22T14:20:00Z,251.9665,33.2959
2026-05-22T14:30:00Z,254.3712,32.1183
2026-05-22T14:40:00Z,256.7353,30.9269
2026-05-22T14:50:00Z,259.0619,29.724
2026-05-22T15:00:00Z,261.3542,28.5118
2026-05-22T15:10:00Z,263.615,27.2924
2026-05-22T15:20:00Z,265.8475,26.0677
2026-05-22T15:30:00Z,268.0542,24.8397
2026-05-22T15:40:00Z,270.2381,23.6103
2026-05-22T15:50:00Z,272.4017,22.3812
2026-05-22T16:00:00Z,274.5475,21.1544
2026-05-22T16:10:00Z,276.678,19.9315
2026-05-22T16:20:00Z,278.7955,18.7142
2026-05-22T16:30:00Z,280.9023,17.5042
2026-05-22T16:40:00Z,283.0005,16.3032
2026-05-22T16:50:00Z,285.0922,15.1129
2026-05-22T17:00:00Z,287.1794,13.9349
2026-05-22T17:10:00Z,289.2639,12.771
2026-05-22T17:20:00Z,291.3475,11.6229
2026-05-22T17:30:00Z,293.4319,10.4923
2026-05-22T17:40:00Z,295.5187,9.3812
2026-05-22T17:50:00Z,297.6095,8.2913
2026-05-22T18:00:00Z,299.7055,7.225
2026-05-22T18:10:00Z,301.8083,6.1844
2026-05-22T18:20:00Z,303.919,5.1721
2026-05-22T18:30:00Z,306.0386,4.1922
2026-05-22T18:40:00Z,308.1684,3.2492
2026-05-22T18:50:00Z,310.3091,2.3472
2026-05-22T19:00:00Z,312.4616,1.4941
2026-05-22T19:10:00Z,314.6266,0.6994
2026-05-23T01:40:00Z,44.1339,0.3231
2026-05-23T01:50:00Z,46.3044,1.0848
2026-05-23T02:00:00Z,48.462,1.91
2026-05-23T02:10:00Z,50.6074,2.7889
2026-05-23T02:20:00Z,52.7413,3.7125
2026-05-23T02:30:00Z,54.8646,4.6744
2026-05-23T02:40:00Z,56.9783,5.6719
2026-05-23T02:50:00Z,59.0833,6.6992
2026-05-23T03:00:00Z,61.181,7.7536
2026-05-23T03:10:00Z,63.2726,8.8327
2026-05-23T03:20:00Z,65.3593,9.9343
2026-05-23T03:30:00Z,67.4428,11.0563
2026-05-23T03:40:00Z,69.5246,12.1969
2026-05-23T03:50:00Z,71.6063,13.3542
2026-05-23T04:00:00Z,73.6896,14.5266
2026-05-23T04:10:00Z,75.7763,15.7122
2026-05-23T04:20:00Z,77.8685,16.9095
2026-05-23T04:30:00Z,79.968,18.1167
2026-05-23T04:40:00Z,82.0771,19.3322
2026-05-23T04:50:00Z,84.1979,20.5544
2026-05-23T05:00:00Z,86.3326,21.7814
2026-05-23T05:10:00Z,88.4837,23.0117
2026-05-23T05:20:00Z,90.6537,24.2434
2026-05-23T05:30:00Z,92.8452,25.4747
2026-05-23T05:40:00Z,95.0608,26.7039
2026-05-23T05:50:00Z,97.3033,27.929
2026-05-23T06:00:00Z,99.5756,29.148
2026-05-23T06:10:00Z,101.8806,30.3589
2026-05-23T06:20:00Z,104.2215,31.5597
2026-05-23T06:30:00Z,106.6012,32.7481
2026-05-23T06:40:00Z,109.0231,33.9218
2026-05-23T06:50:00Z,111.4902,35.0784
2026-05-23T07:00:00Z,114.0058,36.2155
2026-05-23T07:10:00Z,116.5731,37.3304
2026-05-23T07:20:00Z,119.1952,38.4204
2026-05-23T07:30:00Z,121.8752,39.4826
2026-05-23T07:40:00Z,124.616,40.5141
2026-05-23T07:50:00Z,127.4201,41.5118
2026-05-23T08:00:00Z,130.2899,42.4724
2026-05-23T08:10:00Z,133.2274,43.3926
2026-05-23T08:20:00Z,136.2339,44.2691
2026-05-23T08:30:00Z,139.3104,45.0985
2026-05-23T08:40:00Z,142.457,45.877
2026-05-23T08:50:00Z,145.6729,46.6014
2026-05-23T09:00:00Z,148.9567,47.2681
2026-05-23T09:10:00Z,152.3058,47.8737
2026-05-23T09:20:00Z,155.7165,48.4149
2026-05-23T09:30:00Z,159.1841,48.8887
2026-05-23T09:40:00Z,162.7026,49.2924
2026-05-23T09:50:00Z,166.2652,49.6233
2026-05-23T10:00:00Z,169.864,49.8795
2026-05-23T10:10:00Z,173.4901,50.0592
2026-05-23T10:20:00Z,177.1342,50.1612
2026-05-23T10:30:00Z,180.7863,50.1849
2026-05-23T10:40:00Z,184.4363,50.13
2026-05-23T10:50:00Z,188.0743,49.9971
2026-05-23T11:00:00Z,191.6905,49.7869
2026-05-23T11:10:00Z,195.2757,49.5009
2026-05-23T11:20:00Z,198.8214,49.1409
2026-05-23T11:30:00Z,202.3202,48.7092
2026-05-23T11:40:00Z,205.7655,48.2085
2026-05-23T11:50:00Z,209.1519,47.6416
2026-05-23T12:00:00Z,212.4751,47.0117
2026-05-23T12:10:00Z,215.7319,46.3221
2026-05-23T12:20:00Z,218.9201,45.5762
2026-05-23T12:30:00Z,222.0386,44.7776
2026-05-23T12:40:00Z,225.0869,43.9297
2026-05-23T12:50:00Z,228.0656,43.0361
2026-05-23T13:00:00Z,230.9758,42.1002
2026-05-23T13:10:00Z,233.819,41.1253
2026-05-23T13:20:00Z,236.5975,40.1148
2026-05-23T13:30:00Z,239.3137,39.0717
2026-05-23T13:40:00Z,241.9703,37.9992
2026-05-23T13:50:00Z,244.5703,36.9002
2026-05-23T14:00:00Z,247.1167,35.7775
2026-05-23T14:10:00Z,249.6127,34.6337
2026-05-23T14:20:00Z,252.0615,33.4714
2026-05-23T14:30:00Z,254.4664,32.2931
2026-05-23T14:40:00Z,256.8305,31.1012
2026-05-23T14:50:00Z,259.157,29.8979
2026-05-23T15:00:00Z,261.449,28.6853
2026-05-23T15:10:00Z,263.7094,27.4655
2026-05-23T15:20:00Z,265.9412,26.2406
2026-05-23T15:30:00Z,268.1472,25.0125
2026-05-23T15:40:00Z,270.3302,23.783
2026-05-23T15:50:00Z,272.4927,22.5539
2026-05-23T16:00:00Z,274.6375,21.3271
2026-05-23T16:10:00Z,276.7668,20.1043
2026-05-23T16:20:00Z,278.8831,18.8872
2026-05-23T16:30:00Z,280.9885,17.6774
2026-05-23T16:40:00Z,283.0853,16.4767
2026-05-23T16:50:00Z,285.1755,15.2867
2026-05-23T17:00:00Z,287.2611,14.1091
2026-05-23T17:10:00Z,289.3439,12.9456
2026-05-23T17:20:00Z,291.4257,11.7979
2026-05-23T17:30:00Z,293.5083,10.6677
2026-05-23T17:40:00Z,295.5932,9.5568
2026-05-23T17:50:00Z,297.682,8.4673
2026-05-23T18:00:00Z,299.776,7.4011
2026-05-23T18:10:00Z,301.8765,6.3605
2026-05-23T18:20:00Z,303.9849,5.348
2026-05-23T18:30:00Z,306.1022,4.3672
2026-05-23T18:40:00Z,308.2295,3.4228
2026-05-23T18:50:00Z,310.3677,2.5185
2026-05-23T19:00:00Z,312.5175,1.6613
2026-05-23T19:10:00Z,314.6797,0.8604
2026-05-23T19:20:00Z,316.8549,0.1255
2026-05-24T01:40:00Z,44.0457,0.4663
2026-05-24T01:50:00Z,46.2137,1.2342
2026-05-24T02:00:00Z,48.3689,2.0634
2026-05-24T02:10:00Z,50.5119,2.9445
2026-05-24T02:20:00Z,52.6435,3.8691
2026-05-24T02:30:00Z,54.7646,4.8314
2026-05-24T02:40:00Z,56.8762,5.8289
2026-05-24T02:50:00Z,58.9792,6.8558
2026-05-24T03:00:00Z,61.0749,7.9096
2026-05-24T03:10:00Z,63.1646,8.9879
2026-05-24T03:20:00Z,65.2495,10.0888
2026-05-24T03:30:00Z,67.3312,11.21
2026-05-24T03:40:00Z,69.4112,12.3498
2026-05-24T03:50:00Z,71.4912,13.5065
2026-05-24T04:00:00Z,73.5729,14.6781
2026-05-24T04:10:00Z,75.6581,15.8632
2026-05-24T04:20:00Z,77.7487,17.0599
2026-05-24T04:30:00Z,79.8468,18.2666
2026-05-24T04:40:00Z,81.9544,19.4817
2026-05-24T04:50:00Z,84.0738,20.7036
2026-05-24T05:00:00Z,86.2072,21.9304
2026-05-24T05:10:00Z,88.357,23.1605
2026-05-24T05:20:00Z,90.5258,24.3921
2026-05-24T05:30:00Z,92.7161,25.6236
2026-05-24T05:40:00Z,94.9306,26.8529
2026-05-24T05:50:00Z,97.1721,28.0782
2026-05-24T06:00:00Z,99.4435,29.2976
2026-05-24T06:10:00Z,101.7478,30.5091
2026-05-24T06:20:00Z,104.0879,31.7105
2026-05-24T06:30:00Z,106.4671,32.8996
2026-05-24T06:40:00Z,108.8886,34.0741
2026-05-24T06:50:00Z,111.3555,35.2317
2026-05-24T07:00:00Z,113.8712,36.3699
2026-05-24T07:10:00Z,116.4387,37.486
2026-05-24T07:20:00Z,119.0614,38.5773
2026-05-24T07:30:00Z,121.7423,39.6409
2026-05-24T07:40:00Z,124.4842,40.6739
2026-05-24T07:50:00Z,127.2899,41.6732
2026-05-24T08:00:00Z,130.1617,42.6355
2026-05-24T08:10:00Z,133.1017,43.5575
2026-05-24T08:20:00Z,136.1112,44.4359
2026-05-24T08:30:00Z,139.1913,45.2671
2026-05-24T08:40:00Z,142.342,46.0476
2026-05-24T08:50:00Z,145.5627,46.7738
2026-05-24T09:00:00Z,148.8519,47.4424
2026-05-24T09:10:00Z,152.2071,48.0499
2026-05-24T09:20:00Z,155.6245,48.5929
2026-05-24T09:30:00Z,159.0993,49.0685
2026-05-24T09:40:00Z,162.6258,49.4737
2026-05-24T09:50:00Z,166.1969,49.8061
2026-05-24T10:00:00Z,169.8046,50.0636
2026-05-24T10:10:00Z,173.44,50.2444
2026-05-24T10:20:00Z,177.0936,50.3473
2026-05-24T10:30:00Z,180.7555,50.3717
2026-05-24T10:40:00Z,184.4154,50.3174
2026-05-24T10:50:00Z,188.0632,50.1848
2026-05-24T11:00:00Z,191.689,49.9747
2026-05-24T11:10:00Z,195.2836,49.6886
2026-05-24T11:20:00Z,198.8383,49.3283
2026-05-24T11:30:00Z,202.3457,48.8961
2026-05-24T11:40:00Z,205.799,48.3948
2026-05-24T11:50:00Z,209.1929,47.8271
2026-05-24T12:00:00Z,212.523,47.1963
2026-05-24T12:10:00Z,215.7861,46.5058
2026-05-24T12:20:00Z,218.98,45.7589
2026-05-24T12:30:00Z,222.1035,44.9592
2026-05-24T12:40:00Z,225.1564,44.1103
2026-05-24T12:50:00Z,228.1391,43.2156
2026-05-24T13:00:00Z,231.0527,42.2786
2026-05-24T13:10:00Z,233.8989,41.3026
2026-05-24T13:20:00Z,236.6799,40.2911
2026-05-24T13:30:00Z,239.3982,39.2471
2026-05-24T13:40:00Z,242.0565,38.1736
2026-05-24T13:50:00Z,244.6578,37.0737
2026-05-24T14:00:00Z,247.2052,35.9502
2026-05-24T14:10:00Z,249.702,34.8056
2026-05-24T14:20:00Z,252.1514,33.6427
2026-05-24T14:30:00Z,254.5565,32.4638
2026-05-24T14:40:00Z,256.9207,31.2714
2026-05-24T14:50:00Z,259.247,30.0676
2026-05-24T15:00:00Z,261.5387,28.8546
2026-05-24T15:10:00Z,263.7986,27.6346
2026-05-24T15:20:00Z,266.0298,26.4095
2026-05-24T15:30:00Z,268.2351,25.1812
2026-05-24T15:40:00Z,270.4173,23.9516
2026-05-24T15:50:00Z,272.5789,22.7225
2026-05-24T16:00:00Z,274.7226,21.4958
2026-05-24T16:10:00Z,276.8508,20.2731
2026-05-24T16:20:00Z,278.9658,19.0561
2026-05-24T16:30:00Z,281.07,17.8466
2026-05-24T16:40:00Z,283.1654,16.6462
2026-05-24T16:50:00Z,285.2541,15.4565
2026-05-24T17:00:00Z,287.3381,14.2792
2026-05-24T17:10:00Z,289.4193,13.116
2026-05-24T17:20:00Z,291.4994,11.9687
2026-05-24T17:30:00Z,293.5802,10.8388
2026-05-24T17:40:00Z,295.6632,9.7283
2026-05-24T17:50:00Z,297.75,8.639
2026-05-24T18:00:00Z,299.842,7.573
2026-05-24T18:10:00Z,301.9404,6.5325
2026-05-24T18:20:00Z,304.0466,5.5198
2026-05-24T18:30:00Z,306.1616,4.5381
2026-05-24T18:40:00Z,308.2865,3.5925
2026-05-24T18:50:00Z,310.4221,2.6861
2026-05-24T19:00:00Z,312.5693,1.8253
2026-05-24T19:10:00Z,314.7289,1.0188
2026-05-24T19:20:00Z,316.9013,0.2759
2026-05-25T01:40:00Z,43.958,0.6057
2026-05-25T01:50:00Z,46.1235,1.379
2026-05-25T02:00:00Z,48.2763,2.2118
2026-05-25T02:10:00Z,50.417,3.0947
2026-05-25T02:20:00Z,52.5465,4.02
2026-05-25T02:30:00Z,54.6655,4.9827
2026-05-25T02:40:00Z,56.775,5.98
2026-05-25T02:50:00Z,58.876,7.0063
2026-05-25T03:00:00Z,60.9698,8.0594
2026-05-25T03:10:00Z,63.0576,9.1371
2026-05-25T03:20:00Z,65.1407,10.2371
2026-05-25T03:30:00Z,67.2207,11.3576
2026-05-25T03:40:00Z,69.2991,12.4967
2026-05-25T03:50:00Z,71.3774,13.6526
2026-05-25T04:00:00Z,73.4575,14.8236
2026-05-25T04:10:00Z,75.5411,16.008
2026-05-25T04:20:00Z,77.6303,17.2041
2026-05-25T04:30:00Z,79.7269,18.4104
2026-05-25T04:40:00Z,81.8331,19.6251
2026-05-25T04:50:00Z,83.9511,20.8466
2026-05-25T05:00:00Z,86.0832,22.0732
2026-05-25T05:10:00Z,88.2317,23.3031
2026-05-25T05:20:00Z,90.3993,24.5347
2026-05-25T05:30:00Z,92.5884,25.7662
2026-05-25T05:40:00Z,94.8018,26.9957
2026-05-25T05:50:00Z,97.0423,28.2213
2026-05-25T06:00:00Z,99.3127,29.4411
2026-05-25T06:10:00Z,101.6162,30.653
2026-05-25T06:20:00Z,103.9556,31.855
2026-05-25T06:30:00Z,106.3342,33.0448
2026-05-25T06:40:00Z,108.7553,34.2202
2026-05-25T06:50:00Z,111.2219,35.3787
2026-05-25T07:00:00Z,113.7375,36.518
2026-05-25T07:10:00Z,116.3052,37.6352
2026-05-25T07:20:00Z,118.9283,38.7278
2026-05-25T07:30:00Z,121.6099,39.7929
2026-05-25T07:40:00Z,124.3529,40.8274
2026-05-25T07:50:00Z,127.1601,41.8282
2026-05-25T08:00:00Z,130.0338,42.7922
2026-05-25T08:10:00Z,132.976,43.716
2026-05-25T08:20:00Z,135.9884,44.5962
2026-05-25T08:30:00Z,139.0718,45.4293
2026-05-25T08:40:00Z,142.2265,46.2117
2026-05-25T08:50:00Z,145.4517,46.9399
2026-05-25T09:00:00Z,148.7461,47.6104
2026-05-25T09:10:00Z,152.1071,48.2197
2026-05-25T09:20:00Z,155.5309,48.7646
2026-05-25T09:30:00Z,159.0129,49.2419
2026-05-25T09:40:00Z,162.547,49.6488
2026-05-25T09:50:00Z,166.1263,49.9827
2026-05-25T10:00:00Z,169.7426,50.2415
2026-05-25T10:10:00Z,173.3871,50.4235
2026-05-25T10:20:00Z,177.0501,50.5274
2026-05-25T10:30:00Z,180.7215,50.5526
2026-05-25T10:40:00Z,184.391,50.4989
2026-05-25T10:50:00Z,188.0484,50.3666
2026-05-25T11:00:00Z,191.6836,50.1567
2026-05-25T11:10:00Z,195.2873,49.8706
2026-05-25T11:20:00Z,198.8509,49.5101
2026-05-25T11:30:00Z,202.3666,49.0776
2026-05-25T11:40:00Z,205.8279,48.5757
2026-05-25T11:50:00Z,209.2291,48.0074
2026-05-25T12:00:00Z,212.566,47.3758
2026-05-25T12:10:00Z,215.8353,46.6844
2026-05-25T12:20:00Z,219.0348,45.9366
2026-05-25T12:30:00Z,222.1634,45.136
2026-05-25T12:40:00Z,225.2207,44.286
2026-05-25T12:50:00Z,228.2073,43.3903
2026-05-25T13:00:00Z,231.1244,42.4523
2026-05-25T13:10:00Z,233.9735,41.4753
2026-05-25T13:20:00Z,236.757,40.4628
2026-05-25T13:30:00Z,239.4774,39.4178
2026-05-25T13:40:00Z,242.1374,38.3435
2026-05-25T13:50:00Z,244.74,37.2428
2026-05-25T14:00:00Z,247.2885,36.1185
2026-05-25T14:10:00Z,249.7861,34.9733
2026-05-25T14:20:00Z,252.2359,33.8097
2026-05-25T14:30:00Z,254.6414,32.6303
2026-05-25T14:40:00Z,257.0056,31.4373
2026-05-25T14:50:00Z,259.3319,30.2331
2026-05-25T15:00:00Z,261.6232,29.0198
2026-05-25T15:10:00Z,263.8828,27.7995
2026-05-25T15:20:00Z,266.1134,26.5742
2026-05-25T15:30:00Z,268.318,25.3457
2026-05-25T15:40:00Z,270.4994,24.1161
2026-05-25T15:50:00Z,272.6601,22.887
2026-05-25T16:00:00Z,274.8028,21.6603
2026-05-25T16:10:00Z,276.9299,20.4377
2026-05-25T16:20:00Z,279.0437,19.2209
2026-05-25T16:30:00Z,281.1466,18.0116
2026-05-25T16:40:00Z,283.2406,16.8114
2026-05-25T16:50:00Z,285.3279,15.622
2026-05-25T17:00:00Z,287.4104,14.4451
2026-05-25T17:10:00Z,289.49,13.2822
2026-05-25T17:20:00Z,291.5685,12.1352
2026-05-25T17:30:00Z,293.6475,11.0057
2026-05-25T17:40:00Z,295.7287,9.8955
2026-05-25T17:50:00Z,297.8136,8.8064
2026-05-25T18:00:00Z,299.9036,7.7406
2026-05-25T18:10:00Z,301.9999,6.7001
2026-05-25T18:20:00Z,304.1039,5.6872
2026-05-25T18:30:00Z,306.2167,4.7048
2026-05-25T18:40:00Z,308.3392,3.7581
2026-05-25T18:50:00Z,310.4724,2.8498
2026-05-25T19:00:00Z,312.6171,1.9859
2026-05-25T19:10:00Z,314.774,1.1743
2026-05-25T19:20:00Z,316.9437,0.4242
2026-05-26T01:30:00Z,41.6945,0.0297
2026-05-26T01:40:00Z,43.8707,0.741
2026-05-26T01:50:00Z,46.0338,1.5192
2026-05-26T02:00:00Z,48.1843,2.3549
2026-05-26T02:10:00Z,50.3229,3.2393
2026-05-26T02:20:00Z,52.4502,4.1652
2026-05-26T02:30:00Z,54.5671,5.128
2026-05-26T02:40:00Z,56.6747,6.125
2026-05-26T02:50:00Z,58.7738,7.1508
2026-05-26T03:00:00Z,60.8657,8.2032
2026-05-26T03:10:00Z,62.9517,9.2801
2026-05-26T03:20:00Z,65.0332,10.3794
2026-05-26T03:30:00Z,67.1114,11.4991
2026-05-26T03:40:00Z,69.1881,12.6374
2026-05-26T03:50:00Z,71.2649,13.7926
2026-05-26T04:00:00Z,73.3434,14.9629
2026-05-26T04:10:00Z,75.4256,16.1466
2026-05-26T04:20:00Z,77.5132,17.3422
2026-05-26T04:30:00Z,79.6084,18.548
2026-05-26T04:40:00Z,81.7132,19.7623
2026-05-26T04:50:00Z,83.8298,20.9835
2026-05-26T05:00:00Z,85.9606,22.2098
2026-05-26T05:10:00Z,88.1079,23.4396
2026-05-26T05:20:00Z,90.2742,24.6712
2026-05-26T05:30:00Z,92.4622,25.9027
2026-05-26T05:40:00Z,94.6745,27.1323
2026-05-26T05:50:00Z,96.9139,28.3582
2026-05-26T06:00:00Z,99.1834,29.5783
2026-05-26T06:10:00Z,101.4859,30.7907
2026-05-26T06:20:00Z,103.8246,31.9933
2026-05-26T06:30:00Z,106.2026,33.1838
2026-05-26T06:40:00Z,108.6231,34.36
2026-05-26T06:50:00Z,111.0895,35.5195
2026-05-26T07:00:00Z,113.6049,36.6597
2026-05-26T07:10:00Z,116.1727,37.7782
2026-05-26T07:20:00Z,118.7962,38.872
2026-05-26T07:30:00Z,121.4784,39.9385
2026-05-26T07:40:00Z,124.2224,40.9745
2026-05-26T07:50:00Z,127.0308,41.9769
2026-05-26T08:00:00Z,129.9062,42.9426
2026-05-26T08:10:00Z,132.8506,43.8682
2026-05-26T08:20:00Z,135.8656,44.7502
2026-05-26T08:30:00Z,138.9522,45.5851
2026-05-26T08:40:00Z,142.1105,46.3694
2026-05-26T08:50:00Z,145.3401,47.0996
2026-05-26T09:00:00Z,148.6395,47.772
2026-05-26T09:10:00Z,152.006,48.3832
2026-05-26T09:20:00Z,155.436,48.9299
2026-05-26T09:30:00Z,158.9247,49.409
2026-05-26T09:40:00Z,162.4662,49.8176
2026-05-26T09:50:00Z,166.0534,50.153
2026-05-26T10:00:00Z,169.6782,50.4132
2026-05-26T10:10:00Z,173.3314,50.5965
2026-05-26T10:20:00Z,177.0035,50.7015
2026-05-26T10:30:00Z,180.6842,50.7275
2026-05-26T10:40:00Z,184.3631,50.6745
2026-05-26T10:50:00Z,188.0298,50.5426
2026-05-26T11:00:00Z,191.6742,50.333
2026-05-26T11:10:00Z,195.2869,50.0469
2026-05-26T11:20:00Z,198.8591,49.6863
2026-05-26T11:30:00Z,202.3831,49.2535
2026-05-26T11:40:00Z,205.8521,48.7511
2026-05-26T11:50:00Z,209.2606,48.1823
2026-05-26T12:00:00Z,212.6041,47.55
2026-05-26T12:10:00Z,215.8795,46.8578
2026-05-26T12:20:00Z,219.0846,46.1092
2026-05-26T12:30:00Z,222.2181,45.3077
2026-05-26T12:40:00Z,225.2799,44.4568
2026-05-26T12:50:00Z,228.2704,43.5601
2026-05-26T13:00:00Z,231.1908,42.6212
2026-05-26T13:10:00Z,234.0429,41.6433
2026-05-26T13:20:00Z,236.8288,40.6299
2026-05-26T13:30:00Z,239.5512,39.5841
2026-05-26T13:40:00Z,242.2129,38.5089
2026-05-26T13:50:00Z,244.817,37.4074
2026-05-26T14:00:00Z,247.3666,36.2824
2026-05-26T14:10:00Z,249.8649,35.1365
2026-05-26T14:20:00Z,252.3153,33.9724
2026-05-26T14:30:00Z,254.721,32.7924
2026-05-26T14:40:00Z,257.0854,31.599
2026-05-26T14:50:00Z,259.4115,30.3944
2026-05-26T15:00:00Z,261.7027,29.1808
2026-05-26T15:10:00Z,263.9618,27.9602
2026-05-26T15:20:00Z,266.1919,26.7347
2026-05-26T15:30:00Z,268.3959,25.5061
2026-05-26T15:40:00Z,270.5765,24.2764
2026-05-26T15:50:00Z,272.7363,23.0473
2026-05-26T16:00:00Z,274.8781,21.8207
2026-05-26T16:10:00Z,277.0041,20.5982
2026-05-26T16:20:00Z,279.1168,19.3815
2026-05-26T16:30:00Z,281.2184,18.1724
2026-05-26T16:40:00Z,283.3112,16.9724
2026-05-26T16:50:00Z,285.3971,15.7833
2026-05-26T17:00:00Z,287.4781,14.6066
2026-05-26T17:10:00Z,289.5561,13.4441
2026-05-26T17:20:00Z,291.633,12.2974
2026-05-26T17:30:00Z,293.7103,11.1682
2026-05-26T17:40:00Z,295.7897,10.0582
2026-05-26T17:50:00Z,297.8727,8.9694
2026-05-26T18:00:00Z,299.9608,7.9038
2026-05-26T18:10:00Z,302.0551,6.8633
2026-05-26T18:20:00Z,304.157,5.8503
2026-05-26T18:30:00Z,306.2676,4.8672
2026-05-26T18:40:00Z,308.3878,3.9194
2026-05-26T18:50:00Z,310.5186,3.0095
2026-05-26T19:00:00Z,312.6609,2.1428
2026-05-26T19:10:00Z,314.8152,1.3267
2026-05-26T19:20:00Z,316.9822,0.57
2026-05-27T01:30:00Z,41.6101,0.1546
2026-05-27T01:40:00Z,43.7839,0.8721
2026-05-27T01:50:00Z,45.9448,1.6544
2026-05-27T02:00:00Z,48.0931,2.4926
2026-05-27T02:10:00Z,50.2295,3.3783
2026-05-27T02:20:00Z,52.3548,4.3045
2026-05-27T02:30:00Z,54.4698,5.268
2026-05-27T02:40:00Z,56.5754,6.2641
2026-05-27T02:50:00Z,58.6727,7.2892
2026-05-27T03:00:00Z,60.7628,8.3409
2026-05-27T03:10:00Z,62.8471,9.417
2026-05-27T03:20:00Z,64.9268,10.5155
2026-05-27T03:30:00Z,67.0035,11.6344
2026-05-27T03:40:00Z,69.0786,12.7719
2026-05-27T03:50:00Z,71.1538,13.9264
2026-05-27T04:00:00Z,73.2308,15.096
2026-05-27T04:10:00Z,75.3114,16.2791
2026-05-27T04:20:00Z,77.3976,17.4742
2026-05-27T04:30:00Z,79.4914,18.6794
2026-05-27T04:40:00Z,81.5948,19.8933
2026-05-27T04:50:00Z,83.7101,21.1141
2026-05-27T05:00:00Z,85.8396,22.3402
2026-05-27T05:10:00Z,87.9856,23.5699
2026-05-27T05:20:00Z,90.1507,24.8014
2026-05-27T05:30:00Z,92.3375,26.0329
2026-05-27T05:40:00Z,94.5487,27.2627
2026-05-27T05:50:00Z,96.7871,28.4888
2026-05-27T06:00:00Z,99.0556,29.7093
2026-05-27T06:10:00Z,101.3572,30.9221
2026-05-27T06:20:00Z,103.6951,32.1253
2026-05-27T06:30:00Z,106.0724,33.3165
2026-05-27T06:40:00Z,108.4924,34.4935
2026-05-27T06:50:00Z,110.9584,35.6539
2026-05-27T07:00:00Z,113.4736,36.7952
2026-05-27T07:10:00Z,116.0414,37.9148
2026-05-27T07:20:00Z,118.6651,39.0099
2026-05-27T07:30:00Z,121.3478,40.0777
2026-05-27T07:40:00Z,124.0926,41.1151
2026-05-27T07:50:00Z,126.9022,42.1192
2026-05-27T08:00:00Z,129.7791,43.0865
2026-05-27T08:10:00Z,132.7255,44.0138
2026-05-27T08:20:00Z,135.743,44.8977
2026-05-27T08:30:00Z,138.8325,45.7345
2026-05-27T08:40:00Z,141.9944,46.5207
2026-05-27T08:50:00Z,145.2281,47.2528
2026-05-27T09:00:00Z,148.5321,47.9272
2026-05-27T09:10:00Z,151.9039,48.5403
2026-05-27T09:20:00Z,155.3398,49.0889
2026-05-27T09:30:00Z,158.8351,49.5697
2026-05-27T09:40:00Z,162.3837,49.98
2026-05-27T09:50:00Z,165.9785,50.317
2026-05-27T10:00:00Z,169.6114,50.5787
2026-05-27T10:10:00Z,173.2732,50.7632
2026-05-27T10:20:00Z,176.9541,50.8693
2026-05-27T10:30:00Z,180.6438,50.8963
2026-05-27T10:40:00Z,184.3318,50.844
2026-05-27T10:50:00Z,188.0076,50.7127
2026-05-27T11:00:00Z,191.661,50.5034
2026-05-27T11:10:00Z,195.2824,50.2174
2026-05-27T11:20:00Z,198.8631,49.8568
2026-05-27T11:30:00Z,202.3951,49.4238
2026-05-27T11:40:00Z,205.8717,48.9211
2026-05-27T11:50:00Z,209.2873,48.3517
2026-05-27T12:00:00Z,212.6374,47.7189
2026-05-27T12:10:00Z,215.9188,47.026
2026-05-27T12:20:00Z,219.1293,46.2766
2026-05-27T12:30:00Z,222.2677,45.4743
2026-05-27T12:40:00Z,225.3338,44.6226
2026-05-27T12:50:00Z,228.3282,43.725
2026-05-27T13:00:00Z,231.2519,42.7852
2026-05-27T13:10:00Z,234.1069,41.8065
2026-05-27T13:20:00Z,236.8953,40.7923
2026-05-27T13:30:00Z,239.6198,39.7456
2026-05-27T13:40:00Z,242.2832,38.6697
2026-05-27T13:50:00Z,244.8886,37.5675
2026-05-27T14:00:00Z,247.4392,36.4418
2026-05-27T14:10:00Z,249.9384,35.2953
2026-05-27T14:20:00Z,252.3893,34.1306
2026-05-27T14:30:00Z,254.7954,32.9502
2026-05-27T14:40:00Z,257.1599,31.7564
2026-05-27T14:50:00Z,259.486,30.5514
2026-05-27T15:00:00Z,261.7769,29.3375
2026-05-27T15:10:00Z,264.0357,28.1167
2026-05-27T15:20:00Z,266.2653,26.8909
2026-05-27T15:30:00Z,268.4687,25.6622
2026-05-27T15:40:00Z,270.6486,24.4325
2026-05-27T15:50:00Z,272.8076,23.2034
2026-05-27T16:00:00Z,274.9484,21.9768
2026-05-27T16:10:00Z,277.0734,20.7544
2026-05-27T16:20:00Z,279.185,19.5378
2026-05-27T16:30:00Z,281.2854,18.3289
2026-05-27T16:40:00Z,283.3769,17.1291
2026-05-27T16:50:00Z,285.4615,15.9403
2026-05-27T17:00:00Z,287.5411,14.7639
2026-05-27T17:10:00Z,289.6176,13.6016
2026-05-27T17:20:00Z,291.6929,12.4552
2026-05-27T17:30:00Z,293.7686,11.3262
2026-05-27T17:40:00Z,295.8463,10.2166
2026-05-27T17:50:00Z,297.9275,9.128
2026-05-27T18:00:00Z,300.0136,8.0624
2026-05-27T18:10:00Z,302.106,7.022
2026-05-27T18:20:00Z,304.2058,6.0088
2026-05-27T18:30:00Z,306.3142,5.0252
2026-05-27T18:40:00Z,308.4323,4.0764
2026-05-27T18:50:00Z,310.5608,3.1651
2026-05-27T19:00:00Z,312.7006,2.2958
2026-05-27T19:10:00Z,314.8525,1.4756
2026-05-27T19:20:00Z,317.0169,0.713
2026-05-27T19:30:00Z,319.1943,0.0167
2026-05-28T01:30:00Z,41.5262,0.2756
2026-05-28T01:40:00Z,43.6978,0.9986
2026-05-28T01:50:00Z,45.8564,1.7846
2026-05-28T02:00:00Z,48.0026,2.6249
2026-05-28T02:10:00Z,50.137,3.5114
2026-05-28T02:20:00Z,52.2603,4.438
2026-05-28T02:30:00Z,54.3734,5.4014
2026-05-28T02:40:00Z,56.4771,6.397
2026-05-28T02:50:00Z,58.5727,7.4215
2026-05-28T03:00:00Z,60.6611,8.4724
2026-05-28T03:10:00Z,62.7437,9.5478
2026-05-28T03:20:00Z,64.8218,10.6454
2026-05-28T03:30:00Z,66.8968,11.7635
2026-05-28T03:40:00Z,68.9704,12.9003
2026-05-28T03:50:00Z,71.0441,14.054
2026-05-28T04:00:00Z,73.1196,15.2229
2026-05-28T04:10:00Z,75.1988,16.4054
2026-05-28T04:20:00Z,77.2836,17.5999
2026-05-28T04:30:00Z,79.376,18.8047
2026-05-28T04:40:00Z,81.4781,20.0181
2026-05-28T04:50:00Z,83.5921,21.2386
2026-05-28T05:00:00Z,85.7202,22.4645
2026-05-28T05:10:00Z,87.865,23.694
2026-05-28T05:20:00Z,90.0289,24.9254
2026-05-28T05:30:00Z,92.2145,26.1569
2026-05-28T05:40:00Z,94.4246,27.3868
2026-05-28T05:50:00Z,96.6619,28.6132
2026-05-28T06:00:00Z,98.9294,29.834
2026-05-28T06:10:00Z,101.2301,31.0473
2026-05-28T06:20:00Z,103.5672,32.251
2026-05-28T06:30:00Z,105.9438,33.4429
2026-05-28T06:40:00Z,108.3632,34.6206
2026-05-28T06:50:00Z,110.8287,35.7819
2026-05-28T07:00:00Z,113.3436,36.9243
2026-05-28T07:10:00Z,115.9113,38.045
2026-05-28T07:20:00Z,118.5352,39.1413
2026-05-28T07:30:00Z,121.2183,40.2105
2026-05-28T07:40:00Z,123.9637,41.2494
2026-05-28T07:50:00Z,126.7744,42.255
2026-05-28T08:00:00Z,129.6527,43.224
2026-05-28T08:10:00Z,132.6009,44.153
2026-05-28T08:20:00Z,135.6207,45.0387
2026-05-28T08:30:00Z,138.7129,45.8774
2026-05-28T08:40:00Z,141.8781,46.6655
2026-05-28T08:50:00Z,145.1156,47.3995
2026-05-28T09:00:00Z,148.4241,48.0758
2026-05-28T09:10:00Z,151.8009,48.6909
2026-05-28T09:20:00Z,155.2425,49.2414
2026-05-28T09:30:00Z,158.744,49.724
2026-05-28T09:40:00Z,162.2994,50.136
2026-05-28T09:50:00Z,165.9016,50.4747
2026-05-28T10:00:00Z,169.5423,50.7378
2026-05-28T10:10:00Z,173.2123,50.9237
2026-05-28T10:20:00Z,176.9017,51.031
2026-05-28T10:30:00Z,180.6002,51.059
2026-05-28T10:40:00Z,184.2971,51.0074
2026-05-28T10:50:00Z,187.9817,50.8767
2026-05-28T11:00:00Z,191.6439,50.6678
2026-05-28T11:10:00Z,195.2739,50.3821
2026-05-28T11:20:00Z,198.8627,50.0215
2026-05-28T11:30:00Z,202.4026,49.5884
2026-05-28T11:40:00Z,205.8867,49.0854
2026-05-28T11:50:00Z,209.3092,48.5157
2026-05-28T12:00:00Z,212.6657,47.8824
2026-05-28T12:10:00Z,215.953,47.1889
2026-05-28T12:20:00Z,219.1689,46.4388
2026-05-28T12:30:00Z,222.3122,45.6358
2026-05-28T12:40:00Z,225.3826,44.7833
2026-05-28T12:50:00Z,228.3807,43.885
2026-05-28T13:00:00Z,231.3077,42.9444
2026-05-28T13:10:00Z,234.1656,41.9649
2026-05-28T13:20:00Z,236.9564,40.9498
2026-05-28T13:30:00Z,239.683,39.9025
2026-05-28T13:40:00Z,242.3481,38.8259
2026-05-28T13:50:00Z,244.9549,37.723
2026-05-28T14:00:00Z,247.5066,36.5967
2026-05-28T14:10:00Z,250.0066,35.4496
2026-05-28T14:20:00Z,252.4581,34.2844
2026-05-28T14:30:00Z,254.8645,33.1035
2026-05-28T14:40:00Z,257.2292,31.9093
2026-05-28T14:50:00Z,259.5553,30.704
2026-05-28T15:00:00Z,261.846,29.4898
2026-05-28T15:10:00Z,264.1045,28.2687
2026-05-28T15:20:00Z,266.3337,27.0428
2026-05-28T15:30:00Z,268.5364,25.814
2026-05-28T15:40:00Z,270.7156,24.5842
2026-05-28T15:50:00Z,272.8739,23.3551
2026-05-28T16:00:00Z,275.0138,22.1285
2026-05-28T16:10:00Z,277.1378,20.9062
2026-05-28T16:20:00Z,279.2483,19.6898
2026-05-28T16:30:00Z,281.3476,18.481
2026-05-28T16:40:00Z,283.4379,17.2815
2026-05-28T16:50:00Z,285.5211,16.0928
2026-05-28T17:00:00Z,287.5994,14.9167
2026-05-28T17:10:00Z,289.6745,13.7547
2026-05-28T17:20:00Z,291.7482,12.6085
2026-05-28T17:30:00Z,293.8223,11.4798
2026-05-28T17:40:00Z,295.8983,10.3704
2026-05-28T17:50:00Z,297.9778,9.282
2026-05-28T18:00:00Z,300.0621,8.2165
2026-05-28T18:10:00Z,302.1525,7.1761
2026-05-28T18:20:00Z,304.2504,6.1628
2026-05-28T18:30:00Z,306.3567,5.1792
2026-05-28T18:40:00Z,308.4726,4.229
2026-05-28T18:50:00Z,310.5989,3.3163
2026-05-28T19:00:00Z,312.7364,2.4447
2026-05-28T19:10:00Z,314.8858,1.6209
2026-05-28T19:20:00Z,317.0477,0.8529
2026-05-28T19:30:00Z,319.2226,0.1492
2026-05-29T01:30:00Z,41.4429,0.3925
2026-05-29T01:40:00Z,43.6123,1.1203
2026-05-29T01:50:00Z,45.7688,1.9095
2026-05-29T02:00:00Z,47.913,2.7515
2026-05-29T02:10:00Z,50.0455,3.6388
2026-05-29T02:20:00Z,52.1669,4.5654
2026-05-29T02:30:00Z,54.2781,5.5288
2026-05-29T02:40:00Z,56.3801,6.5238
2026-05-29T02:50:00Z,58.4739,7.5475
2026-05-29T03:00:00Z,60.5607,8.5978
2026-05-29T03:10:00Z,62.6416,9.6723
2026-05-29T03:20:00Z,64.7182,10.7691
2026-05-29T03:30:00Z,66.7917,11.8864
2026-05-29T03:40:00Z,68.8638,13.0224
2026-05-29T03:50:00Z,70.936,14.1754
2026-05-29T04:00:00Z,73.0101,15.3436
2026-05-29T04:10:00Z,75.0879,16.5255
2026-05-29T04:20:00Z,77.1713,17.7194
2026-05-29T04:30:00Z,79.2623,18.9237
2026-05-29T04:40:00Z,81.3631,20.1367
2026-05-29T04:50:00Z,83.4758,21.3569
2026-05-29T05:00:00Z,85.6027,22.5825
2026-05-29T05:10:00Z,87.7462,23.8118
2026-05-29T05:20:00Z,89.9089,25.0431
2026-05-29T05:30:00Z,92.0933,26.2747
2026-05-29T05:40:00Z,94.3023,27.5047
2026-05-29T05:50:00Z,96.5385,28.7313
2026-05-29T06:00:00Z,98.805,29.9524
2026-05-29T06:10:00Z,101.1048,31.1662
2026-05-29T06:20:00Z,103.441,32.3704
2026-05-29T06:30:00Z,105.8168,33.5629
2026-05-29T06:40:00Z,108.2355,34.7415
2026-05-29T06:50:00Z,110.7005,35.9037
2026-05-29T07:00:00Z,113.2151,37.047
2026-05-29T07:10:00Z,115.7827,38.1688
2026-05-29T07:20:00Z,118.4066,39.2664
2026-05-29T07:30:00Z,121.09,40.3369
2026-05-29T07:40:00Z,123.836,41.3772
2026-05-29T07:50:00Z,126.6475,42.3843
2026-05-29T08:00:00Z,129.5271,43.355
2026-05-29T08:10:00Z,132.477,44.2857
2026-05-29T08:20:00Z,135.4988,45.1732
2026-05-29T08:30:00Z,138.5936,46.0137
2026-05-29T08:40:00Z,141.7618,46.8038
2026-05-29T08:50:00Z,145.0029,47.5397
2026-05-29T09:00:00Z,148.3156,48.218
2026-05-29T09:10:00Z,151.6972,48.835
2026-05-29T09:20:00Z,155.1442,49.3873
2026-05-29T09:30:00Z,158.6516,49.8719
2026-05-29T09:40:00Z,162.2136,50.2856
2026-05-29T09:50:00Z,165.8228,50.6259
2026-05-29T10:00:00Z,169.471,50.8906
2026-05-29T10:10:00Z,173.149,51.0779
2026-05-29T10:20:00Z,176.8466,51.1864
2026-05-29T10:30:00Z,180.5536,51.2154
2026-05-29T10:40:00Z,184.259,51.1647
2026-05-29T10:50:00Z,187.9523,51.0347
2026-05-29T11:00:00Z,191.6229,50.8263
2026-05-29T11:10:00Z,195.2612,50.5409
2026-05-29T11:20:00Z,198.8582,50.1804
2026-05-29T11:30:00Z,202.4057,49.7473
2026-05-29T11:40:00Z,205.897,49.2442
2026-05-29T11:50:00Z,209.3263,48.6741
2026-05-29T12:00:00Z,212.6892,48.0404
2026-05-29T12:10:00Z,215.9823,47.3464
2026-05-29T12:20:00Z,219.2034,46.5957
2026-05-29T12:30:00Z,222.3514,45.792
2026-05-29T12:40:00Z,225.426,44.9389
2026-05-29T12:50:00Z,228.4279,44.0398
2026-05-29T13:00:00Z,231.3582,43.0985
2026-05-29T13:10:00Z,234.2189,42.1183
2026-05-29T13:20:00Z,237.0122,41.1026
2026-05-29T13:30:00Z,239.7408,40.0546
2026-05-29T13:40:00Z,242.4076,38.9773
2026-05-29T13:50:00Z,245.0158,37.8738
2026-05-29T14:00:00Z,247.5686,36.7469
2026-05-29T14:10:00Z,250.0694,35.5994
2026-05-29T14:20:00Z,252.5215,34.4337
2026-05-29T14:30:00Z,254.9283,33.2523
2026-05-29T14:40:00Z,257.2932,32.0577
2026-05-29T14:50:00Z,259.6193,30.8521
2026-05-29T15:00:00Z,261.9099,29.6376
2026-05-29T15:10:00Z,264.1681,28.4164
2026-05-29T15:20:00Z,266.3969,27.1903
2026-05-29T15:30:00Z,268.5991,25.9614
2026-05-29T15:40:00Z,270.7776,24.7315
2026-05-29T15:50:00Z,272.9351,23.5024
2026-05-29T16:00:00Z,275.0742,22.2759
2026-05-29T16:10:00Z,277.1973,21.0536
2026-05-29T16:20:00Z,279.3068,19.8373
2026-05-29T16:30:00Z,281.405,18.6287
2026-05-29T16:40:00Z,283.4941,17.4293
2026-05-29T16:50:00Z,285.5761,16.2409
2026-05-29T17:00:00Z,287.653,15.0649
2026-05-29T17:10:00Z,289.7267,13.9032
2026-05-29T17:20:00Z,291.799,12.7572
2026-05-29T17:30:00Z,293.8715,11.6288
2026-05-29T17:40:00Z,295.9459,10.5196
2026-05-29T17:50:00Z,298.0236,9.4313
2026-05-29T18:00:00Z,300.1062,8.366
2026-05-29T18:10:00Z,302.1948,7.3255
2026-05-29T18:20:00Z,304.2907,6.3121
2026-05-29T18:30:00Z,306.395,5.3282
2026-05-29T18:40:00Z,308.5088,4.377
2026-05-29T18:50:00Z,310.6329,3.463
2026-05-29T19:00:00Z,312.7682,2.5894
2026-05-29T19:10:00Z,314.9153,1.7624
2026-05-29T19:20:00Z,317.0748,0.9895
2026-05-29T19:30:00Z,319.2471,0.279
2026-05-30T01:30:00Z,41.3602,0.5051
2026-05-30T01:40:00Z,43.5276,1.2371
2026-05-30T01:50:00Z,45.6821,2.029
2026-05-30T02:00:00Z,47.8243,2.8724
2026-05-30T02:10:00Z,49.9549,3.7602
2026-05-30T02:20:00Z,52.0745,4.6868
2026-05-30T02:30:00Z,54.184,5.65
2026-05-30T02:40:00Z,56.2843,6.6444
2026-05-30T02:50:00Z,58.3764,7.6674
2026-05-30T03:00:00Z,60.4616,8.7169
2026-05-30T03:10:00Z,62.541,9.7906
2026-05-30T03:20:00Z,64.616,10.8866
2026-05-30T03:30:00Z,66.6881,12.0031
2026-05-30T03:40:00Z,68.7587,13.1383
2026-05-30T03:50:00Z,70.8295,14.2905
2026-05-30T04:00:00Z,72.9022,15.4581
2026-05-30T04:10:00Z,74.9787,16.6393
2026-05-30T04:20:00Z,77.0608,17.8327
2026-05-30T04:30:00Z,79.1505,19.0365
2026-05-30T04:40:00Z,81.2499,20.2491
2026-05-30T04:50:00Z,83.3613,21.4689
2026-05-30T05:00:00Z,85.487,22.6942
2026-05-30T05:10:00Z,87.6293,23.9234
2026-05-30T05:20:00Z,89.7908,25.1546
2026-05-30T05:30:00Z,91.974,26.3862
2026-05-30T05:40:00Z,94.1818,27.6163
2026-05-30T05:50:00Z,96.417,28.8431
2026-05-30T06:00:00Z,98.6825,30.0646
2026-05-30T06:10:00Z,100.9813,31.2787
2026-05-30T06:20:00Z,103.3166,32.4835
2026-05-30T06:30:00Z,105.6916,33.6767
2026-05-30T06:40:00Z,108.1096,34.856
2026-05-30T06:50:00Z,110.5741,36.019
2026-05-30T07:00:00Z,113.0882,37.1633
2026-05-30T07:10:00Z,115.6556,38.2862
2026-05-30T07:20:00Z,118.2794,39.385
2026-05-30T07:30:00Z,120.963,40.4568
2026-05-30T07:40:00Z,123.7095,41.4986
2026-05-30T07:50:00Z,126.5217,42.5072
2026-05-30T08:00:00Z,129.4024,43.4795
2026-05-30T08:10:00Z,132.3537,44.4119
2026-05-30T08:20:00Z,135.3774,45.3011
2026-05-30T08:30:00Z,138.4746,46.1435
2026-05-30T08:40:00Z,141.6457,46.9355
2026-05-30T08:50:00Z,144.8902,47.6734
2026-05-30T09:00:00Z,148.2068,48.3535
2026-05-30T09:10:00Z,151.5929,48.9725
2026-05-30T09:20:00Z,155.045,49.5268
2026-05-30T09:30:00Z,158.5581,50.0132
2026-05-30T09:40:00Z,162.1263,50.4287
2026-05-30T09:50:00Z,165.7423,50.7707
2026-05-30T10:00:00Z,169.3977,51.037
2026-05-30T10:10:00Z,173.0833,51.2256
2026-05-30T10:20:00Z,176.7889,51.3354
2026-05-30T10:30:00Z,180.504,51.3656
2026-05-30T10:40:00Z,184.2177,51.3158
2026-05-30T10:50:00Z,187.9193,51.1866
2026-05-30T11:00:00Z,191.5982,50.9787
2026-05-30T11:10:00Z,195.2446,50.6937
2026-05-30T11:20:00Z,198.8493,50.3335
2026-05-30T11:30:00Z,202.4044,49.9004
2026-05-30T11:40:00Z,205.9028,49.3972
2026-05-30T11:50:00Z,209.3388,48.8269
2026-05-30T12:00:00Z,212.7078,48.1928
2026-05-30T12:10:00Z,216.0065,47.4984
2026-05-30T12:20:00Z,219.2328,46.7473
2026-05-30T12:30:00Z,222.3855,45.943
2026-05-30T12:40:00Z,225.4642,45.0892
2026-05-30T12:50:00Z,228.4698,44.1896
2026-05-30T13:00:00Z,231.4034,43.2476
2026-05-30T13:10:00Z,234.2668,42.2668
2026-05-30T13:20:00Z,237.0625,41.2504
2026-05-30T13:30:00Z,239.7932,40.2018
2026-05-30T13:40:00Z,242.4617,39.1239
2026-05-30T13:50:00Z,245.0713,38.0199
2026-05-30T14:00:00Z,247.6252,36.8925
2026-05-30T14:10:00Z,250.1269,35.7444
2026-05-30T14:20:00Z,252.5796,34.5783
2026-05-30T14:30:00Z,254.9869,33.3966
2026-05-30T14:40:00Z,257.3519,32.2016
2026-05-30T14:50:00Z,259.6781,30.9957
2026-05-30T15:00:00Z,261.9686,29.781
2026-05-30T15:10:00Z,264.2266,28.5595
2026-05-30T15:20:00Z,266.455,27.3333
2026-05-30T15:30:00Z,268.6567,26.1043
2026-05-30T15:40:00Z,270.8346,24.8744
2026-05-30T15:50:00Z,272.9914,23.6452
2026-05-30T16:00:00Z,275.1297,22.4187
2026-05-30T16:10:00Z,277.2519,21.1966
2026-05-30T16:20:00Z,279.3605,19.9804
2026-05-30T16:30:00Z,281.4576,18.7719
2026-05-30T16:40:00Z,283.5456,17.5727
2026-05-30T16:50:00Z,285.6264,16.3844
2026-05-30T17:00:00Z,287.702,15.2086
2026-05-30T17:10:00Z,289.7743,14.0471
2026-05-30T17:20:00Z,291.8452,12.9014
2026-05-30T17:30:00Z,293.9162,11.7731
2026-05-30T17:40:00Z,295.989,10.6641
2026-05-30T17:50:00Z,298.0651,9.576
2026-05-30T18:00:00Z,300.146,8.5107
2026-05-30T18:10:00Z,302.2328,7.4703
2026-05-30T18:20:00Z,304.3268,6.4567
2026-05-30T18:30:00Z,306.4292,5.4724
2026-05-30T18:40:00Z,308.541,4.5203
2026-05-30T18:50:00Z,310.663,3.6052
2026-05-30T19:00:00Z,312.796,2.7298
2026-05-30T19:10:00Z,314.9409,1.8997
2026-05-30T19:20:00Z,317.098,1.1224
2026-05-30T19:30:00Z,319.2679,0.4058
2026-05-31T01:30:00Z,41.2783,0.613
2026-05-31T01:40:00Z,43.4436,1.3488
2026-05-31T01:50:00Z,45.5962,2.1429
2026-05-31T02:00:00Z,47.7366,2.9875
2026-05-31T02:10:00Z,49.8654,3.8756
2026-05-31T02:20:00Z,51.9833,4.8022
2026-05-31T02:30:00Z,54.0911,5.765
2026-05-31T02:40:00Z,56.1898,6.7588
2026-05-31T02:50:00Z,58.2804,7.7811
2026-05-31T03:00:00Z,60.364,8.8297
2026-05-31T03:10:00Z,62.4419,9.9026
2026-05-31T03:20:00Z,64.5155,10.9978
2026-05-31T03:30:00Z,66.5861,12.1135
2026-05-31T03:40:00Z,68.6554,13.2479
2026-05-31T03:50:00Z,70.7248,14.3994
2026-05-31T04:00:00Z,72.7962,15.5663
2026-05-31T04:10:00Z,74.8713,16.7469
2026-05-31T04:20:00Z,76.9521,17.9397
2026-05-31T04:30:00Z,79.0405,19.143
2026-05-31T04:40:00Z,81.1387,20.3552
2026-05-31T04:50:00Z,83.2488,21.5746
2026-05-31T05:00:00Z,85.3733,22.7997
2026-05-31T05:10:00Z,87.5144,24.0287
2026-05-31T05:20:00Z,89.6746,25.2599
2026-05-31T05:30:00Z,91.8568,26.4915
2026-05-31T05:40:00Z,94.0634,27.7217
2026-05-31T05:50:00Z,96.2975,28.9487
2026-05-31T06:00:00Z,98.5619,30.1704
2026-05-31T06:10:00Z,100.8598,31.385
2026-05-31T06:20:00Z,103.1942,32.5903
2026-05-31T06:30:00Z,105.5683,33.784
2026-05-31T06:40:00Z,107.9856,34.9641
2026-05-31T06:50:00Z,110.4494,36.128
2026-05-31T07:00:00Z,112.9631,37.2732
2026-05-31T07:10:00Z,115.5301,38.3972
2026-05-31T07:20:00Z,118.1538,39.4972
2026-05-31T07:30:00Z,120.8375,40.5702
2026-05-31T07:40:00Z,123.5843,41.6134
2026-05-31T07:50:00Z,126.3972,42.6236
2026-05-31T08:00:00Z,129.2788,43.5974
2026-05-31T08:10:00Z,132.2315,44.5316
2026-05-31T08:20:00Z,135.2568,45.4225
2026-05-31T08:30:00Z,138.3562,46.2668
2026-05-31T08:40:00Z,141.5299,47.0606
2026-05-31T08:50:00Z,144.7775,47.8004
2026-05-31T09:00:00Z,148.0978,48.4825
2026-05-31T09:10:00Z,151.4881,49.1034
2026-05-31T09:20:00Z,154.945,49.6596
2026-05-31T09:30:00Z,158.4635,50.1479
2026-05-31T09:40:00Z,162.0377,50.5652
2026-05-31T09:50:00Z,165.6601,50.909
2026-05-31T10:00:00Z,169.3224,51.1768
2026-05-31T10:10:00Z,173.0153,51.367
2026-05-31T10:20:00Z,176.7285,51.4781
2026-05-31T10:30:00Z,180.4515,51.5094
2026-05-31T10:40:00Z,184.1732,51.4607
2026-05-31T10:50:00Z,187.8829,51.3322
2026-05-31T11:00:00Z,191.5698,51.125
2026-05-31T11:10:00Z,195.224,50.8405
2026-05-31T11:20:00Z,198.8363,50.4805
2026-05-31T11:30:00Z,202.3987,50.0476
2026-05-31T11:40:00Z,205.904,49.5444
2026-05-31T11:50:00Z,209.3464,48.974
2026-05-31T12:00:00Z,212.7215,48.3397
2026-05-31T12:10:00Z,216.0258,47.645
2026-05-31T12:20:00Z,219.2571,46.8934
2026-05-31T12:30:00Z,222.4143,46.0887
2026-05-31T12:40:00Z,225.4972,45.2344
2026-05-31T12:50:00Z,228.5064,44.3342
2026-05-31T13:00:00Z,231.4431,43.3917
2026-05-31T13:10:00Z,234.3094,42.4102
2026-05-31T13:20:00Z,237.1075,41.3933
2026-05-31T13:30:00Z,239.8402,40.3441
2026-05-31T13:40:00Z,242.5104,39.2657
2026-05-31T13:50:00Z,245.1214,38.1612
2026-05-31T14:00:00Z,247.6765,37.0333
2026-05-31T14:10:00Z,250.179,35.8848
2026-05-31T14:20:00Z,252.6324,34.7182
2026-05-31T14:30:00Z,255.0401,33.5362
2026-05-31T14:40:00Z,257.4054,32.3409
2026-05-31T14:50:00Z,259.7317,31.1347
2026-05-31T15:00:00Z,262.0221,29.9198
2026-05-31T15:10:00Z,264.2799,28.6981
2026-05-31T15:20:00Z,266.5079,27.4718
2026-05-31T15:30:00Z,268.7092,26.2427
2026-05-31T15:40:00Z,270.8866,25.0127
2026-05-31T15:50:00Z,273.0427,23.7836
2026-05-31T16:00:00Z,275.1803,22.5571
2026-05-31T16:10:00Z,277.3016,21.3349
2026-05-31T16:20:00Z,279.4093,20.1188
2026-05-31T16:30:00Z,281.5054,18.9104
2026-05-31T16:40:00Z,283.5923,17.7114
2026-05-31T16:50:00Z,285.6719,16.5233
2026-05-31T17:00:00Z,287.7463,15.3477
2026-05-31T17:10:00Z,289.8174,14.1863
2026-05-31T17:20:00Z,291.8868,13.0408
2026-05-31T17:30:00Z,293.9564,11.9127
2026-05-31T17:40:00Z,296.0278,10.8038
2026-05-31T17:50:00Z,298.1023,9.7158
2026-05-31T18:00:00Z,300.1814,8.6506
2026-05-31T18:10:00Z,302.2665,7.6101
2026-05-31T18:20:00Z,304.3588,6.5964
2026-05-31T18:30:00Z,306.4593,5.6118
2026-05-31T18:40:00Z,308.5691,4.6589
2026-05-31T18:50:00Z,310.6891,3.7427
2026-05-31T19:00:00Z,312.82,2.8656
2026-05-31T19:10:00Z,314.9627,2.0329
2026-05-31T19:20:00Z,317.1175,1.2515
2026-05-31T19:30:00Z,319.2851,0.5293
2026-06-01T01:20:00Z,39.0207,0.0419
2026-06-01T01:30:00Z,41.1971,0.7162
2026-06-01T01:40:00Z,43.3606,1.4552
2026-06-01T01:50:00Z,45.5114,2.2513
2026-06-01T02:00:00Z,47.65,3.0968
2026-06-01T02:10:00Z,49.7771,3.985
2026-06-01T02:20:00Z,51.8933,4.9115
2026-06-01T02:30:00Z,53.9995,5.8739
2026-06-01T02:40:00Z,56.0967,6.8669
2026-06-01T02:50:00Z,58.1858,7.8885
2026-06-01T03:00:00Z,60.2679,8.9363
2026-06-01T03:10:00Z,62.3444,10.0084
2026-06-01T03:20:00Z,64.4166,11.1027
2026-06-01T03:30:00Z,66.4859,12.2176
2026-06-01T03:40:00Z,68.5538,13.3513
2026-06-01T03:50:00Z,70.6219,14.502
2026-06-01T04:00:00Z,72.692,15.6682
2026-06-01T04:10:00Z,74.7658,16.8482
2026-06-01T04:20:00Z,76.8453,18.0404
2026-06-01T04:30:00Z,78.9325,19.2432
2026-06-01T04:40:00Z,81.0295,20.455
2026-06-01T04:50:00Z,83.1384,21.6742
2026-06-01T05:00:00Z,85.2616,22.899
2026-06-01T05:10:00Z,87.4015,24.1278
2026-06-01T05:20:00Z,89.5606,25.3588
2026-06-01T05:30:00Z,91.7416,26.5905
2026-06-01T05:40:00Z,93.9472,27.8208
2026-06-01T05:50:00Z,96.1802,29.0479
2026-06-01T06:00:00Z,98.4435,30.27
2026-06-01T06:10:00Z,100.7404,31.4849
2026-06-01T06:20:00Z,103.0738,32.6907
2026-06-01T06:30:00Z,105.4471,33.8851
2026-06-01T06:40:00Z,107.8636,35.0658
2026-06-01T06:50:00Z,110.3268,36.2305
2026-06-01T07:00:00Z,112.8399,37.3767
2026-06-01T07:10:00Z,115.4065,38.5017
2026-06-01T07:20:00Z,118.03,39.6029
2026-06-01T07:30:00Z,120.7136,40.6772
2026-06-01T07:40:00Z,123.4607,41.7218
2026-06-01T07:50:00Z,126.2741,42.7334
2026-06-01T08:00:00Z,129.1565,43.7088
2026-06-01T08:10:00Z,132.1102,44.6446
2026-06-01T08:20:00Z,135.1372,45.5374
2026-06-01T08:30:00Z,138.2384,46.3834
2026-06-01T08:40:00Z,141.4145,47.1791
2026-06-01T08:50:00Z,144.6651,47.9208
2026-06-01T09:00:00Z,147.9888,48.6049
2026-06-01T09:10:00Z,151.3831,49.2277
2026-06-01T09:20:00Z,154.8445,49.7858
2026-06-01T09:30:00Z,158.3681,50.276
2026-06-01T09:40:00Z,161.9478,50.6952
2026-06-01T09:50:00Z,165.5763,51.0407
2026-06-01T10:00:00Z,169.2453,51.3102
2026-06-01T10:10:00Z,172.9451,51.5018
2026-06-01T10:20:00Z,176.6657,51.6143
2026-06-01T10:30:00Z,180.3962,51.6469
2026-06-01T10:40:00Z,184.1257,51.5992
2026-06-01T10:50:00Z,187.843,51.4716
2026-06-01T11:00:00Z,191.5377,51.2652
2026-06-01T11:10:00Z,195.1995,50.9812
2026-06-01T11:20:00Z,198.8192,50.6216
2026-06-01T11:30:00Z,202.3886,50.1889
2026-06-01T11:40:00Z,205.9006,49.6858
2026-06-01T11:50:00Z,209.3494,49.1153
2026-06-01T12:00:00Z,212.7303,48.4809
2026-06-01T12:10:00Z,216.0401,47.7859
2026-06-01T12:20:00Z,219.2763,47.034
2026-06-01T12:30:00Z,222.438,46.2289
2026-06-01T12:40:00Z,225.5249,45.3742
2026-06-01T12:50:00Z,228.5377,44.4735
2026-06-01T13:00:00Z,231.4776,43.5305
2026-06-01T13:10:00Z,234.3466,42.5486
2026-06-01T13:20:00Z,237.1471,41.5311
2026-06-01T13:30:00Z,239.8818,40.4814
2026-06-01T13:40:00Z,242.5537,39.4026
2026-06-01T13:50:00Z,245.1661,38.2976
2026-06-01T14:00:00Z,247.7223,37.1693
2026-06-01T14:10:00Z,250.2258,36.0203
2026-06-01T14:20:00Z,252.6799,34.8535
2026-06-01T14:30:00Z,255.088,33.6711
2026-06-01T14:40:00Z,257.4536,32.4755
2026-06-01T14:50:00Z,259.78,31.2691
2026-06-01T15:00:00Z,262.0705,30.0539
2026-06-01T15:10:00Z,264.328,28.8321
2026-06-01T15:20:00Z,266.5558,27.6057
2026-06-01T15:30:00Z,268.7567,26.3765
2026-06-01T15:40:00Z,270.9335,25.1464
2026-06-01T15:50:00Z,273.0891,23.9172
2026-06-01T16:00:00Z,275.2259,22.6908
2026-06-01T16:10:00Z,277.3465,21.4687
2026-06-01T16:20:00Z,279.4532,20.2527
2026-06-01T16:30:00Z,281.5484,19.0444
2026-06-01T16:40:00Z,283.6343,17.8454
2026-06-01T16:50:00Z,285.7128,16.6574
2026-06-01T17:00:00Z,287.786,15.482
2026-06-01T17:10:00Z,289.8558,14.3208
2026-06-01T17:20:00Z,291.924,13.1754
2026-06-01T17:30:00Z,293.9922,12.0475
2026-06-01T17:40:00Z,296.0621,10.9387
2026-06-01T17:50:00Z,298.1351,9.8508
2026-06-01T18:00:00Z,300.2126,8.7857
2026-06-01T18:10:00Z,302.2961,7.7451
2026-06-01T18:20:00Z,304.3866,6.7313
2026-06-01T18:30:00Z,306.4853,5.7463
2026-06-01T18:40:00Z,308.5932,4.7926
2026-06-01T18:50:00Z,310.7112,3.8754
2026-06-01T19:00:00Z,312.8402,2.9968
2026-06-01T19:10:00Z,314.9807,2.1616
2026-06-01T19:20:00Z,317.1334,1.3766
2026-06-01T19:30:00Z,319.2987,0.6491
2026-06-02T01:20:00Z,38.9422,0.136
2026-06-02T01:30:00Z,41.1168,0.8144
2026-06-02T01:40:00Z,43.2785,1.5562
2026-06-02T01:50:00Z,45.4276,2.3539
2026-06-02T02:00:00Z,47.5645,3.2
2026-06-02T02:10:00Z,49.69,4.0884
2026-06-02T02:20:00Z,51.8047,5.0146
2026-06-02T02:30:00Z,53.9094,5.9765
2026-06-02T02:40:00Z,56.005,6.9689
2026-06-02T02:50:00Z,58.0927,7.9896
2026-06-02T03:00:00Z,60.1735,9.0366
2026-06-02T03:10:00Z,62.2486,10.1079
2026-06-02T03:20:00Z,64.3195,11.2014
2026-06-02T03:30:00Z,66.3875,12.3155
2026-06-02T03:40:00Z,68.4541,13.4484
2026-06-02T03:50:00Z,70.5209,14.5984
2026-06-02T04:00:00Z,72.5898,15.7639
2026-06-02T04:10:00Z,74.6624,16.9433
2026-06-02T04:20:00Z,76.7407,18.1349
2026-06-02T04:30:00Z,78.8266,19.3373
2026-06-02T04:40:00Z,80.9224,20.5486
2026-06-02T04:50:00Z,83.0301,21.7674
2026-06-02T05:00:00Z,85.1522,22.9919
2026-06-02T05:10:00Z,87.2909,24.2206
2026-06-02T05:20:00Z,89.4489,25.4516
2026-06-02T05:30:00Z,91.6287,26.6832
2026-06-02T05:40:00Z,93.8331,27.9136
2026-06-02T05:50:00Z,96.065,29.1409
2026-06-02T06:00:00Z,98.3274,30.3632
2026-06-02T06:10:00Z,100.6232,31.5786
2026-06-02T06:20:00Z,102.9557,32.7848
2026-06-02T06:30:00Z,105.3281,33.9798
2026-06-02T06:40:00Z,107.7438,35.1612
2026-06-02T06:50:00Z,110.2062,36.3267
2026-06-02T07:00:00Z,112.7187,37.4738
2026-06-02T07:10:00Z,115.2849,38.5999
2026-06-02T07:20:00Z,117.908,39.7021
2026-06-02T07:30:00Z,120.5916,40.7777
2026-06-02T07:40:00Z,123.3387,41.8236
2026-06-02T07:50:00Z,126.1524,42.8367
2026-06-02T08:00:00Z,129.0355,43.8137
2026-06-02T08:10:00Z,131.9902,44.7511
2026-06-02T08:20:00Z,135.0185,45.6456
2026-06-02T08:30:00Z,138.1215,46.4934
2026-06-02T08:40:00Z,141.2998,47.291
2026-06-02T08:50:00Z,144.553,48.0346
2026-06-02T09:00:00Z,147.8798,48.7206
2026-06-02T09:10:00Z,151.2779,49.3454
2026-06-02T09:20:00Z,154.7435,49.9054
2026-06-02T09:30:00Z,158.2719,50.3975
2026-06-02T09:40:00Z,161.8569,50.8185
2026-06-02T09:50:00Z,165.4912,51.1658
2026-06-02T10:00:00Z,169.1664,51.4369
2026-06-02T10:10:00Z,172.8729,51.6302
2026-06-02T10:20:00Z,176.6004,51.7441
2026-06-02T10:30:00Z,180.3382,51.7779
2026-06-02T10:40:00Z,184.0751,51.7313
2026-06-02T10:50:00Z,187.7999,51.6048
2026-06-02T11:00:00Z,191.502,51.3991
2026-06-02T11:10:00Z,195.1711,51.1157
2026-06-02T11:20:00Z,198.798,50.7566
2026-06-02T11:30:00Z,202.3742,50.3242
2026-06-02T11:40:00Z,205.8928,49.8213
2026-06-02T11:50:00Z,209.3477,49.2509
2026-06-02T12:00:00Z,212.7344,48.6164
2026-06-02T12:10:00Z,216.0494,47.9212
2026-06-02T12:20:00Z,219.2905,47.1691
2026-06-02T12:30:00Z,222.4566,46.3637
2026-06-02T12:40:00Z,225.5474,45.5086
2026-06-02T12:50:00Z,228.5637,44.6075
2026-06-02T13:00:00Z,231.5067,43.6641
2026-06-02T13:10:00Z,234.3784,42.6817
2026-06-02T13:20:00Z,237.1813,41.6639
2026-06-02T13:30:00Z,239.918,40.6137
2026-06-02T13:40:00Z,242.5916,39.5344
2026-06-02T13:50:00Z,245.2055,38.429
2026-06-02T14:00:00Z,247.7628,37.3003
2026-06-02T14:10:00Z,250.2672,36.1511
2026-06-02T14:20:00Z,252.722,34.9839
2026-06-02T14:30:00Z,255.1306,33.8012
2026-06-02T14:40:00Z,257.4966,32.6054
2026-06-02T14:50:00Z,259.8231,31.3987
2026-06-02T15:00:00Z,262.1136,30.1834
2026-06-02T15:10:00Z,264.371,28.9614
2026-06-02T15:20:00Z,266.5985,27.7348
2026-06-02T15:30:00Z,268.7991,26.5055
2026-06-02T15:40:00Z,270.9755,25.2754
2026-06-02T15:50:00Z,273.1304,24.0463
2026-06-02T16:00:00Z,275.2666,22.8198
2026-06-02T16:10:00Z,277.3864,21.5977
2026-06-02T16:20:00Z,279.4924,20.3818
2026-06-02T16:30:00Z,281.5867,19.1736
2026-06-02T16:40:00Z,283.6715,17.9747
2026-06-02T16:50:00Z,285.749,16.7869
2026-06-02T17:00:00Z,287.8211,15.6116
2026-06-02T17:10:00Z,289.8898,14.4505
2026-06-02T17:20:00Z,291.9567,13.3052
2026-06-02T17:30:00Z,294.0236,12.1774
2026-06-02T17:40:00Z,296.092,11.0687
2026-06-02T17:50:00Z,298.1636,9.9809
2026-06-02T18:00:00Z,300.2396,8.9157
2026-06-02T18:10:00Z,302.3214,7.8751
2026-06-02T18:20:00Z,304.4103,6.8611
2026-06-02T18:30:00Z,306.5073,5.8758
2026-06-02T18:40:00Z,308.6134,4.9214
2026-06-02T18:50:00Z,310.7295,4.0032
2026-06-02T19:00:00Z,312.8565,3.1232
2026-06-02T19:10:00Z,314.995,2.2858
2026-06-02T19:20:00Z,317.1456,1.4974
2026-06-02T19:30:00Z,319.3087,0.7652
2026-06-02T19:40:00Z,321.4848,0.0966
2026-06-03T01:20:00Z,38.8646,0.2254
2026-06-03T01:30:00Z,41.0375,0.9074
2026-06-03T01:40:00Z,43.1974,1.6516
2026-06-03T01:50:00Z,45.3449,2.4507
2026-06-03T02:00:00Z,47.4803,3.2973
2026-06-03T02:10:00Z,49.6042,4.1856
2026-06-03T02:20:00Z,51.7174,5.1115
2026-06-03T02:30:00Z,53.8207,6.0729
2026-06-03T02:40:00Z,55.915,7.0645
2026-06-03T02:50:00Z,58.0013,8.0845
2026-06-03T03:00:00Z,60.0808,9.1306
2026-06-03T03:10:00Z,62.1546,10.201
2026-06-03T03:20:00Z,64.2242,11.2937
2026-06-03T03:30:00Z,66.2909,12.407
2026-06-03T03:40:00Z,68.3563,13.5391
2026-06-03T03:50:00Z,70.422,14.6884
2026-06-03T04:00:00Z,72.4896,15.8533
2026-06-03T04:10:00Z,74.561,17.0321
2026-06-03T04:20:00Z,76.6381,18.2232
2026-06-03T04:30:00Z,78.7229,19.425
2026-06-03T04:40:00Z,80.8175,20.6359
2026-06-03T04:50:00Z,82.9241,21.8544
2026-06-03T05:00:00Z,85.045,23.0787
2026-06-03T05:10:00Z,87.1826,24.3071
2026-06-03T05:20:00Z,89.3394,25.538
2026-06-03T05:30:00Z,91.5181,26.7696
2026-06-03T05:40:00Z,93.7215,28.0001
2026-06-03T05:50:00Z,95.9523,29.2276
2026-06-03T06:00:00Z,98.2135,30.4502
2026-06-03T06:10:00Z,100.5083,31.6659
2026-06-03T06:20:00Z,102.8398,32.8726
2026-06-03T06:30:00Z,105.2113,34.0681
2026-06-03T06:40:00Z,107.6262,35.2502
2026-06-03T06:50:00Z,110.0878,36.4165
2026-06-03T07:00:00Z,112.5997,37.5645
2026-06-03T07:10:00Z,115.1653,38.6915
2026-06-03T07:20:00Z,117.7881,39.7949
2026-06-03T07:30:00Z,120.4714,40.8717
2026-06-03T07:40:00Z,123.2185,41.919
2026-06-03T07:50:00Z,126.0325,42.9335
2026-06-03T08:00:00Z,128.9161,43.9119
2026-06-03T08:10:00Z,131.8716,44.851
2026-06-03T08:20:00Z,134.901,45.7472
2026-06-03T08:30:00Z,138.0056,46.5968
2026-06-03T08:40:00Z,141.1858,47.3962
2026-06-03T08:50:00Z,144.4415,48.1417
2026-06-03T09:00:00Z,147.7712,48.8296
2026-06-03T09:10:00Z,151.1727,49.4563
2026-06-03T09:20:00Z,154.6422,50.0183
2026-06-03T09:30:00Z,158.175,50.5123
2026-06-03T09:40:00Z,161.765,50.9352
2026-06-03T09:50:00Z,165.4048,51.2842
2026-06-03T10:00:00Z,169.0859,51.5571
2026-06-03T10:10:00Z,172.7987,51.7519
2026-06-03T10:20:00Z,176.533,51.8673
2026-06-03T10:30:00Z,180.2776,51.9025
2026-06-03T10:40:00Z,184.0216,51.8571
2026-06-03T10:50:00Z,187.7536,51.7315
2026-06-03T11:00:00Z,191.4628,51.5267
2026-06-03T11:10:00Z,195.139,51.244
2026-06-03T11:20:00Z,198.7727,50.8855
2026-06-03T11:30:00Z,202.3556,50.4535
2026-06-03T11:40:00Z,205.8805,49.9508
2026-06-03T11:50:00Z,209.3414,49.3805
2026-06-03T12:00:00Z,212.7336,48.7461
2026-06-03T12:10:00Z,216.0537,48.0508
2026-06-03T12:20:00Z,219.2996,47.2986
2026-06-03T12:30:00Z,222.47,46.4929
2026-06-03T12:40:00Z,225.5647,45.6376
2026-06-03T12:50:00Z,228.5844,44.7362
2026-06-03T13:00:00Z,231.5305,43.7924
2026-06-03T13:10:00Z,234.4049,42.8097
2026-06-03T13:20:00Z,237.2101,41.7914
2026-06-03T13:30:00Z,239.9488,40.7409
2026-06-03T13:40:00Z,242.6241,39.6613
2026-06-03T13:50:00Z,245.2394,38.5555
2026-06-03T14:00:00Z,247.7979,37.4265
2026-06-03T14:10:00Z,250.3032,36.2769
2026-06-03T14:20:00Z,252.7588,35.1094
2026-06-03T14:30:00Z,255.168,33.9264
2026-06-03T14:40:00Z,257.5343,32.7304
2026-06-03T14:50:00Z,259.861,31.5235
2026-06-03T15:00:00Z,262.1515,30.308
2026-06-03T15:10:00Z,264.4089,29.0859
2026-06-03T15:20:00Z,266.6362,27.8592
2026-06-03T15:30:00Z,268.8364,26.6299
2026-06-03T15:40:00Z,271.0124,25.3997
2026-06-03T15:50:00Z,273.1668,24.1705
2026-06-03T16:00:00Z,275.3024,22.944
2026-06-03T16:10:00Z,277.4216,21.722
2026-06-03T16:20:00Z,279.5267,20.5061
2026-06-03T16:30:00Z,281.6202,19.298
2026-06-03T16:40:00Z,283.7041,18.0992
2026-06-03T16:50:00Z,285.7806,16.9114
2026-06-03T17:00:00Z,287.8517,15.7362
2026-06-03T17:10:00Z,289.9192,14.5753
2026-06-03T17:20:00Z,291.9849,13.4301
2026-06-03T17:30:00Z,294.0505,12.3024
2026-06-03T17:40:00Z,296.1176,11.1937
2026-06-03T17:50:00Z,298.1878,10.106
2026-06-03T18:00:00Z,300.2624,9.0408
2026-06-03T18:10:00Z,302.3427,8.0001
2026-06-03T18:20:00Z,304.4299,6.9858
2026-06-03T18:30:00Z,306.5252,6.0002
2026-06-03T18:40:00Z,308.6296,5.0452
2026-06-03T18:50:00Z,310.7439,4.1259
2026-06-03T19:00:00Z,312.869,3.2446
2026-06-03T19:10:00Z,315.0056,2.4052
2026-06-03T19:20:00Z,317.1542,1.6137
2026-06-03T19:30:00Z,319.3153,0.8773
2026-06-03T19:40:00Z,321.4892,0.2029
2026-06-04T01:20:00Z,38.7879,0.31
2026-06-04T01:30:00Z,40.9591,0.9952
2026-06-04T01:40:00Z,43.1175,1.7415
2026-06-04T01:50:00Z,45.2634,2.5416
2026-06-04T02:00:00Z,47.3973,3.3885
2026-06-04T02:10:00Z,49.5199,4.2766
2026-06-04T02:20:00Z,51.6317,5.2027
2026-06-04T02:30:00Z,53.7336,6.163
2026-06-04T02:40:00Z,55.8266,7.1538
2026-06-04T02:50:00Z,57.9116,8.173
2026-06-04T03:00:00Z,59.9898,9.2183
2026-06-04T03:10:00Z,62.0625,10.2879
2026-06-04T03:20:00Z,64.1308,11.3798
2026-06-04T03:30:00Z,66.1964,12.4923
2026-06-04T03:40:00Z,68.2606,13.6236
2026-06-04T03:50:00Z,70.3251,14.7722
2026-06-04T04:00:00Z,72.3916,15.9364
2026-06-04T04:10:00Z,74.4619,17.1146
2026-06-04T04:20:00Z,76.5379,18.3051
2026-06-04T04:30:00Z,78.6215,19.5065
2026-06-04T04:40:00Z,80.715,20.717
2026-06-04T04:50:00Z,82.8205,21.9351
2026-06-04T05:00:00Z,84.9402,23.1591
2026-06-04T05:10:00Z,87.0767,24.3874
2026-06-04T05:20:00Z,89.2324,25.6182
2026-06-04T05:30:00Z,91.41,26.8497
2026-06-04T05:40:00Z,93.6123,28.0803
2026-06-04T05:50:00Z,95.842,29.3079
2026-06-04T06:00:00Z,98.1022,30.5308
2026-06-04T06:10:00Z,100.396,31.7468
2026-06-04T06:20:00Z,102.7265,32.954
2026-06-04T06:30:00Z,105.097,34.1501
2026-06-04T06:40:00Z,107.511,35.3329
2026-06-04T06:50:00Z,109.9718,36.4999
2026-06-04T07:00:00Z,112.483,37.6488
2026-06-04T07:10:00Z,115.048,38.7768
2026-06-04T07:20:00Z,117.6703,39.8812
2026-06-04T07:30:00Z,120.3533,40.9592
2026-06-04T07:40:00Z,123.1003,42.0078
2026-06-04T07:50:00Z,125.9144,43.0237
2026-06-04T08:00:00Z,128.7984,44.0037
2026-06-04T08:10:00Z,131.7546,44.9443
2026-06-04T08:20:00Z,134.7849,45.8421
2026-06-04T08:30:00Z,137.8908,46.6935
2026-06-04T08:40:00Z,141.0728,47.4947
2026-06-04T08:50:00Z,144.3307,48.2421
2026-06-04T09:00:00Z,147.663,48.9319
2026-06-04T09:10:00Z,151.0676,49.5606
2026-06-04T09:20:00Z,154.5408,50.1245
2026-06-04T09:30:00Z,158.0778,50.6204
2026-06-04T09:40:00Z,161.6724,51.0451
2026-06-04T09:50:00Z,165.3173,51.396
2026-06-04T10:00:00Z,169.004,51.6706
2026-06-04T10:10:00Z,172.7228,51.8671
2026-06-04T10:20:00Z,176.4633,51.984
2026-06-04T10:30:00Z,180.2146,52.0205
2026-06-04T10:40:00Z,183.9653,51.9764
2026-06-04T10:50:00Z,187.7041,51.8519
2026-06-04T11:00:00Z,191.4202,51.648
2026-06-04T11:10:00Z,195.1032,51.3661
2026-06-04T11:20:00Z,198.7435,51.0082
2026-06-04T11:30:00Z,202.3328,50.5767
2026-06-04T11:40:00Z,205.8638,50.0743
2026-06-04T11:50:00Z,209.3304,49.5043
2026-06-04T12:00:00Z,212.7281,48.8699
2026-06-04T12:10:00Z,216.0532,48.1747
2026-06-04T12:20:00Z,219.3037,47.4223
2026-06-04T12:30:00Z,222.4782,46.6165
2026-06-04T12:40:00Z,225.5767,45.761
2026-06-04T12:50:00Z,228.5998,44.8594
2026-06-04T13:00:00Z,231.5489,43.9153
2026-06-04T13:10:00Z,234.426,42.9323
2026-06-04T13:20:00Z,237.2335,41.9137
2026-06-04T13:30:00Z,239.9742,40.8629
2026-06-04T13:40:00Z,242.6513,39.783
2026-06-04T13:50:00Z,245.268,38.6769
2026-06-04T14:00:00Z,247.8277,37.5476
2026-06-04T14:10:00Z,250.334,36.3977
2026-06-04T14:20:00Z,252.7902,35.23
2026-06-04T14:30:00Z,255.2,34.0468
2026-06-04T14:40:00Z,257.5667,32.8505
2026-06-04T14:50:00Z,259.8937,31.6435
2026-06-04T15:00:00Z,262.1843,30.4278
2026-06-04T15:10:00Z,264.4416,29.2056
2026-06-04T15:20:00Z,266.6688,27.9788
2026-06-04T15:30:00Z,268.8687,26.7494
2026-06-04T15:40:00Z,271.0443,25.5192
2026-06-04T15:50:00Z,273.1983,24.2899
2026-06-04T16:00:00Z,275.3333,23.0635
2026-06-04T16:10:00Z,277.4518,21.8415
2026-06-04T16:20:00Z,279.5563,20.6256
2026-06-04T16:30:00Z,281.649,19.4175
2026-06-04T16:40:00Z,283.732,18.2188
2026-06-04T16:50:00Z,285.8076,17.0311
2026-06-04T17:00:00Z,287.8776,15.856
2026-06-04T17:10:00Z,289.9441,14.6951
2026-06-04T17:20:00Z,292.0086,13.55
2026-06-04T17:30:00Z,294.0731,12.4223
2026-06-04T17:40:00Z,296.1389,11.3137
2026-06-04T17:50:00Z,298.2077,10.2259
2026-06-04T18:00:00Z,300.2809,9.1607
2026-06-04T18:10:00Z,302.3598,8.1199
2026-06-04T18:20:00Z,304.4455,7.1054
2026-06-04T18:30:00Z,306.5392,6.1195
2026-06-04T18:40:00Z,308.6419,5.1644
2026-06-04T18:50:00Z,310.7545,4.2436
2026-06-04T19:00:00Z,312.8778,3.3611
2026-06-04T19:10:00Z,315.0125,2.5198
2026-06-04T19:20:00Z,317.1592,1.7255
2026-06-04T19:30:00Z,319.3183,0.9851
2026-06-04T19:40:00Z,321.4902,0.3055
2026-06-05T01:20:00Z,38.7122,0.3897
2026-06-05T01:30:00Z,40.8819,1.0776
2026-06-05T01:40:00Z,43.0388,1.8256
2026-06-05T01:50:00Z,45.1833,2.6265
2026-06-05T02:00:00Z,47.3158,3.4736
2026-06-05T02:10:00Z,49.437,4.3614
2026-06-05T02:20:00Z,51.5475,5.2872
2026-06-05T02:30:00Z,53.6481,6.2468
2026-06-05T02:40:00Z,55.7399,7.2369
2026-06-05T02:50:00Z,57.8237,8.2552
2026-06-05T03:00:00Z,59.9008,9.2997
2026-06-05T03:10:00Z,61.9722,10.3684
2026-06-05T03:20:00Z,64.0395,11.4595
2026-06-05T03:30:00Z,66.1039,12.5712
2026-06-05T03:40:00Z,68.167,13.7018
2026-06-05T03:50:00Z,70.2304,14.8497
2026-06-05T04:00:00Z,72.2958,16.0132
2026-06-05T04:10:00Z,74.365,17.1908
2026-06-05T04:20:00Z,76.4399,18.3808
2026-06-05T04:30:00Z,78.5225,19.5817
2026-06-05T04:40:00Z,80.6149,20.7918
2026-06-05T04:50:00Z,82.7193,22.0096
2026-06-05T05:00:00Z,84.8379,23.2333
2026-06-05T05:10:00Z,86.9733,24.4614
2026-06-05T05:20:00Z,89.128,25.6921
2026-06-05T05:30:00Z,91.3045,26.9236
2026-06-05T05:40:00Z,93.5056,28.1542
2026-06-05T05:50:00Z,95.7343,29.382
2026-06-05T06:00:00Z,97.9935,30.6051
2026-06-05T06:10:00Z,100.2862,31.8215
2026-06-05T06:20:00Z,102.6157,33.0291
2026-06-05T06:30:00Z,104.9853,34.2257
2026-06-05T06:40:00Z,107.3983,35.4091
2026-06-05T06:50:00Z,109.8583,36.5769
2026-06-05T07:00:00Z,112.3687,37.7266
2026-06-05T07:10:00Z,114.9331,38.8556
2026-06-05T07:20:00Z,117.5548,39.9611
2026-06-05T07:30:00Z,120.2375,41.0403
2026-06-05T07:40:00Z,122.9843,42.0901
2026-06-05T07:50:00Z,125.7983,43.1073
2026-06-05T08:00:00Z,128.6825,44.0888
2026-06-05T08:10:00Z,131.6392,45.031
2026-06-05T08:20:00Z,134.6704,45.9305
2026-06-05T08:30:00Z,137.7774,46.7836
2026-06-05T08:40:00Z,140.9609,47.5866
2026-06-05T08:50:00Z,144.2207,48.3358
2026-06-05T09:00:00Z,147.5554,49.0275
2026-06-05T09:10:00Z,150.9629,49.6581
2026-06-05T09:20:00Z,154.4394,50.2239
2026-06-05T09:30:00Z,157.9802,50.7217
2026-06-05T09:40:00Z,161.5791,51.1484
2026-06-05T09:50:00Z,165.2289,51.5011
2026-06-05T10:00:00Z,168.9208,51.7774
2026-06-05T10:10:00Z,172.6452,51.9756
2026-06-05T10:20:00Z,176.3917,52.094
2026-06-05T10:30:00Z,180.1492,52.132
2026-06-05T10:40:00Z,183.9063,52.0891
2026-06-05T10:50:00Z,187.6517,51.9658
2026-06-05T11:00:00Z,191.3743,51.7629
2026-06-05T11:10:00Z,195.0638,51.4818
2026-06-05T11:20:00Z,198.7105,51.1246
2026-06-05T11:30:00Z,202.3059,50.6937
2026-06-05T11:40:00Z,205.8428,50.1918
2026-06-05T11:50:00Z,209.315,49.622
2026-06-05T12:00:00Z,212.7178,48.9878
2026-06-05T12:10:00Z,216.0479,48.2927
2026-06-05T12:20:00Z,219.3028,47.5404
2026-06-05T12:30:00Z,222.4814,46.7345
2026-06-05T12:40:00Z,225.5836,45.8789
2026-06-05T12:50:00Z,228.6101,44.9771
2026-06-05T13:00:00Z,231.5621,44.0328
2026-06-05T13:10:00Z,234.4418,43.0496
2026-06-05T13:20:00Z,237.2516,42.0308
2026-06-05T13:30:00Z,239.9943,40.9797
2026-06-05T13:40:00Z,242.6731,39.8995
2026-06-05T13:50:00Z,245.2912,38.7931
2026-06-05T14:00:00Z,247.8521,37.6636
2026-06-05T14:10:00Z,250.3594,36.5135
2026-06-05T14:20:00Z,252.8164,35.3455
2026-06-05T14:30:00Z,255.2268,34.1622
2026-06-05T14:40:00Z,257.5939,32.9657
2026-06-05T14:50:00Z,259.9212,31.7585
2026-06-05T15:00:00Z,262.2119,30.5427
2026-06-05T15:10:00Z,264.4692,29.3204
2026-06-05T15:20:00Z,266.6963,28.0935
2026-06-05T15:30:00Z,268.896,26.864
2026-06-05T15:40:00Z,271.0713,25.6337
2026-06-05T15:50:00Z,273.2249,24.4045
2026-06-05T16:00:00Z,275.3594,23.178
2026-06-05T16:10:00Z,277.4773,21.956
2026-06-05T16:20:00Z,279.5811,20.7402
2026-06-05T16:30:00Z,281.673,19.5321
2026-06-05T16:40:00Z,283.7553,18.3334
2026-06-05T16:50:00Z,285.83,17.1458
2026-06-05T17:00:00Z,287.8991,15.9707
2026-06-05T17:10:00Z,289.9645,14.8099
2026-06-05T17:20:00Z,292.028,13.6648
2026-06-05T17:30:00Z,294.0913,12.5371
2026-06-05T17:40:00Z,296.1559,11.4286
2026-06-05T17:50:00Z,298.2235,10.3407
2026-06-05T18:00:00Z,300.2953,9.2754
2026-06-05T18:10:00Z,302.3728,8.2345
2026-06-05T18:20:00Z,304.457,7.2198
2026-06-05T18:30:00Z,306.5492,6.2335
2026-06-05T18:40:00Z,308.6504,5.2779
2026-06-05T18:50:00Z,310.7613,4.3561
2026-06-05T19:00:00Z,312.8829,3.4724
2026-06-05T19:10:00Z,315.0159,2.6294
2026-06-05T19:20:00Z,317.1607,1.8326
2026-06-05T19:30:00Z,319.3179,1.0885
2026-06-05T19:40:00Z,321.4878,0.404
2026-06-06T01:20:00Z,38.6376,0.4642
2026-06-06T01:30:00Z,40.8058,1.1546
2026-06-06T01:40:00Z,42.9613,1.9039
2026-06-06T01:50:00Z,45.1045,2.7054
2026-06-06T02:00:00Z,47.2357,3.5526
2026-06-06T02:10:00Z,49.3556,4.4401
2026-06-06T02:20:00Z,51.4649,5.3654
2026-06-06T02:30:00Z,53.5644,6.3243
2026-06-06T02:40:00Z,55.655,7.3136
2026-06-06T02:50:00Z,57.7377,8.3311
2026-06-06T03:00:00Z,59.8137,9.3748
2026-06-06T03:10:00Z,61.8841,10.4427
2026-06-06T03:20:00Z,63.9502,11.5329
2026-06-06T03:30:00Z,66.0136,12.6438
2026-06-06T03:40:00Z,68.0757,13.7737
2026-06-06T03:50:00Z,70.138,14.9209
2026-06-06T04:00:00Z,72.2024,16.0838
2026-06-06T04:10:00Z,74.2706,17.2607
2026-06-06T04:20:00Z,76.3444,18.4502
2026-06-06T04:30:00Z,78.426,19.6506
2026-06-06T04:40:00Z,80.5173,20.8604
2026-06-06T04:50:00Z,82.6207,22.0778
2026-06-06T05:00:00Z,84.7383,23.3013
2026-06-06T05:10:00Z,86.8726,24.5292
2026-06-06T05:20:00Z,89.0262,25.7597
2026-06-06T05:30:00Z,91.2016,26.9912
2026-06-06T05:40:00Z,93.4017,28.2219
2026-06-06T05:50:00Z,95.6293,29.4499
2026-06-06T06:00:00Z,97.8874,30.6732
2026-06-06T06:10:00Z,100.1791,31.8899
2026-06-06T06:20:00Z,102.5076,33.0979
2026-06-06T06:30:00Z,104.8762,34.2951
2026-06-06T06:40:00Z,107.2884,35.4791
2026-06-06T06:50:00Z,109.7474,36.6476
2026-06-06T07:00:00Z,112.257,37.7981
2026-06-06T07:10:00Z,114.8207,38.928
2026-06-06T07:20:00Z,117.4418,40.0345
2026-06-06T07:30:00Z,120.124,41.1148
2026-06-06T07:40:00Z,122.8704,42.1658
2026-06-06T07:50:00Z,125.6844,43.1844
2026-06-06T08:00:00Z,128.5686,44.1673
2026-06-06T08:10:00Z,131.5257,45.1111
2026-06-06T08:20:00Z,134.5575,46.0122
2026-06-06T08:30:00Z,137.6655,46.867
2026-06-06T08:40:00Z,140.8503,47.6718
2026-06-06T08:50:00Z,144.1117,48.4228
2026-06-06T09:00:00Z,147.4486,49.1164
2026-06-06T09:10:00Z,150.8586,49.7489
2026-06-06T09:20:00Z,154.3382,50.3166
2026-06-06T09:30:00Z,157.8825,50.8163
2026-06-06T09:40:00Z,161.4854,51.2448
2026-06-06T09:50:00Z,165.1396,51.5994
2026-06-06T10:00:00Z,168.8363,51.8775
2026-06-06T10:10:00Z,172.566,52.0773
2026-06-06T10:20:00Z,176.3181,52.1974
2026-06-06T10:30:00Z,180.0815,52.2368
2026-06-06T10:40:00Z,183.8447,52.1953
2026-06-06T10:50:00Z,187.5963,52.0732
2026-06-06T11:00:00Z,191.3252,51.8713
2026-06-06T11:10:00Z,195.0208,51.5912
2026-06-06T11:20:00Z,198.6736,51.2348
2026-06-06T11:30:00Z,202.2749,50.8045
2026-06-06T11:40:00Z,205.8174,50.3031
2026-06-06T11:50:00Z,209.2951,49.7337
2026-06-06T12:00:00Z,212.703,49.0998
2026-06-06T12:10:00Z,216.0377,48.4049
2026-06-06T12:20:00Z,219.297,47.6526
2026-06-06T12:30:00Z,222.4796,46.8468
2026-06-06T12:40:00Z,225.5854,45.9911
2026-06-06T12:50:00Z,228.6151,45.0892
2026-06-06T13:00:00Z,231.5701,44.1448
2026-06-06T13:10:00Z,234.4523,43.1614
2026-06-06T13:20:00Z,237.2643,42.1424
2026-06-06T13:30:00Z,240.009,41.0911
2026-06-06T13:40:00Z,242.6895,40.0107
2026-06-06T13:50:00Z,245.3091,38.9042
2026-06-06T14:00:00Z,247.8712,37.7744
2026-06-06T14:10:00Z,250.3795,36.6242
2026-06-06T14:20:00Z,252.8373,35.456
2026-06-06T14:30:00Z,255.2483,34.2725
2026-06-06T14:40:00Z,257.6159,33.0759
2026-06-06T14:50:00Z,259.9435,31.8686
2026-06-06T15:00:00Z,262.2344,30.6527
2026-06-06T15:10:00Z,264.4918,29.4302
2026-06-06T15:20:00Z,266.7188,28.2033
2026-06-06T15:30:00Z,268.9184,26.9737
2026-06-06T15:40:00Z,271.0934,25.7434
2026-06-06T15:50:00Z,273.2466,24.5141
2026-06-06T16:00:00Z,275.3806,23.2876
2026-06-06T16:10:00Z,277.498,22.0656
2026-06-06T16:20:00Z,279.6012,20.8497
2026-06-06T16:30:00Z,281.6925,19.6417
2026-06-06T16:40:00Z,283.774,18.4431
2026-06-06T16:50:00Z,285.8478,17.2554
2026-06-06T17:00:00Z,287.9161,16.0804
2026-06-06T17:10:00Z,289.9805,14.9195
2026-06-06T17:20:00Z,292.043,13.7745
2026-06-06T17:30:00Z,294.1052,12.6468
2026-06-06T17:40:00Z,296.1687,11.5382
2026-06-06T17:50:00Z,298.2351,10.4503
2026-06-06T18:00:00Z,300.3057,9.3849
2026-06-06T18:10:00Z,302.3818,8.3438
2026-06-06T18:20:00Z,304.4647,7.3289
2026-06-06T18:30:00Z,306.5554,6.3422
2026-06-06T18:40:00Z,308.655,5.3861
2026-06-06T18:50:00Z,310.7644,4.4634
2026-06-06T19:00:00Z,312.8844,3.5786
2026-06-06T19:10:00Z,315.0157,2.734
2026-06-06T19:20:00Z,317.1588,1.9347
2026-06-06T19:30:00Z,319.3142,1.1873
2026-06-06T19:40:00Z,321.4822,0.4984
2026-06-07T01:20:00Z,38.5641,0.5336
2026-06-07T01:30:00Z,40.731,1.2259
2026-06-07T01:40:00Z,42.8852,1.9764
2026-06-07T01:50:00Z,45.0271,2.7783
2026-06-07T02:00:00Z,47.1572,3.6254
2026-06-07T02:10:00Z,49.2759,4.5125
2026-06-07T02:20:00Z,51.3841,5.4373
2026-06-07T02:30:00Z,53.4825,6.3954
2026-06-07T02:40:00Z,55.572,7.3839
2026-06-07T02:50:00Z,57.6537,8.4007
2026-06-07T03:00:00Z,59.7286,9.4435
2026-06-07T03:10:00Z,61.798,10.5106
2026-06-07T03:20:00Z,63.8632,11.6
2026-06-07T03:30:00Z,65.9256,12.7102
2026-06-07T03:40:00Z,67.9867,13.8393
2026-06-07T03:50:00Z,70.048,14.9858
2026-06-07T04:00:00Z,72.1114,16.148
2026-06-07T04:10:00Z,74.1786,17.3244
2026-06-07T04:20:00Z,76.2515,18.5134
2026-06-07T04:30:00Z,78.3321,19.7134
2026-06-07T04:40:00Z,80.4224,20.9227
2026-06-07T04:50:00Z,82.5247,22.1398
2026-06-07T05:00:00Z,84.6413,23.363
2026-06-07T05:10:00Z,86.7746,24.5907
2026-06-07T05:20:00Z,88.9272,25.8211
2026-06-07T05:30:00Z,91.1016,27.0526
2026-06-07T05:40:00Z,93.3006,28.2833
2026-06-07T05:50:00Z,95.5272,29.5114
2026-06-07T06:00:00Z,97.7842,30.735
2026-06-07T06:10:00Z,100.0749,31.952
2026-06-07T06:20:00Z,102.4024,33.1604
2026-06-07T06:30:00Z,104.77,34.358
2026-06-07T06:40:00Z,107.1812,35.5426
2026-06-07T06:50:00Z,109.6393,36.7118
2026-06-07T07:00:00Z,112.1481,37.8631
2026-06-07T07:10:00Z,114.7109,38.9939
2026-06-07T07:20:00Z,117.3314,40.1015
2026-06-07T07:30:00Z,120.013,41.1829
2026-06-07T07:40:00Z,122.7591,42.2351
2026-06-07T07:50:00Z,125.5727,43.255
2026-06-07T08:00:00Z,128.4569,44.2393
2026-06-07T08:10:00Z,131.4142,45.1846
2026-06-07T08:20:00Z,134.4464,46.0872
2026-06-07T08:30:00Z,137.5552,46.9437
2026-06-07T08:40:00Z,140.7411,47.7502
2026-06-07T08:50:00Z,144.004,48.5031
2026-06-07T09:00:00Z,147.3427,49.1985
2026-06-07T09:10:00Z,150.755,49.8329
2026-06-07T09:20:00Z,154.2373,50.4025
2026-06-07T09:30:00Z,157.7848,50.9041
2026-06-07T09:40:00Z,161.3914,51.3346
2026-06-07T09:50:00Z,165.0496,51.6909
2026-06-07T10:00:00Z,168.7509,51.9709
2026-06-07T10:10:00Z,172.4855,52.1724
2026-06-07T10:20:00Z,176.2428,52.2941
2026-06-07T10:30:00Z,180.0117,52.335
2026-06-07T10:40:00Z,183.7806,52.2949
2026-06-07T10:50:00Z,187.5381,52.174
2026-06-07T11:00:00Z,191.2729,51.9733
2026-06-07T11:10:00Z,194.9744,51.6942
2026-06-07T11:20:00Z,198.633,51.3386
2026-06-07T11:30:00Z,202.24,50.909
2026-06-07T11:40:00Z,205.7879,50.4082
2026-06-07T11:50:00Z,209.2707,49.8393
2026-06-07T12:00:00Z,212.6835,49.2057
2026-06-07T12:10:00Z,216.0228,48.5111
2026-06-07T12:20:00Z,219.2863,47.759
2026-06-07T12:30:00Z,222.4728,46.9533
2026-06-07T12:40:00Z,225.5821,46.0976
2026-06-07T12:50:00Z,228.615,45.1957
2026-06-07T13:00:00Z,231.5728,44.2512
2026-06-07T13:10:00Z,234.4576,43.2677
2026-06-07T13:20:00Z,237.2718,42.2486
2026-06-07T13:30:00Z,240.0185,41.1972
2026-06-07T13:40:00Z,242.7006,40.1167
2026-06-07T13:50:00Z,245.3217,39.01
2026-06-07T14:00:00Z,247.885,37.8801
2026-06-07T14:10:00Z,250.3943,36.7297
2026-06-07T14:20:00Z,252.853,35.5614
2026-06-07T14:30:00Z,255.2646,34.3777
2026-06-07T14:40:00Z,257.6327,33.181
2026-06-07T14:50:00Z,259.9607,31.9736
2026-06-07T15:00:00Z,262.2518,30.7575
2026-06-07T15:10:00Z,264.5093,29.535
2026-06-07T15:20:00Z,266.7363,28.308
2026-06-07T15:30:00Z,268.9357,27.0784
2026-06-07T15:40:00Z,271.1105,25.848
2026-06-07T15:50:00Z,273.2634,24.6187
2026-06-07T16:00:00Z,275.3971,23.3922
2026-06-07T16:10:00Z,277.514,22.1701
2026-06-07T16:20:00Z,279.6166,20.9543
2026-06-07T16:30:00Z,281.7072,19.7462
2026-06-07T16:40:00Z,283.7881,18.5476
2026-06-07T16:50:00Z,285.8612,17.3599
2026-06-07T17:00:00Z,287.9286,16.1849
2026-06-07T17:10:00Z,289.9921,15.0241
2026-06-07T17:20:00Z,292.0537,13.879
2026-06-07T17:30:00Z,294.1149,12.7513
2026-06-07T17:40:00Z,296.1773,11.6426
2026-06-07T17:50:00Z,298.2425,10.5547
2026-06-07T18:00:00Z,300.3119,9.4891
2026-06-07T18:10:00Z,302.3868,8.4478
2026-06-07T18:20:00Z,304.4684,7.4326
2026-06-07T18:30:00Z,306.5577,6.4455
2026-06-07T18:40:00Z,308.6559,5.4889
2026-06-07T18:50:00Z,310.7639,4.5653
2026-06-07T19:00:00Z,312.8823,3.6794
2026-06-07T19:10:00Z,315.012,2.8333
2026-06-07T19:20:00Z,317.1534,2.0319
2026-06-07T19:30:00Z,319.3071,1.2814
2026-06-07T19:40:00Z,321.4734,0.5883
2026-06-08T01:20:00Z,38.4918,0.5975
2026-06-08T01:30:00Z,40.6575,1.2915
2026-06-08T01:40:00Z,42.8106,2.0429
2026-06-08T01:50:00Z,44.9513,2.8451
2026-06-08T02:00:00Z,47.0803,3.692
2026-06-08T02:10:00Z,49.198,4.5786
2026-06-08T02:20:00Z,51.3051,5.5029
2026-06-08T02:30:00Z,53.4025,6.4603
2026-06-08T02:40:00Z,55.4911,7.448
2026-06-08T02:50:00Z,57.5718,8.4639
2026-06-08T03:00:00Z,59.6457,9.5059
2026-06-08T03:10:00Z,61.7142,10.5722
2026-06-08T03:20:00Z,63.7784,11.6608
2026-06-08T03:30:00Z,65.8399,12.7702
2026-06-08T03:40:00Z,67.9001,13.8986
2026-06-08T03:50:00Z,69.9605,15.0445
2026-06-08T04:00:00Z,72.023,16.2061
2026-06-08T04:10:00Z,74.0892,17.3819
2026-06-08T04:20:00Z,76.1612,18.5703
2026-06-08T04:30:00Z,78.2408,19.7698
2026-06-08T04:40:00Z,80.3302,20.9788
2026-06-08T04:50:00Z,82.4315,22.1955
2026-06-08T05:00:00Z,84.5472,23.4185
2026-06-08T05:10:00Z,86.6795,24.646
2026-06-08T05:20:00Z,88.831,25.8763
2026-06-08T05:30:00Z,91.0044,27.1078
2026-06-08T05:40:00Z,93.2024,28.3385
2026-06-08T05:50:00Z,95.428,29.5667
2026-06-08T06:00:00Z,97.684,30.7905
2026-06-08T06:10:00Z,99.9736,32.0078
2026-06-08T06:20:00Z,102.3001,33.2166
2026-06-08T06:30:00Z,104.6667,34.4147
2026-06-08T06:40:00Z,107.0769,35.5999
2026-06-08T06:50:00Z,109.5341,36.7698
2026-06-08T07:00:00Z,112.042,37.9218
2026-06-08T07:10:00Z,114.604,39.0535
2026-06-08T07:20:00Z,117.2237,40.162
2026-06-08T07:30:00Z,119.9047,41.2444
2026-06-08T07:40:00Z,122.6502,42.2978
2026-06-08T07:50:00Z,125.4636,43.319
2026-06-08T08:00:00Z,128.3476,44.3047
2026-06-08T08:10:00Z,131.3048,45.2514
2026-06-08T08:20:00Z,134.3374,46.1557
2026-06-08T08:30:00Z,137.4467,47.0137
2026-06-08T08:40:00Z,140.6335,47.822
2026-06-08T08:50:00Z,143.8976,48.5766
2026-06-08T09:00:00Z,147.2379,49.2739
2026-06-08T09:10:00Z,150.6522,49.9101
2026-06-08T09:20:00Z,154.1369,50.4817
2026-06-08T09:30:00Z,157.6873,50.9852
2026-06-08T09:40:00Z,161.2972,51.4175
2026-06-08T09:50:00Z,164.9592,51.7757
2026-06-08T10:00:00Z,168.6646,52.0574
2026-06-08T10:10:00Z,172.4038,52.2607
2026-06-08T10:20:00Z,176.166,52.384
2026-06-08T10:30:00Z,179.94,52.4265
2026-06-08T10:40:00Z,183.7143,52.3878
2026-06-08T10:50:00Z,187.4772,52.2683
2026-06-08T11:00:00Z,191.2176,52.0687
2026-06-08T11:10:00Z,194.9247,51.7907
2026-06-08T11:20:00Z,198.5888,51.436
2026-06-08T11:30:00Z,202.2012,51.0072
2026-06-08T11:40:00Z,205.7543,50.5071
2026-06-08T11:50:00Z,209.2421,49.9387
2026-06-08T12:00:00Z,212.6595,49.3056
2026-06-08T12:10:00Z,216.0032,48.6113
2026-06-08T12:20:00Z,219.2707,47.8595
2026-06-08T12:30:00Z,222.461,47.0539
2026-06-08T12:40:00Z,225.5737,46.1984
2026-06-08T12:50:00Z,228.6097,45.2965
2026-06-08T13:00:00Z,231.5703,44.3521
2026-06-08T13:10:00Z,234.4576,43.3685
2026-06-08T13:20:00Z,237.2741,42.3494
2026-06-08T13:30:00Z,240.0226,41.2979
2026-06-08T13:40:00Z,242.7065,40.2173
2026-06-08T13:50:00Z,245.329,39.1105
2026-06-08T14:00:00Z,247.8936,37.9805
2026-06-08T14:10:00Z,250.4039,36.8299
2026-06-08T14:20:00Z,252.8634,35.6615
2026-06-08T14:30:00Z,255.2758,34.4777
2026-06-08T14:40:00Z,257.6444,33.2809
2026-06-08T14:50:00Z,259.9728,32.0734
2026-06-08T15:00:00Z,262.2641,30.8573
2026-06-08T15:10:00Z,264.5218,29.6347
2026-06-08T15:20:00Z,266.7488,28.4076
2026-06-08T15:30:00Z,268.9481,27.1779
2026-06-08T15:40:00Z,271.1228,25.9475
2026-06-08T15:50:00Z,273.2754,24.7182
2026-06-08T16:00:00Z,275.4087,23.4916
2026-06-08T16:10:00Z,277.5252,22.2696
2026-06-08T16:20:00Z,279.6274,21.0537
2026-06-08T16:30:00Z,281.7174,19.8456
2026-06-08T16:40:00Z,283.7976,18.6469
2026-06-08T16:50:00Z,285.87,17.4593
2026-06-08T17:00:00Z,287.9367,16.2842
2026-06-08T17:10:00Z,289.9994,15.1233
2026-06-08T17:20:00Z,292.06,13.9782
2026-06-08T17:30:00Z,294.1203,12.8505
2026-06-08T17:40:00Z,296.1817,11.7417
2026-06-08T17:50:00Z,298.2459,10.6536
2026-06-08T18:00:00Z,300.3142,9.5879
2026-06-08T18:10:00Z,302.3879,8.5463
2026-06-08T18:20:00Z,304.4682,7.5308
2026-06-08T18:30:00Z,306.5563,6.5434
2026-06-08T18:40:00Z,308.6532,5.5862
2026-06-08T18:50:00Z,310.7597,4.6618
2026-06-08T19:00:00Z,312.8767,3.7748
2026-06-08T19:10:00Z,315.0048,2.9273
2026-06-08T19:20:00Z,317.1447,2.1239
2026-06-08T19:30:00Z,319.2968,1.3705
2026-06-08T19:40:00Z,321.4615,0.6737
2026-06-08T19:50:00Z,323.6389,0.0397
2026-06-09T01:10:00Z,36.2435,0.0237
2026-06-09T01:20:00Z,38.4209,0.6561
2026-06-09T01:30:00Z,40.5854,1.3514
2026-06-09T01:40:00Z,42.7374,2.1035
2026-06-09T01:50:00Z,44.8772,2.9058
2026-06-09T02:00:00Z,47.0051,3.7524
2026-06-09T02:10:00Z,49.1218,4.6385
2026-06-09T02:20:00Z,51.228,5.5622
2026-06-09T02:30:00Z,53.3245,6.5188
2026-06-09T02:40:00Z,55.4121,7.5057
2026-06-09T02:50:00Z,57.4919,8.5208
2026-06-09T03:00:00Z,59.565,9.562
2026-06-09T03:10:00Z,61.6326,10.6274
2026-06-09T03:20:00Z,63.696,11.7153
2026-06-09T03:30:00Z,65.7566,12.824
2026-06-09T03:40:00Z,67.816,13.9517
2026-06-09T03:50:00Z,69.8756,15.0968
2026-06-09T04:00:00Z,71.9372,16.2578
2026-06-09T04:10:00Z,74.0026,17.4331
2026-06-09T04:20:00Z,76.0736,18.621
2026-06-09T04:30:00Z,78.1523,19.8201
2026-06-09T04:40:00Z,80.2408,21.0286
2026-06-09T04:50:00Z,82.3413,22.2451
2026-06-09T05:00:00Z,84.4559,23.4678
2026-06-09T05:10:00Z,86.5873,24.6951
2026-06-09T05:20:00Z,88.7379,25.9253
2026-06-09T05:30:00Z,90.9103,27.1567
2026-06-09T05:40:00Z,93.1073,28.3875
2026-06-09T05:50:00Z,95.3318,29.6158
2026-06-09T06:00:00Z,97.5868,30.8398
2026-06-09T06:10:00Z,99.8754,32.0574
2026-06-09T06:20:00Z,102.2009,33.2665
2026-06-09T06:30:00Z,104.5665,34.4651
2026-06-09T06:40:00Z,106.9757,35.6508
2026-06-09T06:50:00Z,109.4319,36.8214
2026-06-09T07:00:00Z,111.9388,37.9742
2026-06-09T07:10:00Z,114.5,39.1066
2026-06-09T07:20:00Z,117.1189,40.2161
2026-06-09T07:30:00Z,119.7992,41.2996
2026-06-09T07:40:00Z,122.5441,42.3541
2026-06-09T07:50:00Z,125.357,43.3765
2026-06-09T08:00:00Z,128.2407,44.3635
2026-06-09T08:10:00Z,131.1978,45.3117
2026-06-09T08:20:00Z,134.2305,46.2174
2026-06-09T08:30:00Z,137.3402,47.0771
2026-06-09T08:40:00Z,140.5276,47.887
2026-06-09T08:50:00Z,143.7927,48.6434
2026-06-09T09:00:00Z,147.1344,49.3425
2026-06-09T09:10:00Z,150.5504,49.9806
2026-06-09T09:20:00Z,154.0372,50.554
2026-06-09T09:30:00Z,157.5902,51.0594
2026-06-09T09:40:00Z,161.203,51.4935
2026-06-09T09:50:00Z,164.8684,51.8536
2026-06-09T10:00:00Z,168.5776,52.1372
2026-06-09T10:10:00Z,172.3209,52.3422
2026-06-09T10:20:00Z,176.0876,52.4672
2026-06-09T10:30:00Z,179.8664,52.5113
2026-06-09T10:40:00Z,183.6457,52.4741
2026-06-09T10:50:00Z,187.4138,52.3559
2026-06-09T11:00:00Z,191.1594,52.1576
2026-06-09T11:10:00Z,194.8718,51.8807
2026-06-09T11:20:00Z,198.5411,51.527
2026-06-09T11:30:00Z,202.1586,51.099
2026-06-09T11:40:00Z,205.7167,50.5996
2026-06-09T11:50:00Z,209.2092,50.0319
2026-06-09T12:00:00Z,212.6311,49.3993
2026-06-09T12:10:00Z,215.979,48.7055
2026-06-09T12:20:00Z,219.2505,47.954
2026-06-09T12:30:00Z,222.4443,47.1487
2026-06-09T12:40:00Z,225.5604,46.2933
2026-06-09T12:50:00Z,228.5994,45.3916
2026-06-09T13:00:00Z,231.5627,44.4472
2026-06-09T13:10:00Z,234.4524,43.4637
2026-06-09T13:20:00Z,237.2711,42.4446
2026-06-09T13:30:00Z,240.0216,41.3931
2026-06-09T13:40:00Z,242.7071,40.3124
2026-06-09T13:50:00Z,245.3311,39.2056
2026-06-09T14:00:00Z,247.8969,38.0755
2026-06-09T14:10:00Z,250.4083,36.9249
2026-06-09T14:20:00Z,252.8687,35.7564
2026-06-09T14:30:00Z,255.2818,34.5725
2026-06-09T14:40:00Z,257.651,33.3757
2026-06-09T14:50:00Z,259.9798,32.1681
2026-06-09T15:00:00Z,262.2714,30.9519
2026-06-09T15:10:00Z,264.5293,29.7292
2026-06-09T15:20:00Z,266.7563,28.5021
2026-06-09T15:30:00Z,268.9557,27.2723
2026-06-09T15:40:00Z,271.1302,26.0419
2026-06-09T15:50:00Z,273.2827,24.8125
2026-06-09T16:00:00Z,275.4157,23.5859
2026-06-09T16:10:00Z,277.5318,22.3638
2026-06-09T16:20:00Z,279.6335,21.1479
2026-06-09T16:30:00Z,281.7231,19.9398
2026-06-09T16:40:00Z,283.8027,18.7411
2026-06-09T16:50:00Z,285.8745,17.5534
2026-06-09T17:00:00Z,287.9404,16.3783
2026-06-09T17:10:00Z,290.0024,15.2173
2026-06-09T17:20:00Z,292.0622,14.0721
2026-06-09T17:30:00Z,294.1216,12.9443
2026-06-09T17:40:00Z,296.1821,11.8354
2026-06-09T17:50:00Z,298.2452,10.7472
2026-06-09T18:00:00Z,300.3125,9.6812
2026-06-09T18:10:00Z,302.3851,8.6394
2026-06-09T18:20:00Z,304.4642,7.6236
2026-06-09T18:30:00Z,306.5511,6.6358
2026-06-09T18:40:00Z,308.6467,5.6781
2026-06-09T18:50:00Z,310.7519,4.7528
2026-06-09T19:00:00Z,312.8675,3.8648
2026-06-09T19:10:00Z,314.9943,3.016
2026-06-09T19:20:00Z,317.1327,2.2107
2026-06-09T19:30:00Z,319.2833,1.4547
2026-06-09T19:40:00Z,321.4464,0.7544
2026-06-09T19:50:00Z,323.6222,0.1159
2026-06-10T01:10:00Z,36.1749,0.075
2026-06-10T01:20:00Z,38.3513,0.7091
2026-06-10T01:30:00Z,40.5149,1.4055
2026-06-10T01:40:00Z,42.6659,2.158
2026-06-10T01:50:00Z,44.8047,2.9603
2026-06-10T02:00:00Z,46.9317,3.8065
2026-06-10T02:10:00Z,49.0476,4.6921
2026-06-10T02:20:00Z,51.1529,5.6152
2026-06-10T02:30:00Z,53.2486,6.571
2026-06-10T02:40:00Z,55.3354,7.5571
2026-06-10T02:50:00Z,57.4144,8.5713
2026-06-10T03:00:00Z,59.4867,9.6117
2026-06-10T03:10:00Z,61.5535,10.6764
2026-06-10T03:20:00Z,63.6161,11.7635
2026-06-10T03:30:00Z,65.6759,12.8714
2026-06-10T03:40:00Z,67.7345,13.9985
2026-06-10T03:50:00Z,69.7933,15.143
2026-06-10T04:00:00Z,71.8541,16.3034
2026-06-10T04:10:00Z,73.9186,17.4781
2026-06-10T04:20:00Z,75.9889,18.6655
2026-06-10T04:30:00Z,78.0668,19.8641
2026-06-10T04:40:00Z,80.1544,21.0723
2026-06-10T04:50:00Z,82.2539,22.2884
2026-06-10T05:00:00Z,84.3677,23.5109
2026-06-10T05:10:00Z,86.4982,24.738
2026-06-10T05:20:00Z,88.6478,25.9681
2026-06-10T05:30:00Z,90.8193,27.1995
2026-06-10T05:40:00Z,93.0153,28.4303
2026-06-10T05:50:00Z,95.2388,29.6587
2026-06-10T06:00:00Z,97.4928,30.8829
2026-06-10T06:10:00Z,99.7804,32.1007
2026-06-10T06:20:00Z,102.1049,33.3102
2026-06-10T06:30:00Z,104.4694,34.5092
2026-06-10T06:40:00Z,106.8776,35.6955
2026-06-10T06:50:00Z,109.3329,36.8666
2026-06-10T07:00:00Z,111.8389,38.0201
2026-06-10T07:10:00Z,114.3991,39.1534
2026-06-10T07:20:00Z,117.0172,40.2638
2026-06-10T07:30:00Z,119.6966,41.3483
2026-06-10T07:40:00Z,122.4409,42.4039
2026-06-10T07:50:00Z,125.2532,43.4275
2026-06-10T08:00:00Z,128.1365,44.4158
2026-06-10T08:10:00Z,131.0934,45.3654
2026-06-10T08:20:00Z,134.126,46.2726
2026-06-10T08:30:00Z,137.2358,47.1338
2026-06-10T08:40:00Z,140.4237,47.9454
2026-06-10T08:50:00Z,143.6896,48.7035
2026-06-10T09:00:00Z,147.0323,49.4043
2026-06-10T09:10:00Z,150.4498,50.0442
2026-06-10T09:20:00Z,153.9384,50.6195
2026-06-10T09:30:00Z,157.4936,51.1268
2026-06-10T09:40:00Z,161.109,51.5628
2026-06-10T09:50:00Z,164.7774,51.9247
2026-06-10T10:00:00Z,168.4901,52.2101
2026-06-10T10:10:00Z,172.2372,52.4169
2026-06-10T10:20:00Z,176.008,52.5436
2026-06-10T10:30:00Z,179.7912,52.5893
2026-06-10T10:40:00Z,183.5751,52.5536
2026-06-10T10:50:00Z,187.348,52.4369
2026-06-10T11:00:00Z,191.0985,52.2399
2026-06-10T11:10:00Z,194.8158,51.9641
2026-06-10T11:20:00Z,198.4901,51.6115
2026-06-10T11:30:00Z,202.1124,51.1845
2026-06-10T11:40:00Z,205.6751,50.6859
2026-06-10T11:50:00Z,209.1721,50.1189
2026-06-10T12:00:00Z,212.5983,49.4869
2026-06-10T12:10:00Z,215.9503,48.7935
2026-06-10T12:20:00Z,219.2255,48.0424
2026-06-10T12:30:00Z,222.4229,47.2375
2026-06-10T12:40:00Z,225.5422,46.3823
2026-06-10T12:50:00Z,228.5841,45.4809
2026-06-10T13:00:00Z,231.5501,44.5366
2026-06-10T13:10:00Z,234.4422,43.5533
2026-06-10T13:20:00Z,237.263,42.5342
2026-06-10T13:30:00Z,240.0154,41.4827
2026-06-10T13:40:00Z,242.7026,40.402
2026-06-10T13:50:00Z,245.328,39.2952
2026-06-10T14:00:00Z,247.8951,38.1651
2026-06-10T14:10:00Z,250.4075,37.0145
2026-06-10T14:20:00Z,252.8689,35.8459
2026-06-10T14:30:00Z,255.2827,34.662
2026-06-10T14:40:00Z,257.6525,33.4651
2026-06-10T14:50:00Z,259.9817,32.2575
2026-06-10T15:00:00Z,262.2738,31.0413
2026-06-10T15:10:00Z,264.5318,29.8185
2026-06-10T15:20:00Z,266.759,28.5913
2026-06-10T15:30:00Z,268.9584,27.3616
2026-06-10T15:40:00Z,271.1328,26.131
2026-06-10T15:50:00Z,273.2851,24.9016
2026-06-10T16:00:00Z,275.4179,23.675
2026-06-10T16:10:00Z,277.5338,22.4528
2026-06-10T16:20:00Z,279.6351,21.2369
2026-06-10T16:30:00Z,281.7242,20.0287
2026-06-10T16:40:00Z,283.8033,18.8299
2026-06-10T16:50:00Z,285.8745,17.6422
2026-06-10T17:00:00Z,287.9398,16.467
2026-06-10T17:10:00Z,290.0011,15.306
2026-06-10T17:20:00Z,292.0601,14.1607
2026-06-10T17:30:00Z,294.1187,13.0327
2026-06-10T17:40:00Z,296.1783,11.9237
2026-06-10T17:50:00Z,298.2406,10.8352
2026-06-10T18:00:00Z,300.3068,9.7691
2026-06-10T18:10:00Z,302.3784,8.727
2026-06-10T18:20:00Z,304.4565,7.7108
2026-06-10T18:30:00Z,306.5423,6.7226
2026-06-10T18:40:00Z,308.6367,5.7643
2026-06-10T18:50:00Z,310.7407,4.8382
2026-06-10T19:00:00Z,312.855,3.9492
2026-06-10T19:10:00Z,314.9804,3.0991
2026-06-10T19:20:00Z,317.1175,2.2921
2026-06-10T19:30:00Z,319.2667,1.5337
2026-06-10T19:40:00Z,321.4283,0.8301
2026-06-10T19:50:00Z,323.6027,0.1876
2026-06-11T01:10:00Z,36.1078,0.121
2026-06-11T01:20:00Z,38.2832,0.7566
2026-06-11T01:30:00Z,40.4459,1.4538
2026-06-11T01:40:00Z,42.596,2.2066
2026-06-11T01:50:00Z,44.734,3.0087
2026-06-11T02:00:00Z,46.8602,3.8544
2026-06-11T02:10:00Z,48.9753,4.7394
2026-06-11T02:20:00Z,51.0799,5.6619
2026-06-11T02:30:00Z,53.1748,6.6169
2026-06-11T02:40:00Z,55.2608,7.6022
2026-06-11T02:50:00Z,57.3391,8.6156
2026-06-11T03:00:00Z,59.4107,9.6552
2026-06-11T03:10:00Z,61.4768,10.7191
2026-06-11T03:20:00Z,63.5387,11.8055
2026-06-11T03:30:00Z,65.5978,12.9127
2026-06-11T03:40:00Z,67.6556,14.039
2026-06-11T03:50:00Z,69.7137,15.1829
2026-06-11T04:00:00Z,71.7738,16.3427
2026-06-11T04:10:00Z,73.8376,17.5169
2026-06-11T04:20:00Z,75.9071,18.7038
2026-06-11T04:30:00Z,77.9842,19.902
2026-06-11T04:40:00Z,80.071,21.1098
2026-06-11T04:50:00Z,82.1697,22.3256
2026-06-11T05:00:00Z,84.2827,23.5478
2026-06-11T05:10:00Z,86.4122,24.7748
2026-06-11T05:20:00Z,88.561,26.0047
2026-06-11T05:30:00Z,90.7315,27.2361
2026-06-11T05:40:00Z,92.9266,28.4669
2026-06-11T05:50:00Z,95.1492,29.6954
2026-06-11T06:00:00Z,97.4022,30.9197
2026-06-11T06:10:00Z,99.6888,32.1378
2026-06-11T06:20:00Z,102.0122,33.3477
2026-06-11T06:30:00Z,104.3757,34.5471
2026-06-11T06:40:00Z,106.7829,35.7339
2026-06-11T06:50:00Z,109.2372,36.9056
2026-06-11T07:00:00Z,111.7421,38.0598
2026-06-11T07:10:00Z,114.3014,39.1939
2026-06-11T07:20:00Z,116.9186,40.3051
2026-06-11T07:30:00Z,119.5972,41.3906
2026-06-11T07:40:00Z,122.3406,42.4473
2026-06-11T07:50:00Z,125.1523,43.472
2026-06-11T08:00:00Z,128.035,44.4616
2026-06-11T08:10:00Z,130.9915,45.4125
2026-06-11T08:20:00Z,134.0239,46.3211
2026-06-11T08:30:00Z,137.1338,47.1839
2026-06-11T08:40:00Z,140.3219,47.9971
2026-06-11T08:50:00Z,143.5883,48.7568
2026-06-11T09:00:00Z,146.9319,49.4594
2026-06-11T09:10:00Z,150.3505,50.1011
2026-06-11T09:20:00Z,153.8406,50.6782
2026-06-11T09:30:00Z,157.3977,51.1873
2026-06-11T09:40:00Z,161.0154,51.6252
2026-06-11T09:50:00Z,164.6865,51.989
2026-06-11T10:00:00Z,168.4022,52.2762
2026-06-11T10:10:00Z,172.1526,52.4848
2026-06-11T10:20:00Z,175.9272,52.6132
2026-06-11T10:30:00Z,179.7144,52.6605
2026-06-11T10:40:00Z,183.5025,52.6264
2026-06-11T10:50:00Z,187.2799,52.5111
2026-06-11T11:00:00Z,191.035,52.3155
2026-06-11T11:10:00Z,194.7569,52.0409
2026-06-11T11:20:00Z,198.4357,51.6894
2026-06-11T11:30:00Z,202.0625,51.2634
2026-06-11T11:40:00Z,205.6297,50.7657
2026-06-11T11:50:00Z,209.131,50.1995
2026-06-11T12:00:00Z,212.5613,49.5682
2026-06-11T12:10:00Z,215.9171,48.8754
2026-06-11T12:20:00Z,219.1959,48.1248
2026-06-11T12:30:00Z,222.3967,47.3202
2026-06-11T12:40:00Z,225.5191,46.4655
2026-06-11T12:50:00Z,228.5638,45.5642
2026-06-11T13:00:00Z,231.5324,44.6202
2026-06-11T13:10:00Z,234.4269,43.637
2026-06-11T13:20:00Z,237.2498,42.6181
2026-06-11T13:30:00Z,240.004,41.5667
2026-06-11T13:40:00Z,242.6929,40.4861
2026-06-11T13:50:00Z,245.3197,39.3793
2026-06-11T14:00:00Z,247.8881,38.2492
2026-06-11T14:10:00Z,250.4017,37.0986
2026-06-11T14:20:00Z,252.8639,35.9301
2026-06-11T14:30:00Z,255.2785,34.7462
2026-06-11T14:40:00Z,257.649,33.5492
2026-06-11T14:50:00Z,259.9787,32.3416
2026-06-11T15:00:00Z,262.2711,31.1253
2026-06-11T15:10:00Z,264.5295,29.9026
2026-06-11T15:20:00Z,266.7568,28.6753
2026-06-11T15:30:00Z,268.9563,27.4455
2026-06-11T15:40:00Z,271.1307,26.2149
2026-06-11T15:50:00Z,273.2829,24.9854
2026-06-11T16:00:00Z,275.4156,23.7587
2026-06-11T16:10:00Z,277.5312,22.5366
2026-06-11T16:20:00Z,279.6321,21.3205
2026-06-11T16:30:00Z,281.7209,20.1123
2026-06-11T16:40:00Z,283.7995,18.9135
2026-06-11T16:50:00Z,285.8702,17.7256
2026-06-11T17:00:00Z,287.9349,16.5503
2026-06-11T17:10:00Z,289.9956,15.3892
2026-06-11T17:20:00Z,292.0539,14.2437
2026-06-11T17:30:00Z,294.1118,13.1156
2026-06-11T17:40:00Z,296.1706,12.0064
2026-06-11T17:50:00Z,298.232,10.9178
2026-06-11T18:00:00Z,300.2974,9.8514
2026-06-11T18:10:00Z,302.368,8.809
2026-06-11T18:20:00Z,304.4451,7.7924
2026-06-11T18:30:00Z,306.5298,6.8037
2026-06-11T18:40:00Z,308.6231,5.8449
2026-06-11T18:50:00Z,310.726,4.918
2026-06-11T19:00:00Z,312.8391,4.028
2026-06-11T19:10:00Z,314.9633,3.1768
2026-06-11T19:20:00Z,317.0991,2.368
2026-06-11T19:30:00Z,319.247,1.6074
2026-06-11T19:40:00Z,321.4072,0.9009
2026-06-11T19:50:00Z,323.5802,0.2546
2026-06-12T01:10:00Z,36.042,0.1617
2026-06-12T01:20:00Z,38.2166,0.7983
2026-06-12T01:30:00Z,40.3785,1.4961
2026-06-12T01:40:00Z,42.5279,2.249
2026-06-12T01:50:00Z,44.6652,3.0509
2026-06-12T02:00:00Z,46.7907,3.8961
2026-06-12T02:10:00Z,48.9051,4.7805
2026-06-12T02:20:00Z,51.009,5.7022
2026-06-12T02:30:00Z,53.1032,6.6564
2026-06-12T02:40:00Z,55.1887,7.6409
2026-06-12T02:50:00Z,57.2663,8.6536
2026-06-12T03:00:00Z,59.3373,9.6924
2026-06-12T03:10:00Z,61.4027,10.7555
2026-06-12T03:20:00Z,63.464,11.8411
2026-06-12T03:30:00Z,65.5224,12.9476
2026-06-12T03:40:00Z,67.5796,14.0733
2026-06-12T03:50:00Z,69.637,15.2166
2026-06-12T04:00:00Z,71.6964,16.3758
2026-06-12T04:10:00Z,73.7595,17.5495
2026-06-12T04:20:00Z,75.8283,18.736
2026-06-12T04:30:00Z,77.9046,19.9337
2026-06-12T04:40:00Z,79.9907,21.1411
2026-06-12T04:50:00Z,82.0887,22.3566
2026-06-12T05:00:00Z,84.2008,23.5786
2026-06-12T05:10:00Z,86.3295,24.8054
2026-06-12T05:20:00Z,88.4774,26.0352
2026-06-12T05:30:00Z,90.647,27.2665
2026-06-12T05:40:00Z,92.8412,28.4973
2026-06-12T05:50:00Z,95.0629,29.726
2026-06-12T06:00:00Z,97.3149,30.9504
2026-06-12T06:10:00Z,99.6005,32.1688
2026-06-12T06:20:00Z,101.9229,33.379
2026-06-12T06:30:00Z,104.2855,34.5788
2026-06-12T06:40:00Z,106.6916,35.766
2026-06-12T06:50:00Z,109.1448,36.9383
2026-06-12T07:00:00Z,111.6488,38.0932
2026-06-12T07:10:00Z,114.2071,39.228
2026-06-12T07:20:00Z,116.8233,40.34
2026-06-12T07:30:00Z,119.5009,41.4264
2026-06-12T07:40:00Z,122.2436,42.4842
2026-06-12T07:50:00Z,125.0544,43.51
2026-06-12T08:00:00Z,127.9365,44.5008
2026-06-12T08:10:00Z,130.8925,45.453
2026-06-12T08:20:00Z,133.9245,46.3631
2026-06-12T08:30:00Z,137.0342,47.2273
2026-06-12T08:40:00Z,140.2224,48.042
2026-06-12T08:50:00Z,143.4891,48.8034
2026-06-12T09:00:00Z,146.8332,49.5077
2026-06-12T09:10:00Z,150.2527,50.1511
2026-06-12T09:20:00Z,153.7441,50.7301
2026-06-12T09:30:00Z,157.3026,51.241
2026-06-12T09:40:00Z,160.9223,51.6807
2026-06-12T09:50:00Z,164.5957,52.0464
2026-06-12T10:00:00Z,168.314,52.3354
2026-06-12T10:10:00Z,172.0675,52.5458
2026-06-12T10:20:00Z,175.8454,52.6759
2026-06-12T10:30:00Z,179.6362,52.7249
2026-06-12T10:40:00Z,183.4282,52.6924
2026-06-12T10:50:00Z,187.2096,52.5786
2026-06-12T11:00:00Z,190.9689,52.3844
2026-06-12T11:10:00Z,194.6951,52.1111
2026-06-12T11:20:00Z,198.3782,51.7608
2026-06-12T11:30:00Z,202.0093,51.3359
2026-06-12T11:40:00Z,205.5806,50.8391
2026-06-12T11:50:00Z,209.0859,50.2738
2026-06-12T12:00:00Z,212.5201,49.6432
2026-06-12T12:10:00Z,215.8795,48.9511
2026-06-12T12:20:00Z,219.1619,48.201
2026-06-12T12:30:00Z,222.3658,47.397
2026-06-12T12:40:00Z,225.4912,46.5426
2026-06-12T12:50:00Z,228.5387,45.6417
2026-06-12T13:00:00Z,231.5098,44.698
2026-06-12T13:10:00Z,234.4066,43.7151
2026-06-12T13:20:00Z,237.2315,42.6963
2026-06-12T13:30:00Z,239.9876,41.6451
2026-06-12T13:40:00Z,242.6781,40.5646
2026-06-12T13:50:00Z,245.3064,39.4579
2026-06-12T14:00:00Z,247.8761,38.3279
2026-06-12T14:10:00Z,250.3907,37.1773
2026-06-12T14:20:00Z,252.854,36.0088
2026-06-12T14:30:00Z,255.2694,34.8249
2026-06-12T14:40:00Z,257.6405,33.628
2026-06-12T14:50:00Z,259.9708,32.4203
2026-06-12T15:00:00Z,262.2636,31.204
2026-06-12T15:10:00Z,264.5223,29.9812
2026-06-12T15:20:00Z,266.7499,28.7539
2026-06-12T15:30:00Z,268.9494,27.5241
2026-06-12T15:40:00Z,271.1239,26.2935
2026-06-12T15:50:00Z,273.2761,25.0639
2026-06-12T16:00:00Z,275.4086,23.8372
2026-06-12T16:10:00Z,277.524,22.6149
2026-06-12T16:20:00Z,279.6247,21.3988
2026-06-12T16:30:00Z,281.7131,20.1905
2026-06-12T16:40:00Z,283.7914,18.9916
2026-06-12T16:50:00Z,285.8616,17.8036
2026-06-12T17:00:00Z,287.9258,16.6282
2026-06-12T17:10:00Z,289.9859,15.4669
2026-06-12T17:20:00Z,292.0437,14.3213
2026-06-12T17:30:00Z,294.1008,13.193
2026-06-12T17:40:00Z,296.1589,12.0836
2026-06-12T17:50:00Z,298.2196,10.9947
2026-06-12T18:00:00Z,300.2841,9.928
2026-06-12T18:10:00Z,302.3538,8.8853
2026-06-12T18:20:00Z,304.43,7.8683
2026-06-12T18:30:00Z,306.5138,6.8791
2026-06-12T18:40:00Z,308.6061,5.9198
2026-06-12T18:50:00Z,310.7079,4.9921
2026-06-12T19:00:00Z,312.8199,4.1012
2026-06-12T19:10:00Z,314.943,3.2487
2026-06-12T19:20:00Z,317.0776,2.4385
2026-06-12T19:30:00Z,319.2242,1.6757
2026-06-12T19:40:00Z,321.3833,0.9665
2026-06-12T19:50:00Z,323.555,0.3168
2026-06-13T01:10:00Z,35.9778,0.197
2026-06-13T01:20:00Z,38.1517,0.8344
2026-06-13T01:30:00Z,40.3129,1.5325
2026-06-13T01:40:00Z,42.4617,2.2854
2026-06-13T01:50:00Z,44.5983,3.0869
2026-06-13T02:00:00Z,46.7232,3.9315
2026-06-13T02:10:00Z,48.837,4.8152
2026-06-13T02:20:00Z,50.9403,5.7363
2026-06-13T02:30:00Z,53.034,6.6897
2026-06-13T02:40:00Z,55.1189,7.6734
2026-06-13T02:50:00Z,57.196,8.6852
2026-06-13T03:00:00Z,59.2664,9.7233
2026-06-13T03:10:00Z,61.3313,10.7856
2026-06-13T03:20:00Z,63.392,11.8706
2026-06-13T03:30:00Z,65.4499,12.9764
2026-06-13T03:40:00Z,67.5064,14.1014
2026-06-13T03:50:00Z,69.5633,15.2441
2026-06-13T04:00:00Z,71.622,16.4028
2026-06-13T04:10:00Z,73.6845,17.5759
2026-06-13T04:20:00Z,75.7526,18.7619
2026-06-13T04:30:00Z,77.8283,19.9593
2026-06-13T04:40:00Z,79.9137,21.1664
2026-06-13T04:50:00Z,82.0109,22.3816
2026-06-13T05:00:00Z,84.1222,23.6033
2026-06-13T05:10:00Z,86.2502,24.8299
2026-06-13T05:20:00Z,88.3972,26.0596
2026-06-13T05:30:00Z,90.566,27.2908
2026-06-13T05:40:00Z,92.7594,28.5217
2026-06-13T05:50:00Z,94.9801,29.7504
2026-06-13T06:00:00Z,97.2312,30.975
2026-06-13T06:10:00Z,99.5158,32.1936
2026-06-13T06:20:00Z,101.8372,33.4041
2026-06-13T06:30:00Z,104.1987,34.6043
2026-06-13T06:40:00Z,106.6039,35.792
2026-06-13T06:50:00Z,109.0561,36.9648
2026-06-13T07:00:00Z,111.559,38.1203
2026-06-13T07:10:00Z,114.1162,39.2558
2026-06-13T07:20:00Z,116.7314,40.3686
2026-06-13T07:30:00Z,119.4081,41.4559
2026-06-13T07:40:00Z,122.1498,42.5146
2026-06-13T07:50:00Z,124.9598,43.5416
2026-06-13T08:00:00Z,127.8411,44.5335
2026-06-13T08:10:00Z,130.7964,45.487
2026-06-13T08:20:00Z,133.828,46.3984
2026-06-13T08:30:00Z,136.9373,47.2641
2026-06-13T08:40:00Z,140.1253,48.0804
2026-06-13T08:50:00Z,143.392,48.8433
2026-06-13T09:00:00Z,146.7365,49.5493
2026-06-13T09:10:00Z,150.1566,50.1944
2026-06-13T09:20:00Z,153.6489,50.7751
2026-06-13T09:30:00Z,157.2087,51.2879
2026-06-13T09:40:00Z,160.8299,51.7294
2026-06-13T09:50:00Z,164.5052,52.0969
2026-06-13T10:00:00Z,168.2259,52.3877
2026-06-13T10:10:00Z,171.982,52.5999
2026-06-13T10:20:00Z,175.7628,52.7318
2026-06-13T10:30:00Z,179.5569,52.7825
2026-06-13T10:40:00Z,183.3523,52.7516
2026-06-13T10:50:00Z,187.1374,52.6393
2026-06-13T11:00:00Z,190.9005,52.4465
2026-06-13T11:10:00Z,194.6306,52.1746
2026-06-13T11:20:00Z,198.3177,51.8256
2026-06-13T11:30:00Z,201.9527,51.4018
2026-06-13T11:40:00Z,205.5279,50.9061
2026-06-13T11:50:00Z,209.037,50.3416
2026-06-13T12:00:00Z,212.4748,49.7119
2026-06-13T12:10:00Z,215.8377,49.0205
2026-06-13T12:20:00Z,219.1233,48.2711
2026-06-13T12:30:00Z,222.3304,47.4676
2026-06-13T12:40:00Z,225.4587,46.6137
2026-06-13T12:50:00Z,228.5088,45.7132
2026-06-13T13:00:00Z,231.4824,44.7699
2026-06-13T13:10:00Z,234.3813,43.7872
2026-06-13T13:20:00Z,237.2083,42.7687
2026-06-13T13:30:00Z,239.9662,41.7177
2026-06-13T13:40:00Z,242.6584,40.6374
2026-06-13T13:50:00Z,245.2881,39.5308
2026-06-13T14:00:00Z,247.8591,38.4009
2026-06-13T14:10:00Z,250.3748,37.2504
2026-06-13T14:20:00Z,252.839,36.082
2026-06-13T14:30:00Z,255.2552,34.8981
2026-06-13T14:40:00Z,257.6271,33.7012
2026-06-13T14:50:00Z,259.9579,32.4935
2026-06-13T15:00:00Z,262.2513,31.2773
2026-06-13T15:10:00Z,264.5103,30.0545
2026-06-13T15:20:00Z,266.7381,28.8272
2026-06-13T15:30:00Z,268.9379,27.5973
2026-06-13T15:40:00Z,271.1125,26.3666
2026-06-13T15:50:00Z,273.2646,25.137
2026-06-13T16:00:00Z,275.3971,23.9102
2026-06-13T16:10:00Z,277.5123,22.6879
2026-06-13T16:20:00Z,279.6129,21.4717
2026-06-13T16:30:00Z,281.701,20.2632
2026-06-13T16:40:00Z,283.7789,19.0642
2026-06-13T16:50:00Z,285.8488,17.8761
2026-06-13T17:00:00Z,287.9125,16.7005
2026-06-13T17:10:00Z,289.9721,15.5391
2026-06-13T17:20:00Z,292.0293,14.3933
2026-06-13T17:30:00Z,294.0859,13.2648
2026-06-13T17:40:00Z,296.1434,12.1551
2026-06-13T17:50:00Z,298.2033,11.0659
2026-06-13T18:00:00Z,300.2671,9.9989
2026-06-13T18:10:00Z,302.336,8.9559
2026-06-13T18:20:00Z,304.4114,7.9385
2026-06-13T18:30:00Z,306.4942,6.9488
2026-06-13T18:40:00Z,308.5856,5.9889
2026-06-13T18:50:00Z,310.6864,5.0605
2026-06-13T19:00:00Z,312.7975,4.1685
2026-06-13T19:10:00Z,314.9195,3.315
2026-06-13T19:20:00Z,317.053,2.5033
2026-06-13T19:30:00Z,319.1986,1.7386
2026-06-13T19:40:00Z,321.3565,1.0268
2026-06-13T19:50:00Z,323.527,0.374
2026-06-14T01:10:00Z,35.9152,0.2269
2026-06-14T01:20:00Z,38.0885,0.8648
2026-06-14T01:30:00Z,40.2491,1.563
2026-06-14T01:40:00Z,42.3973,2.3157
2026-06-14T01:50:00Z,44.5334,3.1167
2026-06-14T02:00:00Z,46.6578,3.9607
2026-06-14T02:10:00Z,48.7711,4.8437
2026-06-14T02:20:00Z,50.874,5.764
2026-06-14T02:30:00Z,52.9672,6.7167
2026-06-14T02:40:00Z,55.0516,7.6996
2026-06-14T02:50:00Z,57.1282,8.7106
2026-06-14T03:00:00Z,59.1981,9.7479
2026-06-14T03:10:00Z,61.2625,10.8095
2026-06-14T03:20:00Z,63.3228,11.8938
2026-06-14T03:30:00Z,65.3801,12.9989
2026-06-14T03:40:00Z,67.4362,14.1233
2026-06-14T03:50:00Z,69.4925,15.2654
2026-06-14T04:00:00Z,71.5507,16.4236
2026-06-14T04:10:00Z,73.6126,17.5962
2026-06-14T04:20:00Z,75.6801,18.7818
2026-06-14T04:30:00Z,77.7552,19.9787
2026-06-14T04:40:00Z,79.8399,21.1855
2026-06-14T04:50:00Z,81.9365,22.4004
2026-06-14T05:00:00Z,84.0471,23.6219
2026-06-14T05:10:00Z,86.1743,24.8483
2026-06-14T05:20:00Z,88.3206,26.0779
2026-06-14T05:30:00Z,90.4886,27.3091
2026-06-14T05:40:00Z,92.681,28.54
2026-06-14T05:50:00Z,94.9009,29.7687
2026-06-14T06:00:00Z,97.1511,30.9935
2026-06-14T06:10:00Z,99.4348,32.2123
2026-06-14T06:20:00Z,101.7552,33.423
2026-06-14T06:30:00Z,104.1157,34.6236
2026-06-14T06:40:00Z,106.5198,35.8117
2026-06-14T06:50:00Z,108.9709,36.9851
2026-06-14T07:00:00Z,111.4728,38.1411
2026-06-14T07:10:00Z,114.029,39.2773
2026-06-14T07:20:00Z,116.6431,40.391
2026-06-14T07:30:00Z,119.3188,41.4791
2026-06-14T07:40:00Z,122.0595,42.5388
2026-06-14T07:50:00Z,124.8685,43.5668
2026-06-14T08:00:00Z,127.749,44.5598
2026-06-14T08:10:00Z,130.7035,45.5145
2026-06-14T08:20:00Z,133.7343,46.4272
2026-06-14T08:30:00Z,136.8431,47.2943
2026-06-14T08:40:00Z,140.0308,48.112
2026-06-14T08:50:00Z,143.2974,48.8765
2026-06-14T09:00:00Z,146.6419,49.5841
2026-06-14T09:10:00Z,150.0623,50.2309
2026-06-14T09:20:00Z,153.5552,50.8133
2026-06-14T09:30:00Z,157.1159,51.3279
2026-06-14T09:40:00Z,160.7384,51.7712
2026-06-14T09:50:00Z,164.4153,52.1405
2026-06-14T10:00:00Z,168.1378,52.4332
2026-06-14T10:10:00Z,171.8962,52.6471
2026-06-14T10:20:00Z,175.6795,52.7808
2026-06-14T10:30:00Z,179.4764,52.8332
2026-06-14T10:40:00Z,183.275,52.8039
2026-06-14T10:50:00Z,187.0634,52.6932
2026-06-14T11:00:00Z,190.8299,52.5019
2026-06-14T11:10:00Z,194.5636,52.2314
2026-06-14T11:20:00Z,198.2542,51.8837
2026-06-14T11:30:00Z,201.8929,51.4611
2026-06-14T11:40:00Z,205.4717,50.9665
2026-06-14T11:50:00Z,208.9843,50.403
2026-06-14T12:00:00Z,212.4256,49.7742
2026-06-14T12:10:00Z,215.7918,49.0836
2026-06-14T12:20:00Z,219.0805,48.3349
2026-06-14T12:30:00Z,222.2905,47.532
2026-06-14T12:40:00Z,225.4215,46.6787
2026-06-14T12:50:00Z,228.4742,45.7787
2026-06-14T13:00:00Z,231.4501,44.8358
2026-06-14T13:10:00Z,234.3512,43.8535
2026-06-14T13:20:00Z,237.1802,42.8353
2026-06-14T13:30:00Z,239.9399,41.7845
2026-06-14T13:40:00Z,242.6337,40.7044
2026-06-14T13:50:00Z,245.2649,39.598
2026-06-14T14:00:00Z,247.8371,38.4683
2026-06-14T14:10:00Z,250.354,37.3179
2026-06-14T14:20:00Z,252.8192,36.1496
2026-06-14T14:30:00Z,255.2362,34.9658
2026-06-14T14:40:00Z,257.6088,33.7689
2026-06-14T14:50:00Z,259.9403,32.5613
2026-06-14T15:00:00Z,262.2341,31.345
2026-06-14T15:10:00Z,264.4935,30.1223
2026-06-14T15:20:00Z,266.7217,28.8949
2026-06-14T15:30:00Z,268.9217,27.665
2026-06-14T15:40:00Z,271.0964,26.4343
2026-06-14T15:50:00Z,273.2487,25.2046
2026-06-14T16:00:00Z,275.3811,23.9777
2026-06-14T16:10:00Z,277.4963,22.7553
2026-06-14T16:20:00Z,279.5967,21.539
2026-06-14T16:30:00Z,281.6846,20.3305
2026-06-14T16:40:00Z,283.7622,19.1313
2026-06-14T16:50:00Z,285.8318,17.9431
2026-06-14T17:00:00Z,287.8952,16.7673
2026-06-14T17:10:00Z,289.9543,15.6057
2026-06-14T17:20:00Z,292.011,14.4597
2026-06-14T17:30:00Z,294.0671,13.3309
2026-06-14T17:40:00Z,296.124,12.221
2026-06-14T17:50:00Z,298.1833,11.1315
2026-06-14T18:00:00Z,300.2464,10.0642
2026-06-14T18:10:00Z,302.3146,9.0207
2026-06-14T18:20:00Z,304.3892,8.0029
2026-06-14T18:30:00Z,306.4713,7.0127
2026-06-14T18:40:00Z,308.5618,6.0521
2026-06-14T18:50:00Z,310.6618,5.123
2026-06-14T19:00:00Z,312.7719,4.2301
2026-06-14T19:10:00Z,314.893,3.3755
2026-06-14T19:20:00Z,317.0255,2.5624
2026-06-14T19:30:00Z,319.1701,1.7959
2026-06-14T19:40:00Z,321.3269,1.0818
2026-06-14T19:50:00Z,323.4963,0.4261
2026-06-15T01:10:00Z,35.8542,0.2512
2026-06-15T01:20:00Z,38.0271,0.8894
2026-06-15T01:30:00Z,40.1873,1.5876
2026-06-15T01:40:00Z,42.335,2.3398
2026-06-15T01:50:00Z,44.4707,3.1403
2026-06-15T02:00:00Z,46.5947,3.9837
2026-06-15T02:10:00Z,48.7076,4.866
2026-06-15T02:20:00Z,50.81,5.7855
2026-06-15T02:30:00Z,52.9028,6.7374
2026-06-15T02:40:00Z,54.9869,7.7195
2026-06-15T02:50:00Z,57.0631,8.7298
2026-06-15T03:00:00Z,59.1326,9.7663
2026-06-15T03:10:00Z,61.1966,10.8272
2026-06-15T03:20:00Z,63.2564,11.9108
2026-06-15T03:30:00Z,65.3134,13.0153
2026-06-15T03:40:00Z,67.369,14.1391
2026-06-15T03:50:00Z,69.4249,15.2806
2026-06-15T04:00:00Z,71.4826,16.4382
2026-06-15T04:10:00Z,73.544,17.6104
2026-06-15T04:20:00Z,75.611,18.7956
2026-06-15T04:30:00Z,77.6855,19.9921
2026-06-15T04:40:00Z,79.7696,21.1985
2026-06-15T04:50:00Z,81.8655,22.4132
2026-06-15T05:00:00Z,83.9755,23.6344
2026-06-15T05:10:00Z,86.102,24.8607
2026-06-15T05:20:00Z,88.2476,26.0902
2026-06-15T05:30:00Z,90.4148,27.3213
2026-06-15T05:40:00Z,92.6064,28.5522
2026-06-15T05:50:00Z,94.8254,29.781
2026-06-15T06:00:00Z,97.0747,31.0059
2026-06-15T06:10:00Z,99.3575,32.2249
2026-06-15T06:20:00Z,101.6769,33.4359
2026-06-15T06:30:00Z,104.0365,34.6368
2026-06-15T06:40:00Z,106.4395,35.8253
2026-06-15T06:50:00Z,108.8896,36.9991
2026-06-15T07:00:00Z,111.3904,38.1558
2026-06-15T07:10:00Z,113.9455,39.2927
2026-06-15T07:20:00Z,116.5585,40.407
2026-06-15T07:30:00Z,119.2331,41.4959
2026-06-15T07:40:00Z,121.9728,42.5565
2026-06-15T07:50:00Z,124.7808,43.5855
2026-06-15T08:00:00Z,127.6602,44.5796
2026-06-15T08:10:00Z,130.6138,45.5355
2026-06-15T08:20:00Z,133.6439,46.4494
2026-06-15T08:30:00Z,136.752,47.3179
2026-06-15T08:40:00Z,139.9391,48.137
2026-06-15T08:50:00Z,143.2053,48.9031
2026-06-15T09:00:00Z,146.5496,49.6122
2026-06-15T09:10:00Z,149.9701,50.2607
2026-06-15T09:20:00Z,153.4633,50.8448
2026-06-15T09:30:00Z,157.0246,51.361
2026-06-15T09:40:00Z,160.648,51.8062
2026-06-15T09:50:00Z,164.3261,52.1773
2026-06-15T10:00:00Z,168.0501,52.4717
2026-06-15T10:10:00Z,171.8103,52.6875
2026-06-15T10:20:00Z,175.5958,52.8229
2026-06-15T10:30:00Z,179.3951,52.877
2026-06-15T10:40:00Z,183.1964,52.8494
2026-06-15T10:50:00Z,186.9876,52.7404
2026-06-15T11:00:00Z,190.7572,52.5506
2026-06-15T11:10:00Z,194.4941,52.2815
2026-06-15T11:20:00Z,198.1881,51.9351
2026-06-15T11:30:00Z,201.83,51.5138
2026-06-15T11:40:00Z,205.4122,51.0203
2026-06-15T11:50:00Z,208.928,50.4579
2026-06-15T12:00:00Z,212.3725,49.8301
2026-06-15T12:10:00Z,215.7418,49.1403
2026-06-15T12:20:00Z,219.0334,48.3924
2026-06-15T12:30:00Z,222.2462,47.5902
2026-06-15T12:40:00Z,225.3798,46.7375
2026-06-15T12:50:00Z,228.435,45.8381
2026-06-15T13:00:00Z,231.4132,44.8957
2026-06-15T13:10:00Z,234.3164,43.9138
2026-06-15T13:20:00Z,237.1473,42.8959
2026-06-15T13:30:00Z,239.9087,41.8455
2026-06-15T13:40:00Z,242.6041,40.7657
2026-06-15T13:50:00Z,245.2367,39.6595
2026-06-15T14:00:00Z,247.8102,38.53
2026-06-15T14:10:00Z,250.3282,37.3798
2026-06-15T14:20:00Z,252.7944,36.2116
2026-06-15T14:30:00Z,255.2124,35.0279
2026-06-15T14:40:00Z,257.5857,33.8311
2026-06-15T14:50:00Z,259.9179,32.6235
2026-06-15T15:00:00Z,262.2122,31.4073
2026-06-15T15:10:00Z,264.4721,30.1845
2026-06-15T15:20:00Z,266.7007,28.9572
2026-06-15T15:30:00Z,268.9009,27.7272
2026-06-15T15:40:00Z,271.0758,26.4965
2026-06-15T15:50:00Z,273.2282,25.2667
2026-06-15T16:00:00Z,275.3607,24.0398
2026-06-15T16:10:00Z,277.4758,22.8173
2026-06-15T16:20:00Z,279.5762,21.6008
2026-06-15T16:30:00Z,281.6639,20.3922
2026-06-15T16:40:00Z,283.7414,19.1928
2026-06-15T16:50:00Z,285.8107,18.0044
2026-06-15T17:00:00Z,287.8737,16.8285
2026-06-15T17:10:00Z,289.9325,15.6666
2026-06-15T17:20:00Z,291.9888,14.5204
2026-06-15T17:30:00Z,294.0444,13.3913
2026-06-15T17:40:00Z,296.1008,12.2811
2026-06-15T17:50:00Z,298.1595,11.1913
2026-06-15T18:00:00Z,300.2221,10.1236
2026-06-15T18:10:00Z,302.2897,9.0797
2026-06-15T18:20:00Z,304.3636,8.0614
2026-06-15T18:30:00Z,306.4449,7.0707
2026-06-15T18:40:00Z,308.5347,6.1095
2026-06-15T18:50:00Z,310.6339,5.1801
2026-06-15T19:00:00Z,312.7432,4.2858
2026-06-15T19:10:00Z,314.8634,3.4301
2026-06-15T19:20:00Z,316.9951,2.6158
2026-06-15T19:30:00Z,319.1387,1.8476
2026-06-15T19:40:00Z,321.2946,1.1314
2026-06-15T19:50:00Z,323.4631,0.473
2026-06-16T01:10:00Z,35.7951,0.2701
2026-06-16T01:20:00Z,37.9675,0.9083
2026-06-16T01:30:00Z,40.1274,1.6061
2026-06-16T01:40:00Z,42.2748,2.3579
2026-06-16T01:50:00Z,44.4101,3.1578
2026-06-16T02:00:00Z,46.5338,4.0004
2026-06-16T02:10:00Z,48.6464,4.882
2026-06-16T02:20:00Z,50.7486,5.8007
2026-06-16T02:30:00Z,52.8411,6.7518
2026-06-16T02:40:00Z,54.9248,7.7331
2026-06-16T02:50:00Z,57.0007,8.7427
2026-06-16T03:00:00Z,59.07,9.7785
2026-06-16T03:10:00Z,61.1337,10.8387
2026-06-16T03:20:00Z,63.1931,11.9216
2026-06-16T03:30:00Z,65.2497,13.0255
2026-06-16T03:40:00Z,67.305,14.1487
2026-06-16T03:50:00Z,69.3604,15.2897
2026-06-16T04:00:00Z,71.4177,16.4468
2026-06-16T04:10:00Z,73.4787,17.6185
2026-06-16T04:20:00Z,75.5452,18.8033
2026-06-16T04:30:00Z,77.6192,19.9995
2026-06-16T04:40:00Z,79.7028,21.2056
2026-06-16T04:50:00Z,81.7981,22.4199
2026-06-16T05:00:00Z,83.9075,23.641
2026-06-16T05:10:00Z,86.0334,24.867
2026-06-16T05:20:00Z,88.1782,26.0964
2026-06-16T05:30:00Z,90.3447,27.3275
2026-06-16T05:40:00Z,92.5356,28.5584
2026-06-16T05:50:00Z,94.7537,29.7872
2026-06-16T06:00:00Z,97.0022,31.0123
2026-06-16T06:10:00Z,99.284,32.2314
2026-06-16T06:20:00Z,101.6026,33.4427
2026-06-16T06:30:00Z,103.9611,34.6439
2026-06-16T06:40:00Z,106.3631,35.8328
2026-06-16T06:50:00Z,108.8122,37.0071
2026-06-16T07:00:00Z,111.3119,38.1643
2026-06-16T07:10:00Z,113.8659,39.3018
2026-06-16T07:20:00Z,116.4778,40.4168
2026-06-16T07:30:00Z,119.1512,41.5065
2026-06-16T07:40:00Z,121.8897,42.5679
2026-06-16T07:50:00Z,124.6966,43.5979
2026-06-16T08:00:00Z,127.575,44.593
2026-06-16T08:10:00Z,130.5276,45.55
2026-06-16T08:20:00Z,133.5567,46.4652
2026-06-16T08:30:00Z,136.6639,47.3349
2026-06-16T08:40:00Z,139.8503,48.1554
2026-06-16T08:50:00Z,143.1159,48.9229
2026-06-16T09:00:00Z,146.4598,49.6336
2026-06-16T09:10:00Z,149.88,50.2836
2026-06-16T09:20:00Z,153.3733,50.8694
2026-06-16T09:30:00Z,156.9349,51.3874
2026-06-16T09:40:00Z,160.5588,51.8343
2026-06-16T09:50:00Z,164.2377,52.2071
2026-06-16T10:00:00Z,167.9629,52.5034
2026-06-16T10:10:00Z,171.7245,52.7209
2026-06-16T10:20:00Z,175.5118,52.8581
2026-06-16T10:30:00Z,179.3131,52.9139
2026-06-16T10:40:00Z,183.1166,52.8881
2026-06-16T10:50:00Z,186.9104,52.7806
2026-06-16T11:00:00Z,190.6827,52.5924
2026-06-16T11:10:00Z,194.4224,52.3248
2026-06-16T11:20:00Z,198.1193,51.9798
2026-06-16T11:30:00Z,201.7643,51.5598
2026-06-16T11:40:00Z,205.3494,51.0676
2026-06-16T11:50:00Z,208.8683,50.5063
2026-06-16T12:00:00Z,212.3157,49.8795
2026-06-16T12:10:00Z,215.6878,49.1907
2026-06-16T12:20:00Z,218.9822,48.4436
2026-06-16T12:30:00Z,222.1976,47.6422
2026-06-16T12:40:00Z,225.3338,46.7902
2026-06-16T12:50:00Z,228.3913,45.8914
2026-06-16T13:00:00Z,231.3716,44.9495
2026-06-16T13:10:00Z,234.2769,43.9681
2026-06-16T13:20:00Z,237.1096,42.9507
2026-06-16T13:30:00Z,239.8728,41.9006
2026-06-16T13:40:00Z,242.5697,40.8211
2026-06-16T13:50:00Z,245.2038,39.7152
2026-06-16T14:00:00Z,247.7786,38.5859
2026-06-16T14:10:00Z,250.2977,37.4359
2026-06-16T14:20:00Z,252.7649,36.2679
2026-06-16T14:30:00Z,255.1838,35.0843
2026-06-16T14:40:00Z,257.5579,33.8876
2026-06-16T14:50:00Z,259.8908,32.6801
2026-06-16T15:00:00Z,262.1857,31.4639
2026-06-16T15:10:00Z,264.4461,30.2412
2026-06-16T15:20:00Z,266.675,29.0138
2026-06-16T15:30:00Z,268.8756,27.7838
2026-06-16T15:40:00Z,271.0508,26.5531
2026-06-16T15:50:00Z,273.2033,25.3233
2026-06-16T16:00:00Z,275.3359,24.0962
2026-06-16T16:10:00Z,277.4511,22.8736
2026-06-16T16:20:00Z,279.5514,21.657
2026-06-16T16:30:00Z,281.6391,20.4482
2026-06-16T16:40:00Z,283.7164,19.2487
2026-06-16T16:50:00Z,285.7855,18.0601
2026-06-16T17:00:00Z,287.8483,16.8839
2026-06-16T17:10:00Z,289.9068,15.7218
2026-06-16T17:20:00Z,291.9628,14.5753
2026-06-16T17:30:00Z,294.0179,13.446
2026-06-16T17:40:00Z,296.0739,12.3354
2026-06-16T17:50:00Z,298.1322,11.2452
2026-06-16T18:00:00Z,300.1942,10.1771
2026-06-16T18:10:00Z,302.2612,9.1328
2026-06-16T18:20:00Z,304.3346,8.114
2026-06-16T18:30:00Z,306.4153,7.1227
2026-06-16T18:40:00Z,308.5044,6.1609
2026-06-16T18:50:00Z,310.6029,5.2308
2026-06-16T19:00:00Z,312.7115,4.3356
2026-06-16T19:10:00Z,314.8309,3.4789
2026-06-16T19:20:00Z,316.9618,2.6633
2026-06-16T19:30:00Z,319.1046,1.8935
2026-06-16T19:40:00Z,321.2597,1.1754
2026-06-16T19:50:00Z,323.4274,0.5146
2026-06-17T01:10:00Z,35.7377,0.2834
2026-06-17T01:20:00Z,37.9099,0.9213
2026-06-17T01:30:00Z,40.0695,1.6187
2026-06-17T01:40:00Z,42.2167,2.3699
2026-06-17T01:50:00Z,44.3519,3.1691
2026-06-17T02:00:00Z,46.4754,4.0109
2026-06-17T02:10:00Z,48.5877,4.8917
2026-06-17T02:20:00Z,50.6897,5.8097
2026-06-17T02:30:00Z,52.782,6.76
2026-06-17T02:40:00Z,54.8655,7.7406
2026-06-17T02:50:00Z,56.9412,8.7494
2026-06-17T03:00:00Z,59.0102,9.7845
2026-06-17T03:10:00Z,61.0736,10.8441
2026-06-17T03:20:00Z,63.1329,11.9263
2026-06-17T03:30:00Z,65.1892,13.0296
2026-06-17T03:40:00Z,67.2441,14.1523
2026-06-17T03:50:00Z,69.2992,15.2927
2026-06-17T04:00:00Z,71.3562,16.4494
2026-06-17T04:10:00Z,73.4168,17.6206
2026-06-17T04:20:00Z,75.4829,18.805
2026-06-17T04:30:00Z,77.5564,20.0008
2026-06-17T04:40:00Z,79.6395,21.2066
2026-06-17T04:50:00Z,81.7344,22.4207
2026-06-17T05:00:00Z,83.8432,23.6415
2026-06-17T05:10:00Z,85.9685,24.8674
2026-06-17T05:20:00Z,88.1127,26.0967
2026-06-17T05:30:00Z,90.2785,27.3277
2026-06-17T05:40:00Z,92.4686,28.5586
2026-06-17T05:50:00Z,94.686,29.7875
2026-06-17T06:00:00Z,96.9336,31.0126
2026-06-17T06:10:00Z,99.2146,32.232
2026-06-17T06:20:00Z,101.5322,33.4435
2026-06-17T06:30:00Z,103.8898,34.645
2026-06-17T06:40:00Z,106.2908,35.8342
2026-06-17T06:50:00Z,108.7388,37.009
2026-06-17T07:00:00Z,111.2374,38.1666
2026-06-17T07:10:00Z,113.7902,39.3047
2026-06-17T07:20:00Z,116.401,40.4204
2026-06-17T07:30:00Z,119.0733,41.5108
2026-06-17T07:40:00Z,121.8106,42.5731
2026-06-17T07:50:00Z,124.6163,43.6039
2026-06-17T08:00:00Z,127.4935,44.6
2026-06-17T08:10:00Z,130.4449,45.5581
2026-06-17T08:20:00Z,133.4729,46.4744
2026-06-17T08:30:00Z,136.5791,47.3454
2026-06-17T08:40:00Z,139.7646,48.1672
2026-06-17T08:50:00Z,143.0294,48.9361
2026-06-17T09:00:00Z,146.3726,49.6483
2026-06-17T09:10:00Z,149.7924,50.2999
2026-06-17T09:20:00Z,153.2853,50.8872
2026-06-17T09:30:00Z,156.8469,51.4069
2026-06-17T09:40:00Z,160.471,51.8555
2026-06-17T09:50:00Z,164.1504,52.2301
2026-06-17T10:00:00Z,167.8764,52.5281
2026-06-17T10:10:00Z,171.639,52.7474
2026-06-17T10:20:00Z,175.4276,52.8864
2026-06-17T10:30:00Z,179.2305,52.944
2026-06-17T10:40:00Z,183.0359,52.9198
2026-06-17T10:50:00Z,186.8318,52.814
2026-06-17T11:00:00Z,190.6064,52.6274
2026-06-17T11:10:00Z,194.3486,52.3613
2026-06-17T11:20:00Z,198.0481,52.0178
2026-06-17T11:30:00Z,201.6957,51.5991
2026-06-17T11:40:00Z,205.2836,51.1082
2026-06-17T11:50:00Z,208.8052,50.5481
2026-06-17T12:00:00Z,212.2553,49.9224
2026-06-17T12:10:00Z,215.6301,49.2346
2026-06-17T12:20:00Z,218.9271,48.4885
2026-06-17T12:30:00Z,222.1449,47.6879
2026-06-17T12:40:00Z,225.2834,46.8366
2026-06-17T12:50:00Z,228.3432,45.9385
2026-06-17T13:00:00Z,231.3256,44.9972
2026-06-17T13:10:00Z,234.2328,44.0163
2026-06-17T13:20:00Z,237.0674,42.9994
2026-06-17T13:30:00Z,239.8322,41.9498
2026-06-17T13:40:00Z,242.5306,40.8706
2026-06-17T13:50:00Z,245.1661,39.7651
2026-06-17T14:00:00Z,247.7422,38.636
2026-06-17T14:10:00Z,250.2625,37.4862
2026-06-17T14:20:00Z,252.7307,36.3184
2026-06-17T14:30:00Z,255.1505,35.135
2026-06-17T14:40:00Z,257.5255,33.9384
2026-06-17T14:50:00Z,259.859,32.731
2026-06-17T15:00:00Z,262.1546,31.5149
2026-06-17T15:10:00Z,264.4155,30.2922
2026-06-17T15:20:00Z,266.6449,29.0649
2026-06-17T15:30:00Z,268.8459,27.8349
2026-06-17T15:40:00Z,271.0213,26.604
2026-06-17T15:50:00Z,273.1741,25.3742
2026-06-17T16:00:00Z,275.3068,24.147
2026-06-17T16:10:00Z,277.4222,22.9243
2026-06-17T16:20:00Z,279.5225,21.7076
2026-06-17T16:30:00Z,281.6101,20.4986
2026-06-17T16:40:00Z,283.6874,19.2989
2026-06-17T16:50:00Z,285.7563,18.1101
2026-06-17T17:00:00Z,287.819,16.9337
2026-06-17T17:10:00Z,289.8772,15.7713
2026-06-17T17:20:00Z,291.9329,14.6245
2026-06-17T17:30:00Z,293.9878,13.4948
2026-06-17T17:40:00Z,296.0434,12.3839
2026-06-17T17:50:00Z,298.1013,11.2933
2026-06-17T18:00:00Z,300.1628,10.2248
2026-06-17T18:10:00Z,302.2294,9.18
2026-06-17T18:20:00Z,304.3022,8.1607
2026-06-17T18:30:00Z,306.3824,7.1688
2026-06-17T18:40:00Z,308.471,6.2064
2026-06-17T18:50:00Z,310.5688,5.2756
2026-06-17T19:00:00Z,312.6768,4.3794
2026-06-17T19:10:00Z,314.7956,3.5217
2026-06-17T19:20:00Z,316.9258,2.7049
2026-06-17T19:30:00Z,319.0679,1.9337
2026-06-17T19:40:00Z,321.2223,1.2137
2026-06-17T19:50:00Z,323.3892,0.5509
2026-06-18T01:10:00Z,35.6823,0.2912
2026-06-18T01:20:00Z,37.8544,0.9286
2026-06-18T01:30:00Z,40.0138,1.6254
2026-06-18T01:40:00Z,42.1609,2.3759
2026-06-18T01:50:00Z,44.296,3.1743
2026-06-18T02:00:00Z,46.4193,4.0153
2026-06-18T02:10:00Z,48.5316,4.8953
2026-06-18T02:20:00Z,50.6334,5.8125
2026-06-18T02:30:00Z,52.7256,6.762
2026-06-18T02:40:00Z,54.809,7.7419
2026-06-18T02:50:00Z,56.8846,8.75
2026-06-18T03:00:00Z,58.9534,9.7844
2026-06-18T03:10:00Z,61.0167,10.8433
2026-06-18T03:20:00Z,63.0757,11.9249
2026-06-18T03:30:00Z,65.1319,13.0276
2026-06-18T03:40:00Z,67.1866,14.1498
2026-06-18T03:50:00Z,69.2414,15.2897
2026-06-18T04:00:00Z,71.2981,16.4459
2026-06-18T04:10:00Z,73.3584,17.6167
2026-06-18T04:20:00Z,75.4241,18.8007
2026-06-18T04:30:00Z,77.4973,19.9962
2026-06-18T04:40:00Z,79.58,21.2017
2026-06-18T04:50:00Z,81.6743,22.4155
2026-06-18T05:00:00Z,83.7827,23.6362
2026-06-18T05:10:00Z,85.9074,24.8619
2026-06-18T05:20:00Z,88.051,26.0911
2026-06-18T05:30:00Z,90.2162,27.322
2026-06-18T05:40:00Z,92.4056,28.5529
2026-06-18T05:50:00Z,94.6223,29.7818
2026-06-18T06:00:00Z,96.8691,31.0071
2026-06-18T06:10:00Z,99.1492,32.2265
2026-06-18T06:20:00Z,101.4659,33.4382
2026-06-18T06:30:00Z,103.8226,34.64
2026-06-18T06:40:00Z,106.2226,35.8297
2026-06-18T06:50:00Z,108.6695,37.0048
2026-06-18T07:00:00Z,111.167,38.1629
2026-06-18T07:10:00Z,113.7187,39.3015
2026-06-18T07:20:00Z,116.3283,40.4178
2026-06-18T07:30:00Z,118.9993,41.509
2026-06-18T07:40:00Z,121.7354,42.572
2026-06-18T07:50:00Z,124.5398,43.6036
2026-06-18T08:00:00Z,127.4158,44.6007
2026-06-18T08:10:00Z,130.366,45.5597
2026-06-18T08:20:00Z,133.3927,46.4772
2026-06-18T08:30:00Z,136.4977,47.3493
2026-06-18T08:40:00Z,139.6821,48.1724
2026-06-18T08:50:00Z,142.9459,48.9427
2026-06-18T09:00:00Z,146.2882,49.6563
2026-06-18T09:10:00Z,149.7072,50.3094
2026-06-18T09:20:00Z,153.1996,50.8983
2026-06-18T09:30:00Z,156.7608,51.4196
2026-06-18T09:40:00Z,160.3848,51.8699
2026-06-18T09:50:00Z,164.0643,52.2462
2026-06-18T10:00:00Z,167.7906,52.5459
2026-06-18T10:10:00Z,171.554,52.767
2026-06-18T10:20:00Z,175.3435,52.9077
2026-06-18T10:30:00Z,179.1476,52.9671
2026-06-18T10:40:00Z,182.9545,52.9446
2026-06-18T10:50:00Z,186.752,52.8405
2026-06-18T11:00:00Z,190.5285,52.6555
2026-06-18T11:10:00Z,194.2728,52.391
2026-06-18T11:20:00Z,197.9745,52.049
2026-06-18T11:30:00Z,201.6245,51.6317
2026-06-18T11:40:00Z,205.2148,51.1421
2026-06-18T11:50:00Z,208.7389,50.5833
2026-06-18T12:00:00Z,212.1914,49.9587
2026-06-18T12:10:00Z,215.5686,49.272
2026-06-18T12:20:00Z,218.868,48.5269
2026-06-18T12:30:00Z,222.0882,47.7272
2026-06-18T12:40:00Z,225.2289,46.8768
2026-06-18T12:50:00Z,228.2907,45.9794
2026-06-18T13:00:00Z,231.2751,45.0387
2026-06-18T13:10:00Z,234.1842,44.0585
2026-06-18T13:20:00Z,237.0205,43.0421
2026-06-18T13:30:00Z,239.787,41.9929
2026-06-18T13:40:00Z,242.487,40.9142
2026-06-18T13:50:00Z,245.1238,39.809
2026-06-18T14:00:00Z,247.7011,38.6803
2026-06-18T14:10:00Z,250.2226,37.5308
2026-06-18T14:20:00Z,252.6919,36.3632
2026-06-18T14:30:00Z,255.1127,35.1799
2026-06-18T14:40:00Z,257.4884,33.9835
2026-06-18T14:50:00Z,259.8227,32.7762
2026-06-18T15:00:00Z,262.119,31.5602
2026-06-18T15:10:00Z,264.3805,30.3375
2026-06-18T15:20:00Z,266.6104,29.1102
2026-06-18T15:30:00Z,268.8118,27.8802
2026-06-18T15:40:00Z,270.9876,26.6493
2026-06-18T15:50:00Z,273.1406,25.4194
2026-06-18T16:00:00Z,275.2736,24.1921
2026-06-18T16:10:00Z,277.389,22.9692
2026-06-18T16:20:00Z,279.4894,21.7524
2026-06-18T16:30:00Z,281.5771,20.5432
2026-06-18T16:40:00Z,283.6544,19.3433
2026-06-18T16:50:00Z,285.7232,18.1543
2026-06-18T17:00:00Z,287.7858,16.9776
2026-06-18T17:10:00Z,289.8439,15.8149
2026-06-18T17:20:00Z,291.8994,14.6678
2026-06-18T17:30:00Z,293.954,13.5378
2026-06-18T17:40:00Z,296.0093,12.4265
2026-06-18T17:50:00Z,298.0669,11.3355
2026-06-18T18:00:00Z,300.1281,10.2665
2026-06-18T18:10:00Z,302.1942,9.2212
2026-06-18T18:20:00Z,304.2666,8.2014
2026-06-18T18:30:00Z,306.3464,7.2089
2026-06-18T18:40:00Z,308.4344,6.2458
2026-06-18T18:50:00Z,310.5318,5.3143
2026-06-18T19:00:00Z,312.6392,4.4172
2026-06-18T19:10:00Z,314.7575,3.5586
2026-06-18T19:20:00Z,316.8871,2.7407
2026-06-18T19:30:00Z,319.0286,1.9681
2026-06-18T19:40:00Z,321.1824,1.2465
2026-06-18T19:50:00Z,323.3486,0.5816
2026-06-19T01:10:00Z,35.6289,0.2935
2026-06-19T01:20:00Z,37.8009,0.9301
2026-06-19T01:30:00Z,39.9604,1.6261
2026-06-19T01:40:00Z,42.1075,2.3757
2026-06-19T01:50:00Z,44.2425,3.1733
2026-06-19T02:00:00Z,46.3658,4.0135
2026-06-19T02:10:00Z,48.4781,4.8927
2026-06-19T02:20:00Z,50.5799,5.8091
2026-06-19T02:30:00Z,52.6721,6.7578
2026-06-19T02:40:00Z,54.7554,7.737
2026-06-19T02:50:00Z,56.8309,8.7444
2026-06-19T03:00:00Z,58.8997,9.7781
2026-06-19T03:10:00Z,60.9629,10.8364
2026-06-19T03:20:00Z,63.0218,11.9175
2026-06-19T03:30:00Z,65.0778,13.0196
2026-06-19T03:40:00Z,67.1324,14.1412
2026-06-19T03:50:00Z,69.1871,15.2807
2026-06-19T04:00:00Z,71.2435,16.4364
2026-06-19T04:10:00Z,73.3036,17.6069
2026-06-19T04:20:00Z,75.369,18.7905
2026-06-19T04:30:00Z,77.4419,19.9857
2026-06-19T04:40:00Z,79.5242,21.1909
2026-06-19T04:50:00Z,81.6181,22.4045
2026-06-19T05:00:00Z,83.726,23.6249
2026-06-19T05:10:00Z,85.8503,24.8505
2026-06-19T05:20:00Z,87.9933,26.0796
2026-06-19T05:30:00Z,90.1579,27.3104
2026-06-19T05:40:00Z,92.3467,28.5413
2026-06-19T05:50:00Z,94.5627,29.7703
2026-06-19T06:00:00Z,96.8087,30.9956
2026-06-19T06:10:00Z,99.0881,32.2152
2026-06-19T06:20:00Z,101.4039,33.4271
2026-06-19T06:30:00Z,103.7596,34.6291
2026-06-19T06:40:00Z,106.1586,35.8191
2026-06-19T06:50:00Z,108.6045,36.9946
2026-06-19T07:00:00Z,111.1009,38.1531
2026-06-19T07:10:00Z,113.6514,39.2922
2026-06-19T07:20:00Z,116.2597,40.4091
2026-06-19T07:30:00Z,118.9295,41.5009
2026-06-19T07:40:00Z,121.6643,42.5646
2026-06-19T07:50:00Z,124.4674,43.5971
2026-06-19T08:00:00Z,127.342,44.5951
2026-06-19T08:10:00Z,130.2908,45.5551
2026-06-19T08:20:00Z,133.3162,46.4735
2026-06-19T08:30:00Z,136.4199,47.3468
2026-06-19T08:40:00Z,139.603,48.1711
2026-06-19T08:50:00Z,142.8655,48.9427
2026-06-19T09:00:00Z,146.2068,49.6576
2026-06-19T09:10:00Z,149.6248,50.3122
2026-06-19T09:20:00Z,153.1163,50.9026
2026-06-19T09:30:00Z,156.6768,51.4255
2026-06-19T09:40:00Z,160.3004,51.8774
2026-06-19T09:50:00Z,163.9796,52.2554
2026-06-19T10:00:00Z,167.7059,52.5569
2026-06-19T10:10:00Z,171.4695,52.7797
2026-06-19T10:20:00Z,175.2595,52.9222
2026-06-19T10:30:00Z,179.0645,52.9833
2026-06-19T10:40:00Z,182.8724,52.9625
2026-06-19T10:50:00Z,186.6712,52.8601
2026-06-19T11:00:00Z,190.4493,52.6768
2026-06-19T11:10:00Z,194.1952,52.4139
2026-06-19T11:20:00Z,197.8989,52.0734
2026-06-19T11:30:00Z,201.5509,51.6576
2026-06-19T11:40:00Z,205.1433,51.1693
2026-06-19T11:50:00Z,208.6695,50.6118
2026-06-19T12:00:00Z,212.1242,49.9885
2026-06-19T12:10:00Z,215.5036,49.3029
2026-06-19T12:20:00Z,218.8052,48.5588
2026-06-19T12:30:00Z,222.0275,47.7601
2026-06-19T12:40:00Z,225.1702,46.9106
2026-06-19T12:50:00Z,228.2341,46.014
2026-06-19T13:00:00Z,231.2204,45.0741
2026-06-19T13:10:00Z,234.1313,44.0945
2026-06-19T13:20:00Z,236.9693,43.0787
2026-06-19T13:30:00Z,239.7373,42.03
2026-06-19T13:40:00Z,242.4388,40.9518
2026-06-19T13:50:00Z,245.077,39.847
2026-06-19T14:00:00Z,247.6556,38.7186
2026-06-19T14:10:00Z,250.1782,37.5694
2026-06-19T14:20:00Z,252.6486,36.4021
2026-06-19T14:30:00Z,255.0703,35.2191
2026-06-19T14:40:00Z,257.4469,34.0228
2026-06-19T14:50:00Z,259.782,32.8156
2026-06-19T15:00:00Z,262.0789,31.5997
2026-06-19T15:10:00Z,264.341,30.3771
2026-06-19T15:20:00Z,266.5715,29.1498
2026-06-19T15:30:00Z,268.7733,27.9198
2026-06-19T15:40:00Z,270.9495,26.6888
2026-06-19T15:50:00Z,273.1029,25.4588
2026-06-19T16:00:00Z,275.2361,24.2315
2026-06-19T16:10:00Z,277.3518,23.0085
2026-06-19T16:20:00Z,279.4524,21.7915
2026-06-19T16:30:00Z,281.5402,20.5821
2026-06-19T16:40:00Z,283.6174,19.382
2026-06-19T16:50:00Z,285.6863,18.1927
2026-06-19T17:00:00Z,287.7488,17.0157
2026-06-19T17:10:00Z,289.8068,15.8527
2026-06-19T17:20:00Z,291.8622,14.7053
2026-06-19T17:30:00Z,293.9166,13.5749
2026-06-19T17:40:00Z,295.9717,12.4632
2026-06-19T17:50:00Z,298.029,11.3717
2026-06-19T18:00:00Z,300.09,10.3022
2026-06-19T18:10:00Z,302.1558,9.2564
2026-06-19T18:20:00Z,304.2279,8.236
2026-06-19T18:30:00Z,306.3072,7.2429
2026-06-19T18:40:00Z,308.3949,6.2792
2026-06-19T18:50:00Z,310.4918,5.3469
2026-06-19T19:00:00Z,312.5988,4.4489
2026-06-19T19:10:00Z,314.7166,3.5894
2026-06-19T19:20:00Z,316.8458,2.7704
2026-06-19T19:30:00Z,318.9868,1.9965
2026-06-19T19:40:00Z,321.14,1.2734
2026-06-19T19:50:00Z,323.3058,0.6068
2026-06-19T20:00:00Z,325.4842,0.0021
2026-06-20T01:10:00Z,35.5775,0.2903
2026-06-20T01:20:00Z,37.7497,0.9259
2026-06-20T01:30:00Z,39.9092,1.6209
2026-06-20T01:40:00Z,42.0564,2.3696
2026-06-20T01:50:00Z,44.1915,3.1662
2026-06-20T02:00:00Z,46.315,4.0056
2026-06-20T02:10:00Z,48.4273,4.8839
2026-06-20T02:20:00Z,50.5292,5.7995
2026-06-20T02:30:00Z,52.6214,6.7475
2026-06-20T02:40:00Z,54.7048,7.7259
2026-06-20T02:50:00Z,56.7804,8.7327
2026-06-20T03:00:00Z,58.8492,9.7658
2026-06-20T03:10:00Z,60.9124,10.8235
2026-06-20T03:20:00Z,62.9713,11.904
2026-06-20T03:30:00Z,65.0272,13.0056
2026-06-20T03:40:00Z,67.0817,14.1267
2026-06-20T03:50:00Z,69.1362,15.2657
2026-06-20T04:00:00Z,71.1926,16.421
2026-06-20T04:10:00Z,73.2524,17.5911
2026-06-20T04:20:00Z,75.3176,18.7743
2026-06-20T04:30:00Z,77.3902,19.9692
2026-06-20T04:40:00Z,79.4722,21.1741
2026-06-20T04:50:00Z,81.5659,22.3875
2026-06-20T05:00:00Z,83.6734,23.6078
2026-06-20T05:10:00Z,85.7971,24.8332
2026-06-20T05:20:00Z,87.9397,26.0622
2026-06-20T05:30:00Z,90.1037,27.293
2026-06-20T05:40:00Z,92.292,28.5238
2026-06-20T05:50:00Z,94.5072,29.7529
2026-06-20T06:00:00Z,96.7526,30.9782
2026-06-20T06:10:00Z,99.0311,32.198
2026-06-20T06:20:00Z,101.3461,33.4101
2026-06-20T06:30:00Z,103.7009,34.6123
2026-06-20T06:40:00Z,106.0989,35.8025
2026-06-20T06:50:00Z,108.5438,36.9784
2026-06-20T07:00:00Z,111.0391,38.1374
2026-06-20T07:10:00Z,113.5884,39.2769
2026-06-20T07:20:00Z,116.1955,40.3943
2026-06-20T07:30:00Z,118.864,41.4867
2026-06-20T07:40:00Z,121.5975,42.5511
2026-06-20T07:50:00Z,124.3992,43.5844
2026-06-20T08:00:00Z,127.2723,44.5831
2026-06-20T08:10:00Z,130.2197,45.544
2026-06-20T08:20:00Z,133.2436,46.4635
2026-06-20T08:30:00Z,136.3458,47.3378
2026-06-20T08:40:00Z,139.5274,48.1633
2026-06-20T08:50:00Z,142.7886,48.9361
2026-06-20T09:00:00Z,146.1285,49.6523
2026-06-20T09:10:00Z,149.5452,50.3083
2026-06-20T09:20:00Z,153.0356,50.9002
2026-06-20T09:30:00Z,156.5951,51.4246
2026-06-20T09:40:00Z,160.2179,51.8781
2026-06-20T09:50:00Z,163.8965,52.2578
2026-06-20T10:00:00Z,167.6224,52.5609
2026-06-20T10:10:00Z,171.3859,52.7854
2026-06-20T10:20:00Z,175.176,52.9297
2026-06-20T10:30:00Z,178.9813,52.9925
2026-06-20T10:40:00Z,182.7899,52.9735
2026-06-20T10:50:00Z,186.5896,52.8728
2026-06-20T11:00:00Z,190.3688,52.6912
2026-06-20T11:10:00Z,194.1161,52.4299
2026-06-20T11:20:00Z,197.8212,52.0909
2026-06-20T11:30:00Z,201.4749,51.6767
2026-06-20T11:40:00Z,205.0691,51.1899
2026-06-20T11:50:00Z,208.5972,50.6337
2026-06-20T12:00:00Z,212.0538,50.0116
2026-06-20T12:10:00Z,215.4352,49.3272
2026-06-20T12:20:00Z,218.7388,48.5843
2026-06-20T12:30:00Z,221.963,47.7866
2026-06-20T12:40:00Z,225.1077,46.938
2026-06-20T12:50:00Z,228.1734,46.0423
2026-06-20T13:00:00Z,231.1615,45.1032
2026-06-20T13:10:00Z,234.0741,44.1243
2026-06-20T13:20:00Z,236.9137,43.1091
2026-06-20T13:30:00Z,239.6833,42.0611
2026-06-20T13:40:00Z,242.3861,40.9833
2026-06-20T13:50:00Z,245.0257,39.879
2026-06-20T14:00:00Z,247.6055,38.751
2026-06-20T14:10:00Z,250.1293,37.6021
2026-06-20T14:20:00Z,252.6008,36.4351
2026-06-20T14:30:00Z,255.0234,35.2523
2026-06-20T14:40:00Z,257.401,34.0563
2026-06-20T14:50:00Z,259.7369,32.8492
2026-06-20T15:00:00Z,262.0345,31.6334
2026-06-20T15:10:00Z,264.2973,30.4108
2026-06-20T15:20:00Z,266.5283,29.1836
2026-06-20T15:30:00Z,268.7307,27.9536
2026-06-20T15:40:00Z,270.9073,26.7226
2026-06-20T15:50:00Z,273.0611,25.4925
2026-06-20T16:00:00Z,275.1946,24.265
2026-06-20T16:10:00Z,277.3105,23.0419
2026-06-20T16:20:00Z,279.4113,21.8247
2026-06-20T16:30:00Z,281.4993,20.6151
2026-06-20T16:40:00Z,283.5767,19.4148
2026-06-20T16:50:00Z,285.6456,18.2252
2026-06-20T17:00:00Z,287.7081,17.0479
2026-06-20T17:10:00Z,289.7661,15.8846
2026-06-20T17:20:00Z,291.8214,14.7368
2026-06-20T17:30:00Z,293.8757,13.606
2026-06-20T17:40:00Z,295.9307,12.4938
2026-06-20T17:50:00Z,297.9878,11.4019
2026-06-20T18:00:00Z,300.0486,10.3319
2026-06-20T18:10:00Z,302.1142,9.2856
2026-06-20T18:20:00Z,304.186,8.2646
2026-06-20T18:30:00Z,306.2651,7.2709
2026-06-20T18:40:00Z,308.3524,6.3064
2026-06-20T18:50:00Z,310.449,5.3734
2026-06-20T19:00:00Z,312.5557,4.4746
2026-06-20T19:10:00Z,314.6731,3.6141
2026-06-20T19:20:00Z,316.8019,2.7941
2026-06-20T19:30:00Z,318.9425,2.0191
2026-06-20T19:40:00Z,321.0954,1.2946
2026-06-20T19:50:00Z,323.2607,0.6265
2026-06-20T20:00:00Z,325.4387,0.02
2026-06-21T01:10:00Z,35.5283,0.2815
2026-06-21T01:20:00Z,37.7007,0.916
2026-06-21T01:30:00Z,39.8604,1.6098
2026-06-21T01:40:00Z,42.0078,2.3574
2026-06-21T01:50:00Z,44.1431,3.1531
2026-06-21T02:00:00Z,46.2668,3.9915
2026-06-21T02:10:00Z,48.3793,4.869
2026-06-21T02:20:00Z,50.4814,5.7838
2026-06-21T02:30:00Z,52.5737,6.7311
2026-06-21T02:40:00Z,54.6573,7.7088
2026-06-21T02:50:00Z,56.733,8.7149
2026-06-21T03:00:00Z,58.8018,9.7474
2026-06-21T03:10:00Z,60.8651,10.8045
2026-06-21T03:20:00Z,62.9241,11.8844
2026-06-21T03:30:00Z,64.98,12.9856
2026-06-21T03:40:00Z,67.0345,14.1062
2026-06-21T03:50:00Z,69.089,15.2448
2026-06-21T04:00:00Z,71.1452,16.3997
2026-06-21T04:10:00Z,73.205,17.5694
2026-06-21T04:20:00Z,75.2701,18.7523
2026-06-21T04:30:00Z,77.3425,19.9469
2026-06-21T04:40:00Z,79.4242,21.1516
2026-06-21T04:50:00Z,81.5176,22.3648
2026-06-21T05:00:00Z,83.6247,23.5849
2026-06-21T05:10:00Z,85.7481,24.8102
2026-06-21T05:20:00Z,87.8903,26.039
2026-06-21T05:30:00Z,90.0538,27.2697
2026-06-21T05:40:00Z,92.2414,28.5006
2026-06-21T05:50:00Z,94.4561,29.7296
2026-06-21T06:00:00Z,96.7008,30.9551
2026-06-21T06:10:00Z,98.9786,32.1749
2026-06-21T06:20:00Z,101.2928,33.3872
2026-06-21T06:30:00Z,103.6467,34.5896
2026-06-21T06:40:00Z,106.0437,35.7801
2026-06-21T06:50:00Z,108.4876,36.9563
2026-06-21T07:00:00Z,110.9817,38.1156
2026-06-21T07:10:00Z,113.5299,39.2556
2026-06-21T07:20:00Z,116.1358,40.3735
2026-06-21T07:30:00Z,118.8029,41.4665
2026-06-21T07:40:00Z,121.535,42.5315
2026-06-21T07:50:00Z,124.3352,43.5654
2026-06-21T08:00:00Z,127.2068,44.565
2026-06-21T08:10:00Z,130.1526,45.5267
2026-06-21T08:20:00Z,133.1749,46.4471
2026-06-21T08:30:00Z,136.2756,47.3224
2026-06-21T08:40:00Z,139.4555,48.149
2026-06-21T08:50:00Z,142.7151,48.923
2026-06-21T09:00:00Z,146.0534,49.6405
2026-06-21T09:10:00Z,149.4686,50.2978
2026-06-21T09:20:00Z,152.9576,50.8911
2026-06-21T09:30:00Z,156.5158,51.417
2026-06-21T09:40:00Z,160.1374,51.872
2026-06-21T09:50:00Z,163.8151,52.2533
2026-06-21T10:00:00Z,167.5403,52.5581
2026-06-21T10:10:00Z,171.3032,52.7843
2026-06-21T10:20:00Z,175.0931,52.9303
2026-06-21T10:30:00Z,178.8984,52.9948
2026-06-21T10:40:00Z,182.7071,52.9776
2026-06-21T10:50:00Z,186.5073,52.8786
2026-06-21T11:00:00Z,190.2872,52.6986
2026-06-21T11:10:00Z,194.0355,52.439
2026-06-21T11:20:00Z,197.7418,52.1017
2026-06-21T11:30:00Z,201.3968,51.689
2026-06-21T11:40:00Z,204.9924,51.2036
2026-06-21T11:50:00Z,208.5221,50.6489
2026-06-21T12:00:00Z,211.9804,50.0281
2026-06-21T12:10:00Z,215.3636,49.345
2026-06-21T12:20:00Z,218.6688,48.6032
2026-06-21T12:30:00Z,221.8949,47.8066
2026-06-21T12:40:00Z,225.0413,46.959
2026-06-21T12:50:00Z,228.1087,46.0642
2026-06-21T13:00:00Z,231.0985,45.126
2026-06-21T13:10:00Z,234.0127,44.1478
2026-06-21T13:20:00Z,236.8539,43.1334
2026-06-21T13:30:00Z,239.6249,42.0859
2026-06-21T13:40:00Z,242.3292,41.0088
2026-06-21T13:50:00Z,244.9701,39.9049
2026-06-21T14:00:00Z,247.5512,38.7774
2026-06-21T14:10:00Z,250.0761,37.6289
2026-06-21T14:20:00Z,252.5486,36.4621
2026-06-21T14:30:00Z,254.9723,35.2796
2026-06-21T14:40:00Z,257.3507,34.0838
2026-06-21T14:50:00Z,259.6874,32.8769
2026-06-21T15:00:00Z,261.9859,31.6612
2026-06-21T15:10:00Z,264.2493,30.4388
2026-06-21T15:20:00Z,266.481,29.2115
2026-06-21T15:30:00Z,268.6839,27.9815
2026-06-21T15:40:00Z,270.861,26.7505
2026-06-21T15:50:00Z,273.0152,25.5204
2026-06-21T16:00:00Z,275.1491,24.2928
2026-06-21T16:10:00Z,277.2654,23.0695
2026-06-21T16:20:00Z,279.3664,21.8521
2026-06-21T16:30:00Z,281.4546,20.6423
2026-06-21T16:40:00Z,283.5321,19.4417
2026-06-21T16:50:00Z,285.6012,18.2518
2026-06-21T17:00:00Z,287.6638,17.0742
2026-06-21T17:10:00Z,289.7218,15.9106
2026-06-21T17:20:00Z,291.7772,14.7623
2026-06-21T17:30:00Z,293.8315,13.6311
2026-06-21T17:40:00Z,295.8864,12.5185
2026-06-21T17:50:00Z,297.9434,11.4261
2026-06-21T18:00:00Z,300.004,10.3556
2026-06-21T18:10:00Z,302.0695,9.3086
2026-06-21T18:20:00Z,304.1411,8.287
2026-06-21T18:30:00Z,306.22,7.2926
2026-06-21T18:40:00Z,308.3071,6.3275
2026-06-21T18:50:00Z,310.4035,5.3937
2026-06-21T19:00:00Z,312.5099,4.494
2026-06-21T19:10:00Z,314.627,3.6327
2026-06-21T19:20:00Z,316.7556,2.8117
2026-06-21T19:30:00Z,318.8959,2.0356
2026-06-21T19:40:00Z,321.0485,1.31
2026-06-21T19:50:00Z,323.2135,0.6405
2026-06-21T20:00:00Z,325.3912,0.0326
2026-06-22T01:10:00Z,35.4814,0.2673
2026-06-22T01:20:00Z,37.6541,0.9003
2026-06-22T01:30:00Z,39.8141,1.5928
2026-06-22T01:40:00Z,41.9618,2.3393
2026-06-22T01:50:00Z,44.0974,3.1339
2026-06-22T02:00:00Z,46.2213,3.9714
2026-06-22T02:10:00Z,48.3342,4.848
2026-06-22T02:20:00Z,50.4365,5.7621
2026-06-22T02:30:00Z,52.5291,6.7086
2026-06-22T02:40:00Z,54.6129,7.6856
2026-06-22T02:50:00Z,56.6888,8.6911
2026-06-22T03:00:00Z,58.7578,9.723
2026-06-22T03:10:00Z,60.8213,10.7796
2026-06-22T03:20:00Z,62.8803,11.859
2026-06-22T03:30:00Z,64.9364,12.9596
2026-06-22T03:40:00Z,66.9909,14.0798
2026-06-22T03:50:00Z,69.0454,15.218
2026-06-22T04:00:00Z,71.1017,16.3726
2026-06-22T04:10:00Z,73.1614,17.5419
2026-06-22T04:20:00Z,75.2264,18.7246
2026-06-22T04:30:00Z,77.2986,19.9189
2026-06-22T04:40:00Z,79.3802,21.1233
2026-06-22T04:50:00Z,81.4733,22.3363
2026-06-22T05:00:00Z,83.5802,23.5562
2026-06-22T05:10:00Z,85.7033,24.7813
2026-06-22T05:20:00Z,87.845,26.0101
2026-06-22T05:30:00Z,90.0081,27.2408
2026-06-22T05:40:00Z,92.1953,28.4716
2026-06-22T05:50:00Z,94.4094,29.7007
2026-06-22T06:00:00Z,96.6534,30.9262
2026-06-22T06:10:00Z,98.9305,32.1461
2026-06-22T06:20:00Z,101.2439,33.3585
2026-06-22T06:30:00Z,103.5969,34.5611
2026-06-22T06:40:00Z,105.9931,35.7519
2026-06-22T06:50:00Z,108.4359,36.9283
2026-06-22T07:00:00Z,110.9289,38.088
2026-06-22T07:10:00Z,113.4759,39.2284
2026-06-22T07:20:00Z,116.0805,40.3467
2026-06-22T07:30:00Z,118.7463,41.4402
2026-06-22T07:40:00Z,121.4769,42.5058
2026-06-22T07:50:00Z,124.2757,43.5404
2026-06-22T08:00:00Z,127.1457,44.5406
2026-06-22T08:10:00Z,130.0898,45.5032
2026-06-22T08:20:00Z,133.1104,46.4244
2026-06-22T08:30:00Z,136.2093,47.3007
2026-06-22T08:40:00Z,139.3874,48.1283
2026-06-22T08:50:00Z,142.6452,48.9033
2026-06-22T09:00:00Z,145.9817,49.622
2026-06-22T09:10:00Z,149.3952,50.2806
2026-06-22T09:20:00Z,152.8825,50.8753
2026-06-22T09:30:00Z,156.4392,51.4026
2026-06-22T09:40:00Z,160.0593,51.8592
2026-06-22T09:50:00Z,163.7357,52.242
2026-06-22T10:00:00Z,167.4597,52.5484
2026-06-22T10:10:00Z,171.2217,52.7763
2026-06-22T10:20:00Z,175.0109,52.9239
2026-06-22T10:30:00Z,178.8157,52.9902
2026-06-22T10:40:00Z,182.6243,52.9747
2026-06-22T10:50:00Z,186.4246,52.8774
2026-06-22T11:00:00Z,190.2048,52.6992
2026-06-22T11:10:00Z,193.9536,52.4413
2026-06-22T11:20:00Z,197.6606,52.1056
2026-06-22T11:30:00Z,201.3166,51.6944
2026-06-22T11:40:00Z,204.9134,51.2106
2026-06-22T11:50:00Z,208.4444,50.6574
2026-06-22T12:00:00Z,211.9042,50.038
2026-06-22T12:10:00Z,215.2888,49.3562
2026-06-22T12:20:00Z,218.5956,48.6156
2026-06-22T12:30:00Z,221.8232,47.8201
2026-06-22T12:40:00Z,224.9712,46.9736
2026-06-22T12:50:00Z,228.0402,46.0798
2026-06-22T13:00:00Z,231.0316,45.1424
2026-06-22T13:10:00Z,233.9473,44.1651
2026-06-22T13:20:00Z,236.7899,43.1514
2026-06-22T13:30:00Z,239.5624,42.1046
2026-06-22T13:40:00Z,242.268,41.0281
2026-06-22T13:50:00Z,244.9102,39.9248
2026-06-22T14:00:00Z,247.4925,38.7977
2026-06-22T14:10:00Z,250.0186,37.6496
2026-06-22T14:20:00Z,252.4922,36.4832
2026-06-22T14:30:00Z,254.9168,35.301
2026-06-22T14:40:00Z,257.2962,34.1054
2026-06-22T14:50:00Z,259.6338,32.8987
2026-06-22T15:00:00Z,261.933,31.6832
2026-06-22T15:10:00Z,264.1972,30.4608
2026-06-22T15:20:00Z,266.4295,29.2336
2026-06-22T15:30:00Z,268.633,28.0036
2026-06-22T15:40:00Z,270.8107,26.7726
2026-06-22T15:50:00Z,272.9653,25.5423
2026-06-22T16:00:00Z,275.0997,24.3146
2026-06-22T16:10:00Z,277.2163,23.0911
2026-06-22T16:20:00Z,279.3177,21.8736
2026-06-22T16:30:00Z,281.4061,20.6636
2026-06-22T16:40:00Z,283.4839,19.4627
2026-06-22T16:50:00Z,285.5532,18.2725
2026-06-22T17:00:00Z,287.6159,17.0946
2026-06-22T17:10:00Z,289.6741,15.9305
2026-06-22T17:20:00Z,291.7295,14.7819
2026-06-22T17:30:00Z,293.7838,13.6502
2026-06-22T17:40:00Z,295.8387,12.5371
2026-06-22T17:50:00Z,297.8958,11.4442
2026-06-22T18:00:00Z,299.9563,10.3731
2026-06-22T18:10:00Z,302.0217,9.3255
2026-06-22T18:20:00Z,304.0933,8.3033
2026-06-22T18:30:00Z,306.172,7.3083
2026-06-22T18:40:00Z,308.259,6.3424
2026-06-22T18:50:00Z,310.3553,5.4079
2026-06-22T19:00:00Z,312.4615,4.5074
2026-06-22T19:10:00Z,314.5785,3.6451
2026-06-22T19:20:00Z,316.7068,2.8233
2026-06-22T19:30:00Z,318.847,2.0462
2026-06-22T19:40:00Z,320.9994,1.3194
2026-06-22T19:50:00Z,323.1643,0.6489
2026-06-22T20:00:00Z,325.3418,0.0398
2026-06-23T01:10:00Z,35.4368,0.2477
2026-06-23T01:20:00Z,37.6099,0.879
2026-06-23T01:30:00Z,39.7703,1.5701
2026-06-23T01:40:00Z,41.9184,2.3153
2026-06-23T01:50:00Z,44.0544,3.1088
2026-06-23T02:00:00Z,46.1788,3.9453
2026-06-23T02:10:00Z,48.292,4.821
2026-06-23T02:20:00Z,50.3947,5.7342
2026-06-23T02:30:00Z,52.4876,6.6801
2026-06-23T02:40:00Z,54.5717,7.6564
2026-06-23T02:50:00Z,56.6479,8.6613
2026-06-23T03:00:00Z,58.7172,9.6926
2026-06-23T03:10:00Z,60.7809,10.7487
2026-06-23T03:20:00Z,62.8401,11.8276
2026-06-23T03:30:00Z,64.8963,12.9278
2026-06-23T03:40:00Z,66.951,14.0476
2026-06-23T03:50:00Z,69.0057,15.1854
2026-06-23T04:00:00Z,71.062,16.3396
2026-06-23T04:10:00Z,73.1217,17.5086
2026-06-23T04:20:00Z,75.1866,18.691
2026-06-23T04:30:00Z,77.2588,19.8851
2026-06-23T04:40:00Z,79.3403,21.0893
2026-06-23T04:50:00Z,81.4332,22.3021
2026-06-23T05:00:00Z,83.5399,23.5218
2026-06-23T05:10:00Z,85.6627,24.7468
2026-06-23T05:20:00Z,87.8041,25.9755
2026-06-23T05:30:00Z,89.9668,27.2061
2026-06-23T05:40:00Z,92.1535,28.4369
2026-06-23T05:50:00Z,94.3671,29.666
2026-06-23T06:00:00Z,96.6105,30.8915
2026-06-23T06:10:00Z,98.8869,32.1116
2026-06-23T06:20:00Z,101.1996,33.3241
2026-06-23T06:30:00Z,103.5518,34.5269
2026-06-23T06:40:00Z,105.947,35.7178
2026-06-23T06:50:00Z,108.3888,36.8945
2026-06-23T07:00:00Z,110.8808,38.0545
2026-06-23T07:10:00Z,113.4266,39.1952
2026-06-23T07:20:00Z,116.0299,40.314
2026-06-23T07:30:00Z,118.6943,41.4079
2026-06-23T07:40:00Z,121.4234,42.474
2026-06-23T07:50:00Z,124.2206,43.5092
2026-06-23T08:00:00Z,127.089,44.5101
2026-06-23T08:10:00Z,130.0314,45.4734
2026-06-23T08:20:00Z,133.0501,46.3954
2026-06-23T08:30:00Z,136.1471,47.2726
2026-06-23T08:40:00Z,139.3233,48.1012
2026-06-23T08:50:00Z,142.5791,48.8773
2026-06-23T09:00:00Z,145.9137,49.5971
2026-06-23T09:10:00Z,149.3252,50.2569
2026-06-23T09:20:00Z,152.8105,50.8529
2026-06-23T09:30:00Z,156.3652,51.3815
2026-06-23T09:40:00Z,159.9836,51.8395
2026-06-23T09:50:00Z,163.6583,52.2239
2026-06-23T10:00:00Z,167.3808,52.5319
2026-06-23T10:10:00Z,171.1415,52.7614
2026-06-23T10:20:00Z,174.9296,52.9107
2026-06-23T10:30:00Z,178.7336,52.9787
2026-06-23T10:40:00Z,182.5416,52.9649
2026-06-23T10:50:00Z,186.3415,52.8694
2026-06-23T11:00:00Z,190.1216,52.6929
2026-06-23T11:10:00Z,193.8706,52.4366
2026-06-23T11:20:00Z,197.5781,52.1026
2026-06-23T11:30:00Z,201.2347,51.6931
2026-06-23T11:40:00Z,204.8323,51.2109
2026-06-23T11:50:00Z,208.3643,50.6591
2026-06-23T12:00:00Z,211.8251,50.0411
2026-06-23T12:10:00Z,215.211,49.3607
2026-06-23T12:20:00Z,218.5191,48.6214
2026-06-23T12:30:00Z,221.7481,47.8271
2026-06-23T12:40:00Z,224.8976,46.9817
2026-06-23T12:50:00Z,227.968,46.0889
2026-06-23T13:00:00Z,230.9608,45.1525
2026-06-23T13:10:00Z,233.878,44.1761
2026-06-23T13:20:00Z,236.722,43.1632
2026-06-23T13:30:00Z,239.4959,42.1171
2026-06-23T13:40:00Z,242.2028,41.0412
2026-06-23T13:50:00Z,244.8462,39.9385
2026-06-23T14:00:00Z,247.4297,38.8119
2026-06-23T14:10:00Z,249.957,37.6642
2026-06-23T14:20:00Z,252.4316,36.4982
2026-06-23T14:30:00Z,254.8573,35.3163
2026-06-23T14:40:00Z,257.2376,34.121
2026-06-23T14:50:00Z,259.5761,32.9146
2026-06-23T15:00:00Z,261.8761,31.6991
2026-06-23T15:10:00Z,264.141,30.4769
2026-06-23T15:20:00Z,266.374,29.2498
2026-06-23T15:30:00Z,268.5782,28.0197
2026-06-23T15:40:00Z,270.7564,26.7887
2026-06-23T15:50:00Z,272.9116,25.5583
2026-06-23T16:00:00Z,275.0464,24.3305
2026-06-23T16:10:00Z,277.1635,23.1069
2026-06-23T16:20:00Z,279.2652,21.8891
2026-06-23T16:30:00Z,281.354,20.6788
2026-06-23T16:40:00Z,283.4321,19.4777
2026-06-23T16:50:00Z,285.5016,18.2872
2026-06-23T17:00:00Z,287.5646,17.1089
2026-06-23T17:10:00Z,289.6229,15.9444
2026-06-23T17:20:00Z,291.6785,14.7954
2026-06-23T17:30:00Z,293.7329,13.6632
2026-06-23T17:40:00Z,295.7879,12.5496
2026-06-23T17:50:00Z,297.845,11.4561
2026-06-23T18:00:00Z,299.9056,10.3845
2026-06-23T18:10:00Z,301.971,9.3363
2026-06-23T18:20:00Z,304.0425,8.3134
2026-06-23T18:30:00Z,306.1213,7.3177
2026-06-23T18:40:00Z,308.2083,6.3511
2026-06-23T18:50:00Z,310.3044,5.4158
2026-06-23T19:00:00Z,312.4106,4.5145
2026-06-23T19:10:00Z,314.5275,3.6514
2026-06-23T19:20:00Z,316.6558,2.8287
2026-06-23T19:30:00Z,318.7959,2.0507
2026-06-23T19:40:00Z,320.9482,1.323
2026-06-23T19:50:00Z,323.113,0.6515
2026-06-23T20:00:00Z,325.2905,0.0415
2026-06-24T01:10:00Z,35.3945,0.2227
2026-06-24T01:20:00Z,37.5682,0.8522
2026-06-24T01:30:00Z,39.7292,1.5416
2026-06-24T01:40:00Z,41.8778,2.2853
2026-06-24T01:50:00Z,44.0143,3.0777
2026-06-24T02:00:00Z,46.1391,3.9132
2026-06-24T02:10:00Z,48.2528,4.788
2026-06-24T02:20:00Z,50.3559,5.7004
2026-06-24T02:30:00Z,52.4493,6.6455
2026-06-24T02:40:00Z,54.5338,7.6213
2026-06-24T02:50:00Z,56.6103,8.6255
2026-06-24T03:00:00Z,58.68,9.6564
2026-06-24T03:10:00Z,60.744,10.7119
2026-06-24T03:20:00Z,62.8035,11.7904
2026-06-24T03:30:00Z,64.86,12.8902
2026-06-24T03:40:00Z,66.9149,14.0096
2026-06-24T03:50:00Z,68.9697,15.147
2026-06-24T04:00:00Z,71.0261,16.3009
2026-06-24T04:10:00Z,73.0859,17.4696
2026-06-24T04:20:00Z,75.1509,18.6517
2026-06-24T04:30:00Z,77.2231,19.8456
2026-06-24T04:40:00Z,79.3045,21.0496
2026-06-24T04:50:00Z,81.3974,22.2622
2026-06-24T05:00:00Z,83.5039,23.4818
2026-06-24T05:10:00Z,85.6264,24.7067
2026-06-24T05:20:00Z,87.7676,25.9353
2026-06-24T05:30:00Z,89.9299,27.1658
2026-06-24T05:40:00Z,92.1162,28.3966
2026-06-24T05:50:00Z,94.3293,29.6257
2026-06-24T06:00:00Z,96.5722,30.8512
2026-06-24T06:10:00Z,98.848,32.0713
2026-06-24T06:20:00Z,101.1599,33.2839
2026-06-24T06:30:00Z,103.5113,34.4869
2026-06-24T06:40:00Z,105.9056,35.678
2026-06-24T06:50:00Z,108.3464,36.8549
2026-06-24T07:00:00Z,110.8373,38.0152
2026-06-24T07:10:00Z,113.382,39.1563
2026-06-24T07:20:00Z,115.984,40.2754
2026-06-24T07:30:00Z,118.647,41.3697
2026-06-24T07:40:00Z,121.3746,42.4363
2026-06-24T07:50:00Z,124.1702,43.472
2026-06-24T08:00:00Z,127.0368,44.4735
2026-06-24T08:10:00Z,129.9774,45.4375
2026-06-24T08:20:00Z,132.9942,46.3603
2026-06-24T08:30:00Z,136.0892,47.2383
2026-06-24T08:40:00Z,139.2633,48.0677
2026-06-24T08:50:00Z,142.5169,48.8448
2026-06-24T09:00:00Z,145.8492,49.5657
2026-06-24T09:10:00Z,149.2585,50.2266
2026-06-24T09:20:00Z,152.7416,50.8238
2026-06-24T09:30:00Z,156.2942,51.3538
2026-06-24T09:40:00Z,159.9104,51.8132
2026-06-24T09:50:00Z,163.5831,52.199
2026-06-24T10:00:00Z,167.3038,52.5085
2026-06-24T10:10:00Z,171.0628,52.7396
2026-06-24T10:20:00Z,174.8494,52.8906
2026-06-24T10:30:00Z,178.6521,52.9603
2026-06-24T10:40:00Z,182.4591,52.9482
2026-06-24T10:50:00Z,186.2583,52.8544
2026-06-24T11:00:00Z,190.0379,52.6796
2026-06-24T11:10:00Z,193.7867,52.4251
2026-06-24T11:20:00Z,197.4942,52.0928
2026-06-24T11:30:00Z,201.151,51.6849
2026-06-24T11:40:00Z,204.7492,51.2043
2026-06-24T11:50:00Z,208.2818,50.654
2026-06-24T12:00:00Z,211.7435,50.0376
2026-06-24T12:10:00Z,215.1304,49.3585
2026-06-24T12:20:00Z,218.4397,48.6206
2026-06-24T12:30:00Z,221.6698,47.8275
2026-06-24T12:40:00Z,224.8205,46.9833
2026-06-24T12:50:00Z,227.8923,46.0916
2026-06-24T13:00:00Z,230.8864,45.1562
2026-06-24T13:10:00Z,233.8049,44.1807
2026-06-24T13:20:00Z,236.6502,43.1686
2026-06-24T13:30:00Z,239.4254,42.1233
2026-06-24T13:40:00Z,242.1336,41.0481
2026-06-24T13:50:00Z,244.7782,39.946
2026-06-24T14:00:00Z,247.3629,38.8199
2026-06-24T14:10:00Z,249.8912,37.6728
2026-06-24T14:20:00Z,252.367,36.5072
2026-06-24T14:30:00Z,254.7936,35.3256
2026-06-24T14:40:00Z,257.1749,34.1306
2026-06-24T14:50:00Z,259.5143,32.9244
2026-06-24T15:00:00Z,261.8152,31.7091
2026-06-24T15:10:00Z,264.0809,30.487
2026-06-24T15:20:00Z,266.3146,29.2599
2026-06-24T15:30:00Z,268.5194,28.0299
2026-06-24T15:40:00Z,270.6983,26.7988
2026-06-24T15:50:00Z,272.8541,25.5684
2026-06-24T16:00:00Z,274.9894,24.3404
2026-06-24T16:10:00Z,277.107,23.1167
2026-06-24T16:20:00Z,279.2092,21.8987
2026-06-24T16:30:00Z,281.2983,20.6881
2026-06-24T16:40:00Z,283.3768,19.4867
2026-06-24T16:50:00Z,285.4466,18.2958
2026-06-24T17:00:00Z,287.5098,17.1172
2026-06-24T17:10:00Z,289.5684,15.9523
2026-06-24T17:20:00Z,291.6242,14.8027
2026-06-24T17:30:00Z,293.6788,13.6701
2026-06-24T17:40:00Z,295.734,12.556
2026-06-24T17:50:00Z,297.7912,11.4619
2026-06-24T18:00:00Z,299.8519,10.3897
2026-06-24T18:10:00Z,301.9174,9.3409
2026-06-24T18:20:00Z,303.989,8.3173
2026-06-24T18:30:00Z,306.0678,7.3208
2026-06-24T18:40:00Z,308.1549,6.3535
2026-06-24T18:50:00Z,310.2511,5.4175
2026-06-24T19:00:00Z,312.3573,4.5154
2026-06-24T19:10:00Z,314.4743,3.6515
2026-06-24T19:20:00Z,316.6026,2.8279
2026-06-24T19:30:00Z,318.7427,2.0491
2026-06-24T19:40:00Z,320.8951,1.3207
2026-06-24T19:50:00Z,323.0599,0.6484
2026-06-24T20:00:00Z,325.2374,0.0378
2026-06-25T01:10:00Z,35.3548,0.1924
2026-06-25T01:20:00Z,37.529,0.8197
2026-06-25T01:30:00Z,39.6907,1.5073
2026-06-25T01:40:00Z,41.8399,2.2496
2026-06-25T01:50:00Z,43.977,3.0406
2026-06-25T02:00:00Z,46.1025,3.8752
2026-06-25T02:10:00Z,48.2167,4.7491
2026-06-25T02:20:00Z,50.3204,5.6606
2026-06-25T02:30:00Z,52.4142,6.6051
2026-06-25T02:40:00Z,54.4992,7.5802
2026-06-25T02:50:00Z,56.5762,8.5839
2026-06-25T03:00:00Z,58.6463,9.6142
2026-06-25T03:10:00Z,60.7107,10.6693
2026-06-25T03:20:00Z,62.7706,11.7473
2026-06-25T03:30:00Z,64.8274,12.8467
2026-06-25T03:40:00Z,66.8825,13.9658
2026-06-25T03:50:00Z,68.9376,15.1029
2026-06-25T04:00:00Z,70.9942,16.2565
2026-06-25T04:10:00Z,73.0542,17.425
2026-06-25T04:20:00Z,75.1193,18.6068
2026-06-25T04:30:00Z,77.1916,19.8004
2026-06-25T04:40:00Z,79.273,21.0042
2026-06-25T04:50:00Z,81.3658,22.2167
2026-06-25T05:00:00Z,83.4722,23.4361
2026-06-25T05:10:00Z,85.5946,24.661
2026-06-25T05:20:00Z,87.7355,25.8895
2026-06-25T05:30:00Z,89.8976,27.1199
2026-06-25T05:40:00Z,92.0835,28.3506
2026-06-25T05:50:00Z,94.2961,29.5797
2026-06-25T06:00:00Z,96.5385,30.8053
2026-06-25T06:10:00Z,98.8137,32.0255
2026-06-25T06:20:00Z,101.125,33.2382
2026-06-25T06:30:00Z,103.4756,34.4413
2026-06-25T06:40:00Z,105.8691,35.6325
2026-06-25T06:50:00Z,108.3089,36.8097
2026-06-25T07:00:00Z,110.7987,37.9702
2026-06-25T07:10:00Z,113.3422,39.1115
2026-06-25T07:20:00Z,115.9429,40.2309
2026-06-25T07:30:00Z,118.6045,41.3257
2026-06-25T07:40:00Z,121.3306,42.3927
2026-06-25T07:50:00Z,124.1245,43.4288
2026-06-25T08:00:00Z,126.9893,44.4309
2026-06-25T08:10:00Z,129.928,45.3954
2026-06-25T08:20:00Z,132.9428,46.3189
2026-06-25T08:30:00Z,136.0356,47.1976
2026-06-25T08:40:00Z,139.2075,48.0279
2026-06-25T08:50:00Z,142.4587,48.8059
2026-06-25T09:00:00Z,145.7887,49.5278
2026-06-25T09:10:00Z,149.1955,50.1898
2026-06-25T09:20:00Z,152.6761,50.7881
2026-06-25T09:30:00Z,156.2263,51.3194
2026-06-25T09:40:00Z,159.8401,51.7801
2026-06-25T09:50:00Z,163.5104,52.1673
2026-06-25T10:00:00Z,167.2289,52.4784
2026-06-25T10:10:00Z,170.9858,52.711
2026-06-25T10:20:00Z,174.7705,52.8636
2026-06-25T10:30:00Z,178.5716,52.935
2026-06-25T10:40:00Z,182.3771,52.9246
2026-06-25T10:50:00Z,186.1751,52.8325
2026-06-25T11:00:00Z,189.9538,52.6594
2026-06-25T11:10:00Z,193.702,52.4067
2026-06-25T11:20:00Z,197.4092,52.076
2026-06-25T11:30:00Z,201.0659,51.6698
2026-06-25T11:40:00Z,204.6642,51.1909
2026-06-25T11:50:00Z,208.1972,50.6422
2026-06-25T12:00:00Z,211.6595,50.0273
2026-06-25T12:10:00Z,215.0471,49.3497
2026-06-25T12:20:00Z,218.3573,48.6131
2026-06-25T12:30:00Z,221.5885,47.8214
2026-06-25T12:40:00Z,224.7402,46.9784
2026-06-25T12:50:00Z,227.8131,46.0878
2026-06-25T13:00:00Z,230.8084,45.1534
2026-06-25T13:10:00Z,233.7281,44.1789
2026-06-25T13:20:00Z,236.5747,43.1677
2026-06-25T13:30:00Z,239.3511,42.1233
2026-06-25T13:40:00Z,242.0605,41.0488
2026-06-25T13:50:00Z,244.7063,39.9473
2026-06-25T14:00:00Z,247.2921,38.8218
2026-06-25T14:10:00Z,249.8216,37.6752
2026-06-25T14:20:00Z,252.2984,36.51
2026-06-25T14:30:00Z,254.7261,35.3288
2026-06-25T14:40:00Z,257.1083,34.1341
2026-06-25T14:50:00Z,259.4486,32.9281
2026-06-25T15:00:00Z,261.7504,31.7131
2026-06-25T15:10:00Z,264.0169,30.491
2026-06-25T15:20:00Z,266.2514,29.2641
2026-06-25T15:30:00Z,268.4569,28.0341
2026-06-25T15:40:00Z,270.6365,26.8029
2026-06-25T15:50:00Z,272.7929,25.5725
2026-06-25T16:00:00Z,274.9288,24.3444
2026-06-25T16:10:00Z,277.0469,23.1204
2026-06-25T16:20:00Z,279.1495,21.9022
2026-06-25T16:30:00Z,281.2392,20.6914
2026-06-25T16:40:00Z,283.318,19.4896
2026-06-25T16:50:00Z,285.3882,18.2984
2026-06-25T17:00:00Z,287.4518,17.1193
2026-06-25T17:10:00Z,289.5107,15.954
2026-06-25T17:20:00Z,291.5667,14.804
2026-06-25T17:30:00Z,293.6216,13.6709
2026-06-25T17:40:00Z,295.677,12.5562
2026-06-25T17:50:00Z,297.7345,11.4615
2026-06-25T18:00:00Z,299.7954,10.3886
2026-06-25T18:10:00Z,301.8611,9.3392
2026-06-25T18:20:00Z,303.9328,8.3149
2026-06-25T18:30:00Z,306.0118,7.3178
2026-06-25T18:40:00Z,308.099,6.3497
2026-06-25T18:50:00Z,310.1953,5.4129
2026-06-25T19:00:00Z,312.3017,4.51
2026-06-25T19:10:00Z,314.4187,3.6454
2026-06-25T19:20:00Z,316.5472,2.821
2026-06-25T19:30:00Z,318.6874,2.0415
2026-06-25T19:40:00Z,320.84,1.3124
2026-06-25T19:50:00Z,323.005,0.6396
2026-06-25T20:00:00Z,325.1826,0.0286
2026-06-26T01:10:00Z,35.3175,0.1569
2026-06-26T01:20:00Z,37.4926,0.7819
2026-06-26T01:30:00Z,39.655,1.4674
2026-06-26T01:40:00Z,41.8049,2.208
2026-06-26T01:50:00Z,43.9428,2.9978
2026-06-26T02:00:00Z,46.0688,3.8312
2026-06-26T02:10:00Z,48.1837,4.7042
2026-06-26T02:20:00Z,50.288,5.6149
2026-06-26T02:30:00Z,52.3825,6.5587
2026-06-26T02:40:00Z,54.4681,7.5332
2026-06-26T02:50:00Z,56.5456,8.5364
2026-06-26T03:00:00Z,58.6162,9.5662
2026-06-26T03:10:00Z,60.6811,10.6209
2026-06-26T03:20:00Z,62.7414,11.6985
2026-06-26T03:30:00Z,64.7986,12.7975
2026-06-26T03:40:00Z,66.8541,13.9163
2026-06-26T03:50:00Z,68.9095,15.0531
2026-06-26T04:00:00Z,70.9664,16.2064
2026-06-26T04:10:00Z,73.0266,17.3746
2026-06-26T04:20:00Z,75.0919,18.5563
2026-06-26T04:30:00Z,77.1642,19.7497
2026-06-26T04:40:00Z,79.2457,20.9534
2026-06-26T04:50:00Z,81.3385,22.1656
2026-06-26T05:00:00Z,83.4449,23.385
2026-06-26T05:10:00Z,85.5672,24.6097
2026-06-26T05:20:00Z,87.708,25.8381
2026-06-26T05:30:00Z,89.8698,27.0685
2026-06-26T05:40:00Z,92.0554,28.2992
2026-06-26T05:50:00Z,94.2677,29.5283
2026-06-26T06:00:00Z,96.5096,30.7539
2026-06-26T06:10:00Z,98.7842,31.9741
2026-06-26T06:20:00Z,101.0948,33.1869
2026-06-26T06:30:00Z,103.4447,34.3901
2026-06-26T06:40:00Z,105.8374,35.5815
2026-06-26T06:50:00Z,108.2763,36.7587
2026-06-26T07:00:00Z,110.765,37.9194
2026-06-26T07:10:00Z,113.3073,39.061
2026-06-26T07:20:00Z,115.9067,40.1807
2026-06-26T07:30:00Z,118.5669,41.2757
2026-06-26T07:40:00Z,121.2914,42.3431
2026-06-26T07:50:00Z,124.0836,43.3797
2026-06-26T08:00:00Z,126.9466,44.3823
2026-06-26T08:10:00Z,129.8832,45.3474
2026-06-26T08:20:00Z,132.8959,46.2714
2026-06-26T08:30:00Z,135.9865,47.1508
2026-06-26T08:40:00Z,139.156,47.9819
2026-06-26T08:50:00Z,142.4047,48.7607
2026-06-26T09:00:00Z,145.7321,49.4835
2026-06-26T09:10:00Z,149.1362,50.1465
2026-06-26T09:20:00Z,152.6141,50.746
2026-06-26T09:30:00Z,156.1615,51.2784
2026-06-26T09:40:00Z,159.7726,51.7404
2026-06-26T09:50:00Z,163.4402,52.129
2026-06-26T10:00:00Z,167.1561,52.4414
2026-06-26T10:10:00Z,170.9106,52.6756
2026-06-26T10:20:00Z,174.693,52.8298
2026-06-26T10:30:00Z,178.492,52.9028
2026-06-26T10:40:00Z,182.2957,52.8941
2026-06-26T10:50:00Z,186.0922,52.8037
2026-06-26T11:00:00Z,189.8696,52.6324
2026-06-26T11:10:00Z,193.6168,52.3813
2026-06-26T11:20:00Z,197.3232,52.0524
2026-06-26T11:30:00Z,200.9795,51.6479
2026-06-26T11:40:00Z,204.5776,51.1706
2026-06-26T11:50:00Z,208.1107,50.6236
2026-06-26T12:00:00Z,211.5733,50.0102
2026-06-26T12:10:00Z,214.9614,49.3341
2026-06-26T12:20:00Z,218.2722,48.599
2026-06-26T12:30:00Z,221.5041,47.8086
2026-06-26T12:40:00Z,224.6568,46.9668
2026-06-26T12:50:00Z,227.7307,46.0775
2026-06-26T13:00:00Z,230.7271,45.1442
2026-06-26T13:10:00Z,233.6479,44.1707
2026-06-26T13:20:00Z,236.4956,43.1605
2026-06-26T13:30:00Z,239.2731,42.1169
2026-06-26T13:40:00Z,241.9837,41.0431
2026-06-26T13:50:00Z,244.6306,39.9423
2026-06-26T14:00:00Z,247.2176,38.8175
2026-06-26T14:10:00Z,249.7481,37.6714
2026-06-26T14:20:00Z,252.2259,36.5067
2026-06-26T14:30:00Z,254.6547,35.3259
2026-06-26T14:40:00Z,257.0379,34.1315
2026-06-26T14:50:00Z,259.3791,32.9258
2026-06-26T15:00:00Z,261.6818,31.7109
2026-06-26T15:10:00Z,263.9491,30.4891
2026-06-26T15:20:00Z,266.1844,29.2622
2026-06-26T15:30:00Z,268.3907,28.0322
2026-06-26T15:40:00Z,270.571,26.801
2026-06-26T15:50:00Z,272.728,25.5705
2026-06-26T16:00:00Z,274.8646,24.3422
2026-06-26T16:10:00Z,276.9832,23.1181
2026-06-26T16:20:00Z,279.0864,21.8996
2026-06-26T16:30:00Z,281.1766,20.6886
2026-06-26T16:40:00Z,283.2559,19.4864
2026-06-26T16:50:00Z,285.3265,18.2949
2026-06-26T17:00:00Z,287.3905,17.1154
2026-06-26T17:10:00Z,289.4498,15.9496
2026-06-26T17:20:00Z,291.5062,14.7991
2026-06-26T17:30:00Z,293.5614,13.6654
2026-06-26T17:40:00Z,295.6171,12.5502
2026-06-26T17:50:00Z,297.6748,11.4549
2026-06-26T18:00:00Z,299.736,10.3814
2026-06-26T18:10:00Z,301.802,9.3312
2026-06-26T18:20:00Z,303.874,8.3063
2026-06-26T18:30:00Z,305.9532,7.3084
2026-06-26T18:40:00Z,308.0406,6.3396
2026-06-26T18:50:00Z,310.1372,5.402
2026-06-26T19:00:00Z,312.2437,4.4984
2026-06-26T19:10:00Z,314.361,3.633
2026-06-26T19:20:00Z,316.4897,2.8079
2026-06-26T19:30:00Z,318.6302,2.0278
2026-06-26T19:40:00Z,320.783,1.2982
2026-06-26T19:50:00Z,322.9483,0.6251
2026-06-26T20:00:00Z,325.1262,0.014
2026-06-27T01:10:00Z,35.2829,0.1163
2026-06-27T01:20:00Z,37.4588,0.7386
2026-06-27T01:30:00Z,39.6221,1.4219
2026-06-27T01:40:00Z,41.7729,2.1608
2026-06-27T01:50:00Z,43.9115,2.9491
2026-06-27T02:00:00Z,46.0384,3.7814
2026-06-27T02:10:00Z,48.154,4.6535
2026-06-27T02:20:00Z,50.2591,5.5634
2026-06-27T02:30:00Z,52.3542,6.5065
2026-06-27T02:40:00Z,54.4404,7.4805
2026-06-27T02:50:00Z,56.5186,8.4831
2026-06-27T03:00:00Z,58.5898,9.5125
2026-06-27T03:10:00Z,60.6552,10.5667
2026-06-27T03:20:00Z,62.7161,11.644
2026-06-27T03:30:00Z,64.7737,12.7427
2026-06-27T03:40:00Z,66.8297,13.8611
2026-06-27T03:50:00Z,68.8854,14.9977
2026-06-27T04:00:00Z,70.9427,16.1507
2026-06-27T04:10:00Z,73.0031,17.3188
2026-06-27T04:20:00Z,75.0687,18.5002
2026-06-27T04:30:00Z,77.1412,19.6934
2026-06-27T04:40:00Z,79.2228,20.8969
2026-06-27T04:50:00Z,81.3157,22.1091
2026-06-27T05:00:00Z,83.4221,23.3283
2026-06-27T05:10:00Z,85.5444,24.5529
2026-06-27T05:20:00Z,87.685,25.7813
2026-06-27T05:30:00Z,89.8467,27.0117
2026-06-27T05:40:00Z,92.032,28.2423
2026-06-27T05:50:00Z,94.2439,29.4714
2026-06-27T06:00:00Z,96.4854,30.697
2026-06-27T06:10:00Z,98.7596,31.9172
2026-06-27T06:20:00Z,101.0696,33.13
2026-06-27T06:30:00Z,103.4188,34.3333
2026-06-27T06:40:00Z,105.8106,35.5248
2026-06-27T06:50:00Z,108.2486,36.7022
2026-06-27T07:00:00Z,110.7363,37.863
2026-06-27T07:10:00Z,113.2774,39.0048
2026-06-27T07:20:00Z,115.8755,40.1248
2026-06-27T07:30:00Z,118.5343,41.2201
2026-06-27T07:40:00Z,121.2572,42.2878
2026-06-27T07:50:00Z,124.0476,43.3247
2026-06-27T08:00:00Z,126.9087,44.3277
2026-06-27T08:10:00Z,129.8433,45.2933
2026-06-27T08:20:00Z,132.8538,46.2179
2026-06-27T08:30:00Z,135.9419,47.0979
2026-06-27T08:40:00Z,139.1089,47.9296
2026-06-27T08:50:00Z,142.355,48.7092
2026-06-27T09:00:00Z,145.6795,49.4328
2026-06-27T09:10:00Z,149.0808,50.0968
2026-06-27T09:20:00Z,152.5557,50.6973
2026-06-27T09:30:00Z,156.1001,51.2308
2026-06-27T09:40:00Z,159.7081,51.694
2026-06-27T09:50:00Z,163.3728,52.0839
2026-06-27T10:00:00Z,167.0857,52.3977
2026-06-27T10:10:00Z,170.8374,52.6334
2026-06-27T10:20:00Z,174.6171,52.7891
2026-06-27T10:30:00Z,178.4137,52.8637
2026-06-27T10:40:00Z,182.2151,52.8567
2026-06-27T10:50:00Z,186.0096,52.768
2026-06-27T11:00:00Z,189.7854,52.5984
2026-06-27T11:10:00Z,193.5311,52.3491
2026-06-27T11:20:00Z,197.2364,52.0219
2026-06-27T11:30:00Z,200.892,51.6192
2026-06-27T11:40:00Z,204.4896,51.1435
2026-06-27T11:50:00Z,208.0224,50.5982
2026-06-27T12:00:00Z,211.485,49.9864
2026-06-27T12:10:00Z,214.8733,49.3118
2026-06-27T12:20:00Z,218.1845,48.5782
2026-06-27T12:30:00Z,221.417,47.7892
2026-06-27T12:40:00Z,224.5704,46.9488
2026-06-27T12:50:00Z,227.6452,46.0606
2026-06-27T13:00:00Z,230.6424,45.1285
2026-06-27T13:10:00Z,233.5642,44.1561
2026-06-27T13:20:00Z,236.413,43.1468
2026-06-27T13:30:00Z,239.1916,42.1041
2026-06-27T13:40:00Z,241.9032,41.0312
2026-06-27T13:50:00Z,244.5513,39.9311
2026-06-27T14:00:00Z,247.1393,38.8069
2026-06-27T14:10:00Z,249.6709,37.6614
2026-06-27T14:20:00Z,252.1498,36.4972
2026-06-27T14:30:00Z,254.5795,35.3168
2026-06-27T14:40:00Z,256.9637,34.1228
2026-06-27T14:50:00Z,259.3059,32.9173
2026-06-27T15:00:00Z,261.6095,31.7027
2026-06-27T15:10:00Z,263.8777,30.481
2026-06-27T15:20:00Z,266.1138,29.2542
2026-06-27T15:30:00Z,268.3209,28.0242
2026-06-27T15:40:00Z,270.5019,26.793
2026-06-27T15:50:00Z,272.6597,25.5624
2026-06-27T16:00:00Z,274.7969,24.334
2026-06-27T16:10:00Z,276.9162,23.1097
2026-06-27T16:20:00Z,279.02,21.891
2026-06-27T16:30:00Z,281.1107,20.6796
2026-06-27T16:40:00Z,283.1905,19.4772
2026-06-27T16:50:00Z,285.2617,18.2852
2026-06-27T17:00:00Z,287.3261,17.1053
2026-06-27T17:10:00Z,289.3858,15.9391
2026-06-27T17:20:00Z,291.4426,14.7881
2026-06-27T17:30:00Z,293.4983,13.6538
2026-06-27T17:40:00Z,295.5543,12.538
2026-06-27T17:50:00Z,297.6124,11.4421
2026-06-27T18:00:00Z,299.6739,10.3679
2026-06-27T18:10:00Z,301.7402,9.317
2026-06-27T18:20:00Z,303.8126,8.2914
2026-06-27T18:30:00Z,305.8921,7.2927
2026-06-27T18:40:00Z,307.9798,6.3231
2026-06-27T18:50:00Z,310.0767,5.3848
2026-06-27T19:00:00Z,312.1836,4.4804
2026-06-27T19:10:00Z,314.3013,3.6143
2026-06-27T19:20:00Z,316.4303,2.7886
2026-06-27T19:30:00Z,318.5711,2.0079
2026-06-27T19:40:00Z,320.7243,1.278
2026-06-27T19:50:00Z,322.8899,0.6048
2026-06-28T01:10:00Z,35.251,0.0707
2026-06-28T01:20:00Z,37.4279,0.69
2026-06-28T01:30:00Z,39.5921,1.371
2026-06-28T01:40:00Z,41.7438,2.1079
2026-06-28T01:50:00Z,43.8834,2.8947
2026-06-28T02:00:00Z,46.0111,3.7259
2026-06-28T02:10:00Z,48.1276,4.597
2026-06-28T02:20:00Z,50.2335,5.506
2026-06-28T02:30:00Z,52.3294,6.4485
2026-06-28T02:40:00Z,54.4164,7.4219
2026-06-28T02:50:00Z,56.4952,8.4241
2026-06-28T03:00:00Z,58.5671,9.453
2026-06-28T03:10:00Z,60.6331,10.5069
2026-06-28T03:20:00Z,62.6946,11.5838
2026-06-28T03:30:00Z,64.7528,12.6822
2026-06-28T03:40:00Z,66.8092,13.8004
2026-06-28T03:50:00Z,68.8654,14.9367
2026-06-28T04:00:00Z,70.9231,16.0895
2026-06-28T04:10:00Z,72.9839,17.2574
2026-06-28T04:20:00Z,75.0497,18.4386
2026-06-28T04:30:00Z,77.1225,19.6317
2026-06-28T04:40:00Z,79.2044,20.8351
2026-06-28T04:50:00Z,81.2974,22.0471
2026-06-28T05:00:00Z,83.4039,23.2662
2026-06-28T05:10:00Z,85.5261,24.4908
2026-06-28T05:20:00Z,87.6667,25.719
2026-06-28T05:30:00Z,89.8282,26.9494
2026-06-28T05:40:00Z,92.0134,28.18
2026-06-28T05:50:00Z,94.225,29.409
2026-06-28T06:00:00Z,96.4662,30.6346
2026-06-28T06:10:00Z,98.7398,31.8549
2026-06-28T06:20:00Z,101.0493,33.0677
2026-06-28T06:30:00Z,103.3978,34.271
2026-06-28T06:40:00Z,105.7889,35.4626
2026-06-28T06:50:00Z,108.226,36.6401
2026-06-28T07:00:00Z,110.7127,37.8011
2026-06-28T07:10:00Z,113.2526,38.943
2026-06-28T07:20:00Z,115.8494,40.0631
2026-06-28T07:30:00Z,118.5067,41.1587
2026-06-28T07:40:00Z,121.228,42.2266
2026-06-28T07:50:00Z,124.0166,43.2639
2026-06-28T08:00:00Z,126.8758,44.2672
2026-06-28T08:10:00Z,129.8082,45.2332
2026-06-28T08:20:00Z,132.8164,46.1583
2026-06-28T08:30:00Z,135.9021,47.0389
2026-06-28T08:40:00Z,139.0664,47.8712
2026-06-28T08:50:00Z,142.3096,48.6514
2026-06-28T09:00:00Z,145.6312,49.3759
2026-06-28T09:10:00Z,149.0294,50.0406
2026-06-28T09:20:00Z,152.5011,50.6421
2026-06-28T09:30:00Z,156.0421,51.1767
2026-06-28T09:40:00Z,159.6468,51.641
2026-06-28T09:50:00Z,163.3082,52.0321
2026-06-28T10:00:00Z,167.0179,52.3473
2026-06-28T10:10:00Z,170.7663,52.5844
2026-06-28T10:20:00Z,174.543,52.7416
2026-06-28T10:30:00Z,178.3367,52.8178
2026-06-28T10:40:00Z,182.1355,52.8124
2026-06-28T10:50:00Z,185.9276,52.7254
2026-06-28T11:00:00Z,189.7013,52.5575
2026-06-28T11:10:00Z,193.4452,52.31
2026-06-28T11:20:00Z,197.1491,51.9845
2026-06-28T11:30:00Z,200.8035,51.5835
2026-06-28T11:40:00Z,204.4002,51.1096
2026-06-28T11:50:00Z,207.9324,50.5659
2026-06-28T12:00:00Z,211.3947,49.9558
2026-06-28T12:10:00Z,214.783,49.2828
2026-06-28T12:20:00Z,218.0944,48.5506
2026-06-28T12:30:00Z,221.3273,47.7631
2026-06-28T12:40:00Z,224.4812,46.9241
2026-06-28T12:50:00Z,227.5566,46.0372
2026-06-28T13:00:00Z,230.5547,45.1063
2026-06-28T13:10:00Z,233.4774,44.135
2026-06-28T13:20:00Z,236.3271,43.1267
2026-06-28T13:30:00Z,239.1067,42.0849
2026-06-28T13:40:00Z,241.8193,41.0129
2026-06-28T13:50:00Z,244.4684,39.9136
2026-06-28T14:00:00Z,247.0575,38.7901
2026-06-28T14:10:00Z,249.5901,37.6451
2026-06-28T14:20:00Z,252.07,36.4814
2026-06-28T14:30:00Z,254.5008,35.3015
2026-06-28T14:40:00Z,256.886,34.1079
2026-06-28T14:50:00Z,259.2291,32.9027
2026-06-28T15:00:00Z,261.5336,31.6883
2026-06-28T15:10:00Z,263.8027,30.4667
2026-06-28T15:20:00Z,266.0397,29.24
2026-06-28T15:30:00Z,268.2476,28.0101
2026-06-28T15:40:00Z,270.4294,26.7789
2026-06-28T15:50:00Z,272.5879,25.5482
2026-06-28T16:00:00Z,274.7258,24.3197
2026-06-28T16:10:00Z,276.8458,23.0951
2026-06-28T16:20:00Z,278.9502,21.8762
2026-06-28T16:30:00Z,281.0416,20.6645
2026-06-28T16:40:00Z,283.122,19.4617
2026-06-28T16:50:00Z,285.1937,18.2694
2026-06-28T17:00:00Z,287.2587,17.0891
2026-06-28T17:10:00Z,289.3189,15.9223
2026-06-28T17:20:00Z,291.3762,14.7708
2026-06-28T17:30:00Z,293.4323,13.636
2026-06-28T17:40:00Z,295.4888,12.5195
2026-06-28T17:50:00Z,297.5473,11.423
2026-06-28T18:00:00Z,299.6093,10.3481
2026-06-28T18:10:00Z,301.676,9.2965
2026-06-28T18:20:00Z,303.7487,8.2701
2026-06-28T18:30:00Z,305.8286,7.2707
2026-06-28T18:40:00Z,307.9168,6.3004
2026-06-28T18:50:00Z,310.0141,5.3612
2026-06-28T19:00:00Z,312.1214,4.4562
2026-06-28T19:10:00Z,314.2395,3.5894
2026-06-28T19:20:00Z,316.3689,2.7631
2026-06-28T19:30:00Z,318.5103,1.982
2026-06-28T19:40:00Z,320.6639,1.2519
2026-06-28T19:50:00Z,322.83,0.5789
2026-06-29T01:10:00Z,35.2218,0.0201
2026-06-29T01:20:00Z,37.3998,0.6363
2026-06-29T01:30:00Z,39.5651,1.3146
2026-06-29T01:40:00Z,41.7179,2.0494
2026-06-29T01:50:00Z,43.8584,2.8346
2026-06-29T02:00:00Z,45.9871,3.6646
2026-06-29T02:10:00Z,48.1045,4.5347
2026-06-29T02:20:00Z,50.2113,5.4429
2026-06-29T02:30:00Z,52.3081,6.3848
2026-06-29T02:40:00Z,54.3959,7.3576
2026-06-29T02:50:00Z,56.4756,8.3593
2026-06-29T03:00:00Z,58.5482,9.3879
2026-06-29T03:10:00Z,60.6149,10.4414
2026-06-29T03:20:00Z,62.677,11.5181
2026-06-29T03:30:00Z,64.7358,12.6162
2026-06-29T03:40:00Z,66.7929,13.7341
2026-06-29T03:50:00Z,68.8496,14.8702
2026-06-29T04:00:00Z,70.9077,16.0228
2026-06-29T04:10:00Z,72.9689,17.1905
2026-06-29T04:20:00Z,75.0352,18.3716
2026-06-29T04:30:00Z,77.1083,19.5646
2026-06-29T04:40:00Z,79.1904,20.7678
2026-06-29T04:50:00Z,81.2836,21.9798
2026-06-29T05:00:00Z,83.3902,23.1988
2026-06-29T05:10:00Z,85.5125,24.4232
2026-06-29T05:20:00Z,87.6531,25.6515
2026-06-29T05:30:00Z,89.8146,26.8817
2026-06-29T05:40:00Z,91.9996,28.1123
2026-06-29T05:50:00Z,94.211,29.3413
2026-06-29T06:00:00Z,96.4518,30.5669
2026-06-29T06:10:00Z,98.7251,31.7872
2026-06-29T06:20:00Z,101.034,33.0
2026-06-29T06:30:00Z,103.3819,34.2034
2026-06-29T06:40:00Z,105.7722,35.395
2026-06-29T06:50:00Z,108.2084,36.5725
2026-06-29T07:00:00Z,110.6941,37.7336
2026-06-29T07:10:00Z,113.2329,38.8756
2026-06-29T07:20:00Z,115.8284,39.9959
2026-06-29T07:30:00Z,118.4842,41.0916
2026-06-29T07:40:00Z,121.2039,42.1598
2026-06-29T07:50:00Z,123.9907,43.1973
2026-06-29T08:00:00Z,126.8479,44.2009
2026-06-29T08:10:00Z,129.7781,45.1673
2026-06-29T08:20:00Z,132.7839,46.0927
2026-06-29T08:30:00Z,135.867,46.9738
2026-06-29T08:40:00Z,139.0285,47.8066
2026-06-29T08:50:00Z,142.2688,48.5875
2026-06-29T09:00:00Z,145.5872,49.3126
2026-06-29T09:10:00Z,148.982,49.9782
2026-06-29T09:20:00Z,152.4503,50.5805
2026-06-29T09:30:00Z,155.9878,51.116
2026-06-29T09:40:00Z,159.5889,51.5815
2026-06-29T09:50:00Z,163.2466,51.9738
2026-06-29T10:00:00Z,166.9527,52.2902
2026-06-29T10:10:00Z,170.6976,52.5287
2026-06-29T10:20:00Z,174.4709,52.6873
2026-06-29T10:30:00Z,178.2613,52.7651
2026-06-29T10:40:00Z,182.0571,52.7613
2026-06-29T10:50:00Z,185.8464,52.6759
2026-06-29T11:00:00Z,189.6175,52.5098
2026-06-29T11:10:00Z,193.3593,52.264
2026-06-29T11:20:00Z,197.0613,51.9403
2026-06-29T11:30:00Z,200.7142,51.541
2026-06-29T11:40:00Z,204.3097,51.0689
2026-06-29T11:50:00Z,207.8411,50.5269
2026-06-29T12:00:00Z,211.3028,49.9184
2026-06-29T12:10:00Z,214.6907,49.247
2026-06-29T12:20:00Z,218.002,48.5164
2026-06-29T12:30:00Z,221.2351,47.7304
2026-06-29T12:40:00Z,224.3894,46.8927
2026-06-29T12:50:00Z,227.4653,46.0072
2026-06-29T13:00:00Z,230.464,45.0775
2026-06-29T13:10:00Z,233.3874,44.1073
2026-06-29T13:20:00Z,236.2379,43.1002
2026-06-29T13:30:00Z,239.0184,42.0594
2026-06-29T13:40:00Z,241.732,40.9882
2026-06-29T13:50:00Z,244.3821,39.8897
2026-06-29T14:00:00Z,246.9722,38.7669
2026-06-29T14:10:00Z,249.5059,37.6226
2026-06-29T14:20:00Z,251.9868,36.4594
2026-06-29T14:30:00Z,254.4186,35.28
2026-06-29T14:40:00Z,256.8047,34.0867
2026-06-29T14:50:00Z,259.1488,32.8819
2026-06-29T15:00:00Z,261.4542,31.6677
2026-06-29T15:10:00Z,263.7243,30.4464
2026-06-29T15:20:00Z,265.9621,29.2198
2026-06-29T15:30:00Z,268.1709,27.9899
2026-06-29T15:40:00Z,270.3535,26.7587
2026-06-29T15:50:00Z,272.5128,25.5278
2026-06-29T16:00:00Z,274.6515,24.2992
2026-06-29T16:10:00Z,276.7722,23.0745
2026-06-29T16:20:00Z,278.8773,21.8553
2026-06-29T16:30:00Z,280.9693,20.6433
2026-06-29T16:40:00Z,283.0504,19.4401
2026-06-29T16:50:00Z,285.1227,18.2474
2026-06-29T17:00:00Z,287.1883,17.0666
2026-06-29T17:10:00Z,289.2491,15.8994
2026-06-29T17:20:00Z,291.3069,14.7473
2026-06-29T17:30:00Z,293.3635,13.6118
2026-06-29T17:40:00Z,295.4206,12.4947
2026-06-29T17:50:00Z,297.4796,11.3976
2026-06-29T18:00:00Z,299.542,10.322
2026-06-29T18:10:00Z,301.6093,9.2697
2026-06-29T18:20:00Z,303.6825,8.2425
2026-06-29T18:30:00Z,305.7629,7.2424
2026-06-29T18:40:00Z,307.8516,6.2712
2026-06-29T18:50:00Z,309.9494,5.3314
2026-06-29T19:00:00Z,312.0572,4.4257
2026-06-29T19:10:00Z,314.1758,3.5582
2026-06-29T19:20:00Z,316.3058,2.7314
2026-06-29T19:30:00Z,318.4477,1.95
2026-06-29T19:40:00Z,320.6019,1.2199
2026-06-29T19:50:00Z,322.7686,0.5472
2026-06-30T01:20:00Z,37.3747,0.5774
2026-06-30T01:30:00Z,39.5411,1.2528
2026-06-30T01:40:00Z,41.695,1.9854
2026-06-30T01:50:00Z,43.8367,2.769
2026-06-30T02:00:00Z,45.9664,3.5977
2026-06-30T02:10:00Z,48.0849,4.4668
2026-06-30T02:20:00Z,50.1927,5.3741
2026-06-30T02:30:00Z,52.2905,6.3153
2026-06-30T02:40:00Z,54.3791,7.2877
2026-06-30T02:50:00Z,56.4597,8.289
2026-06-30T03:00:00Z,58.5331,9.3171
2026-06-30T03:10:00Z,60.6006,10.3703
2026-06-30T03:20:00Z,62.6635,11.4467
2026-06-30T03:30:00Z,64.723,12.5446
2026-06-30T03:40:00Z,66.7806,13.6623
2026-06-30T03:50:00Z,68.838,14.7982
2026-06-30T04:00:00Z,70.8966,15.9507
2026-06-30T04:10:00Z,72.9584,17.1183
2026-06-30T04:20:00Z,75.025,18.2992
2026-06-30T04:30:00Z,77.0985,19.4921
2026-06-30T04:40:00Z,79.1809,20.6953
2026-06-30T04:50:00Z,81.2744,21.9071
2026-06-30T05:00:00Z,83.3812,23.126
2026-06-30T05:10:00Z,85.5037,24.3504
2026-06-30T05:20:00Z,87.6443,25.5786
2026-06-30T05:30:00Z,89.8057,26.8088
2026-06-30T05:40:00Z,91.9907,28.0393
2026-06-30T05:50:00Z,94.2019,29.2683
2026-06-30T06:00:00Z,96.4424,30.4939
2026-06-30T06:10:00Z,98.7153,31.7141
2026-06-30T06:20:00Z,101.0238,32.927
2026-06-30T06:30:00Z,103.3711,34.1303
2026-06-30T06:40:00Z,105.7607,35.322
2026-06-30T06:50:00Z,108.1961,36.4996
2026-06-30T07:00:00Z,110.6808,37.6607
2026-06-30T07:10:00Z,113.2184,38.8028
2026-06-30T07:20:00Z,115.8126,39.9232
2026-06-30T07:30:00Z,118.467,41.019
2026-06-30T07:40:00Z,121.185,42.0873
2026-06-30T07:50:00Z,123.97,43.125
2026-06-30T08:00:00Z,126.8251,44.1289
2026-06-30T08:10:00Z,129.7531,45.0955
2026-06-30T08:20:00Z,132.7564,46.0213
2026-06-30T08:30:00Z,135.8367,46.9027
2026-06-30T08:40:00Z,138.9953,47.736
2026-06-30T08:50:00Z,142.2325,48.5174
2026-06-30T09:00:00Z,145.5476,49.2432
2026-06-30T09:10:00Z,148.9389,49.9094
2026-06-30T09:20:00Z,152.4035,50.5125
2026-06-30T09:30:00Z,155.9372,51.049
2026-06-30T09:40:00Z,159.5344,51.5154
2026-06-30T09:50:00Z,163.1882,51.9088
2026-06-30T10:00:00Z,166.8903,52.2265
2026-06-30T10:10:00Z,170.6313,52.4662
2026-06-30T10:20:00Z,174.4008,52.6263
2026-06-30T10:30:00Z,178.1875,52.7055
2026-06-30T10:40:00Z,181.9799,52.7033
2026-06-30T10:50:00Z,185.766,52.6196
2026-06-30T11:00:00Z,189.5343,52.4552
2026-06-30T11:10:00Z,193.2735,52.2111
2026-06-30T11:20:00Z,196.9733,51.8892
2026-06-30T11:30:00Z,200.6242,51.4917
2026-06-30T11:40:00Z,204.2182,51.0213
2026-06-30T11:50:00Z,207.7484,50.481
2026-06-30T12:00:00Z,211.2092,49.8742
2026-06-30T12:10:00Z,214.5966,49.2045
2026-06-30T12:20:00Z,217.9076,48.4755
2026-06-30T12:30:00Z,221.1406,47.691
2026-06-30T12:40:00Z,224.295,46.8547
2026-06-30T12:50:00Z,227.3712,45.9706
2026-06-30T13:00:00Z,230.3705,45.0422
2026-06-30T13:10:00Z,233.2945,44.0732
2026-06-30T13:20:00Z,236.1458,43.0671
2026-06-30T13:30:00Z,238.9271,42.0273
2026-06-30T13:40:00Z,241.6416,40.9571
2026-06-30T13:50:00Z,244.2926,39.8594
2026-06-30T14:00:00Z,246.8836,38.7374
2026-06-30T14:10:00Z,249.4183,37.5937
2026-06-30T14:20:00Z,251.9002,36.4312
2026-06-30T14:30:00Z,254.3329,35.2522
2026-06-30T14:40:00Z,256.7201,34.0594
2026-06-30T14:50:00Z,259.0652,32.8549
2026-06-30T15:00:00Z,261.3715,31.641
2026-06-30T15:10:00Z,263.6425,30.4198
2026-06-30T15:20:00Z,265.8813,29.1933
2026-06-30T15:30:00Z,268.0909,27.9635
2026-06-30T15:40:00Z,270.2744,26.7322
2026-06-30T15:50:00Z,272.4345,25.5013
2026-06-30T16:00:00Z,274.574,24.2726
2026-06-30T16:10:00Z,276.6954,23.0476
2026-06-30T16:20:00Z,278.8013,21.8282
2026-06-30T16:30:00Z,280.894,20.6159
2026-06-30T16:40:00Z,282.9758,19.4123
2026-06-30T16:50:00Z,285.0488,18.2191
2026-06-30T17:00:00Z,287.115,17.0379
2026-06-30T17:10:00Z,289.1764,15.8701
2026-06-30T17:20:00Z,291.2349,14.7175
2026-06-30T17:30:00Z,293.2921,13.5815
2026-06-30T17:40:00Z,295.3497,12.4637
2026-06-30T17:50:00Z,297.4094,11.3659
2026-06-30T18:00:00Z,299.4724,10.2895
2026-06-30T18:10:00Z,301.5402,9.2365
2026-06-30T18:20:00Z,303.614,8.2086
2026-06-30T18:30:00Z,305.695,7.2077
2026-06-30T18:40:00Z,307.7842,6.2358
2026-06-30T18:50:00Z,309.8826,5.2951
2026-06-30T19:00:00Z,311.9911,4.3888
2026-06-30T19:10:00Z,314.1103,3.5208
2026-06-30T19:20:00Z,316.2409,2.6935
2026-06-30T19:30:00Z,318.3835,1.9119
2026-06-30T19:40:00Z,320.5384,1.182
2026-06-30T19:50:00Z,322.7058,0.51
2026-07-01T01:20:00Z,37.3525,0.5135
2026-07-01T01:30:00Z,39.5202,1.1859
2026-07-01T01:40:00Z,41.6754,1.916
2026-07-01T01:50:00Z,43.8182,2.6978
2026-07-01T02:00:00Z,45.9492,3.5251
2026-07-01T02:10:00Z,48.0688,4.3932
2026-07-01T02:20:00Z,50.1776,5.2996
2026-07-01T02:30:00Z,52.2764,6.2403
2026-07-01T02:40:00Z,54.3661,7.2121
2026-07-01T02:50:00Z,56.4476,8.213
2026-07-01T03:00:00Z,58.522,9.2409
2026-07-01T03:10:00Z,60.5903,10.2938
2026-07-01T03:20:00Z,62.654,11.3699
2026-07-01T03:30:00Z,64.7142,12.4676
2026-07-01T03:40:00Z,66.7726,13.5851
2026-07-01T03:50:00Z,68.8306,14.7209
2026-07-01T04:00:00Z,70.8899,15.8733
2026-07-01T04:10:00Z,72.9522,17.0407
2026-07-01T04:20:00Z,75.0193,18.2216
2026-07-01T04:30:00Z,77.0933,19.4143
2026-07-01T04:40:00Z,79.1761,20.6174
2026-07-01T04:50:00Z,81.2699,21.8292
2026-07-01T05:00:00Z,83.3769,23.0481
2026-07-01T05:10:00Z,85.4996,24.2724
2026-07-01T05:20:00Z,87.6403,25.5005
2026-07-01T05:30:00Z,89.8018,26.7307
2026-07-01T05:40:00Z,91.9867,27.9611
2026-07-01T05:50:00Z,94.1978,29.1901
2026-07-01T06:00:00Z,96.4381,30.4156
2026-07-01T06:10:00Z,98.7106,31.6359
2026-07-01T06:20:00Z,101.0187,32.8487
2026-07-01T06:30:00Z,103.3654,34.052
2026-07-01T06:40:00Z,105.7543,35.2436
2026-07-01T06:50:00Z,108.1889,36.4212
2026-07-01T07:00:00Z,110.6726,37.5824
2026-07-01T07:10:00Z,113.2092,38.7245
2026-07-01T07:20:00Z,115.8021,39.8449
2026-07-01T07:30:00Z,118.455,40.9408
2026-07-01T07:40:00Z,121.1713,42.0093
2026-07-01T07:50:00Z,123.9544,43.0471
2026-07-01T08:00:00Z,126.8074,44.0511
2026-07-01T08:10:00Z,129.7331,45.0179
2026-07-01T08:20:00Z,132.7339,45.944
2026-07-01T08:30:00Z,135.8115,46.8257
2026-07-01T08:40:00Z,138.967,47.6594
2026-07-01T08:50:00Z,142.2009,48.4413
2026-07-01T09:00:00Z,145.5125,49.1675
2026-07-01T09:10:00Z,148.9001,49.8344
2026-07-01T09:20:00Z,152.3608,50.4383
2026-07-01T09:30:00Z,155.8905,50.9755
2026-07-01T09:40:00Z,159.4835,51.4429
2026-07-01T09:50:00Z,163.133,51.8373
2026-07-01T10:00:00Z,166.8308,52.1561
2026-07-01T10:10:00Z,170.5676,52.3971
2026-07-01T10:20:00Z,174.3329,52.5586
2026-07-01T10:30:00Z,178.1156,52.6392
2026-07-01T10:40:00Z,181.9042,52.6385
2026-07-01T10:50:00Z,185.6867,52.5565
2026-07-01T11:00:00Z,189.4517,52.3937
2026-07-01T11:10:00Z,193.188,52.1514
2026-07-01T11:20:00Z,196.8851,51.8312
2026-07-01T11:30:00Z,200.5339,51.4355
2026-07-01T11:40:00Z,204.126,50.9668
2026-07-01T11:50:00Z,207.6546,50.4283
2026-07-01T12:00:00Z,211.1143,49.8233
2026-07-01T12:10:00Z,214.5008,49.1552
2026-07-01T12:20:00Z,217.8112,48.4278
2026-07-01T12:30:00Z,221.0439,47.6449
2026-07-01T12:40:00Z,224.1983,46.8101
2026-07-01T12:50:00Z,227.2747,45.9274
2026-07-01T13:00:00Z,230.2743,45.0003
2026-07-01T13:10:00Z,233.1988,44.0325
2026-07-01T13:20:00Z,236.0507,43.0276
2026-07-01T13:30:00Z,238.8327,41.9889
2026-07-01T13:40:00Z,241.548,40.9195
2026-07-01T13:50:00Z,244.1999,39.8228
2026-07-01T14:00:00Z,246.7919,38.7015
2026-07-01T14:10:00Z,249.3275,37.5585
2026-07-01T14:20:00Z,251.8103,36.3966
2026-07-01T14:30:00Z,254.2441,35.2182
2026-07-01T14:40:00Z,256.6322,34.0257
2026-07-01T14:50:00Z,258.9782,32.8216
2026-07-01T15:00:00Z,261.2856,31.608
2026-07-01T15:10:00Z,263.5575,30.387
2026-07-01T15:20:00Z,265.7972,29.1606
2026-07-01T15:30:00Z,268.0077,27.9309
2026-07-01T15:40:00Z,270.1921,26.6996
2026-07-01T15:50:00Z,272.3531,25.4686
2026-07-01T16:00:00Z,274.4934,24.2397
2026-07-01T16:10:00Z,276.6156,23.0145
2026-07-01T16:20:00Z,278.7223,21.7948
2026-07-01T16:30:00Z,280.8158,20.5822
2026-07-01T16:40:00Z,282.8983,19.3783
2026-07-01T16:50:00Z,284.972,18.1847
2026-07-01T17:00:00Z,287.0389,17.0029
2026-07-01T17:10:00Z,289.1011,15.8347
2026-07-01T17:20:00Z,291.1602,14.6814
2026-07-01T17:30:00Z,293.2181,13.5448
2026-07-01T17:40:00Z,295.2764,12.4264
2026-07-01T17:50:00Z,297.3367,11.3278
2026-07-01T18:00:00Z,299.4003,10.2508
2026-07-01T18:10:00Z,301.4688,9.197
2026-07-01T18:20:00Z,303.5433,8.1683
2026-07-01T18:30:00Z,305.6249,7.1666
2026-07-01T18:40:00Z,307.7148,6.194
2026-07-01T18:50:00Z,309.8139,5.2526
2026-07-01T19:00:00Z,311.9231,4.3456
2026-07-01T19:10:00Z,314.043,3.4771
2026-07-01T19:20:00Z,316.1744,2.6494
2026-07-01T19:30:00Z,318.3177,1.8678
2026-07-01T19:40:00Z,320.4734,1.1383
2026-07-01T19:50:00Z,322.6417,0.4671
2026-07-02T01:20:00Z,37.3334,0.4448
2026-07-02T01:30:00Z,39.5025,1.1138
2026-07-02T01:40:00Z,41.659,1.8413
2026-07-02T01:50:00Z,43.8032,2.6211
2026-07-02T02:00:00Z,45.9354,3.4471
2026-07-02T02:10:00Z,48.0562,4.3142
2026-07-02T02:20:00Z,50.1662,5.2196
2026-07-02T02:30:00Z,52.2661,6.1597
2026-07-02T02:40:00Z,54.3569,7.1311
2026-07-02T02:50:00Z,56.4394,8.1316
2026-07-02T03:00:00Z,58.5147,9.1591
2026-07-02T03:10:00Z,60.584,10.2118
2026-07-02T03:20:00Z,62.6486,11.2877
2026-07-02T03:30:00Z,64.7097,12.3852
2026-07-02T03:40:00Z,66.7688,13.5026
2026-07-02T03:50:00Z,68.8275,14.6382
2026-07-02T04:00:00Z,70.8875,15.7905
2026-07-02T04:10:00Z,72.9504,16.9578
2026-07-02T04:20:00Z,75.0181,18.1386
2026-07-02T04:30:00Z,77.0926,19.3313
2026-07-02T04:40:00Z,79.1758,20.5343
2026-07-02T04:50:00Z,81.27,21.7461
2026-07-02T05:00:00Z,83.3774,22.9649
2026-07-02T05:10:00Z,85.5003,24.1892
2026-07-02T05:20:00Z,87.6412,25.4172
2026-07-02T05:30:00Z,89.8028,26.6474
2026-07-02T05:40:00Z,91.9876,27.8778
2026-07-02T05:50:00Z,94.1987,29.1067
2026-07-02T06:00:00Z,96.4388,30.3322
2026-07-02T06:10:00Z,98.7111,31.5524
2026-07-02T06:20:00Z,101.0187,32.7652
2026-07-02T06:30:00Z,103.365,33.9685
2026-07-02T06:40:00Z,105.7533,35.16
2026-07-02T06:50:00Z,108.187,36.3376
2026-07-02T07:00:00Z,110.6698,37.4987
2026-07-02T07:10:00Z,113.2053,38.6408
2026-07-02T07:20:00Z,115.7969,39.7613
2026-07-02T07:30:00Z,118.4483,40.8572
2026-07-02T07:40:00Z,121.163,41.9256
2026-07-02T07:50:00Z,123.9442,42.9636
2026-07-02T08:00:00Z,126.7951,43.9677
2026-07-02T08:10:00Z,129.7184,44.9346
2026-07-02T08:20:00Z,132.7165,45.8609
2026-07-02T08:30:00Z,135.7912,46.7428
2026-07-02T08:40:00Z,138.9436,47.5768
2026-07-02T08:50:00Z,142.1741,48.3591
2026-07-02T09:00:00Z,145.4821,49.0858
2026-07-02T09:10:00Z,148.8658,49.7532
2026-07-02T09:20:00Z,152.3224,50.3577
2026-07-02T09:30:00Z,155.8477,50.8957
2026-07-02T09:40:00Z,159.4363,51.3639
2026-07-02T09:50:00Z,163.0812,51.7593
2026-07-02T10:00:00Z,166.7744,52.0792
2026-07-02T10:10:00Z,170.5066,52.3214
2026-07-02T10:20:00Z,174.2674,52.4841
2026-07-02T10:30:00Z,178.0457,52.5662
2026-07-02T10:40:00Z,181.8301,52.567
2026-07-02T10:50:00Z,185.6087,52.4866
2026-07-02T11:00:00Z,189.37,52.3254
2026-07-02T11:10:00Z,193.1029,52.0848
2026-07-02T11:20:00Z,196.7971,51.7664
2026-07-02T11:30:00Z,200.4432,51.3724
2026-07-02T11:40:00Z,204.0331,50.9056
2026-07-02T11:50:00Z,207.5599,50.3688
2026-07-02T12:00:00Z,211.0181,49.7655
2026-07-02T12:10:00Z,214.4035,49.0992
2026-07-02T12:20:00Z,217.7131,48.3734
2026-07-02T12:30:00Z,220.9453,47.5921
2026-07-02T12:40:00Z,224.0994,46.7588
2026-07-02T12:50:00Z,227.1758,45.8775
2026-07-02T13:00:00Z,230.1756,44.9518
2026-07-02T13:10:00Z,233.1005,43.9853
2026-07-02T13:20:00Z,235.9529,42.9816
2026-07-02T13:30:00Z,238.7355,41.9439
2026-07-02T13:40:00Z,241.4515,40.8756
2026-07-02T13:50:00Z,244.1042,39.7797
2026-07-02T14:00:00Z,246.697,38.6592
2026-07-02T14:10:00Z,249.2336,37.517
2026-07-02T14:20:00Z,251.7174,36.3557
2026-07-02T14:30:00Z,254.1521,35.1778
2026-07-02T14:40:00Z,256.5412,33.9858
2026-07-02T14:50:00Z,258.8882,32.782
2026-07-02T15:00:00Z,261.1965,31.5687
2026-07-02T15:10:00Z,263.4694,30.3479
2026-07-02T15:20:00Z,265.71,29.1217
2026-07-02T15:30:00Z,267.9215,27.892
2026-07-02T15:40:00Z,270.1067,26.6607
2026-07-02T15:50:00Z,272.2686,25.4297
2026-07-02T16:00:00Z,274.4098,24.2006
2026-07-02T16:10:00Z,276.5329,22.9753
2026-07-02T16:20:00Z,278.6404,21.7553
2026-07-02T16:30:00Z,280.7347,20.5423
2026-07-02T16:40:00Z,282.818,19.338
2026-07-02T16:50:00Z,284.8925,18.144
2026-07-02T17:00:00Z,286.9602,16.9617
2026-07-02T17:10:00Z,289.0231,15.7929
2026-07-02T17:20:00Z,291.083,14.6391
2026-07-02T17:30:00Z,293.1416,13.5018
2026-07-02T17:40:00Z,295.2006,12.3827
2026-07-02T17:50:00Z,297.2616,11.2834
2026-07-02T18:00:00Z,299.326,10.2057
2026-07-02T18:10:00Z,301.3952,9.1511
2026-07-02T18:20:00Z,303.4704,8.1217
2026-07-02T18:30:00Z,305.5528,7.1192
2026-07-02T18:40:00Z,307.6435,6.1458
2026-07-02T18:50:00Z,309.7434,5.2037
2026-07-02T19:00:00Z,311.8533,4.2962
2026-07-02T19:10:00Z,313.9741,3.4271
2026-07-02T19:20:00Z,316.1063,2.5992
2026-07-02T19:30:00Z,318.2505,1.8177
2026-07-02T19:40:00Z,320.4071,1.0887
2026-07-02T19:50:00Z,322.5763,0.4187
2026-07-03T01:20:00Z,37.3175,0.3714
2026-07-03T01:30:00Z,39.4881,1.0367
2026-07-03T01:40:00Z,41.646,1.7614
2026-07-03T01:50:00Z,43.7915,2.5391
2026-07-03T02:00:00Z,45.9251,3.3636
2026-07-03T02:10:00Z,48.0472,4.2296
2026-07-03T02:20:00Z,50.1584,5.1336
2026-07-03T02:30:00Z,52.2596,6.0736
2026-07-03T02:40:00Z,54.3515,7.0445
2026-07-03T02:50:00Z,56.4352,8.0447
2026-07-03T03:00:00Z,58.5115,9.0719
2026-07-03T03:10:00Z,60.5819,10.1244
2026-07-03T03:20:00Z,62.6473,11.2001
2026-07-03T03:30:00Z,64.7094,12.2975
2026-07-03T03:40:00Z,66.7693,13.4148
2026-07-03T03:50:00Z,68.8289,14.5503
2026-07-03T04:00:00Z,70.8895,15.7025
2026-07-03T04:10:00Z,72.9531,16.8698
2026-07-03T04:20:00Z,75.0215,18.0505
2026-07-03T04:30:00Z,77.0965,19.2432
2026-07-03T04:40:00Z,79.1803,20.4462
2026-07-03T04:50:00Z,81.2749,21.6578
2026-07-03T05:00:00Z,83.3826,22.8766
2026-07-03T05:10:00Z,85.5058,24.1009
2026-07-03T05:20:00Z,87.647,25.3289
2026-07-03T05:30:00Z,89.8087,26.559
2026-07-03T05:40:00Z,91.9936,27.7894
2026-07-03T05:50:00Z,94.2046,29.0182
2026-07-03T06:00:00Z,96.4446,30.2437
2026-07-03T06:10:00Z,98.7167,31.4638
2026-07-03T06:20:00Z,101.024,32.6765
2026-07-03T06:30:00Z,103.3698,33.8797
2026-07-03T06:40:00Z,105.7574,35.0713
2026-07-03T06:50:00Z,108.1905,36.2488
2026-07-03T07:00:00Z,110.6724,37.4098
2026-07-03T07:10:00Z,113.2067,38.5519
2026-07-03T07:20:00Z,115.7971,39.6722
2026-07-03T07:30:00Z,118.447,40.7681
2026-07-03T07:40:00Z,121.16,41.8366
2026-07-03T07:50:00Z,123.9393,42.8745
2026-07-03T08:00:00Z,126.788,43.8786
2026-07-03T08:10:00Z,129.7089,44.8456
2026-07-03T08:20:00Z,132.7043,45.772
2026-07-03T08:30:00Z,135.776,46.6542
2026-07-03T08:40:00Z,138.9252,47.4884
2026-07-03T08:50:00Z,142.1522,48.2709
2026-07-03T09:00:00Z,145.4563,48.998
2026-07-03T09:10:00Z,148.8359,49.6659
2026-07-03T09:20:00Z,152.2882,50.2709
2026-07-03T09:30:00Z,155.809,50.8096
2026-07-03T09:40:00Z,159.3928,51.2786
2026-07-03T09:50:00Z,163.0329,51.6749
2026-07-03T10:00:00Z,166.7212,51.9958
2026-07-03T10:10:00Z,170.4485,52.2391
2026-07-03T10:20:00Z,174.2044,52.4031
2026-07-03T10:30:00Z,177.978,52.4865
2026-07-03T10:40:00Z,181.7577,52.4888
2026-07-03T10:50:00Z,185.532,52.4099
2026-07-03T11:00:00Z,189.2893,52.2503
2026-07-03T11:10:00Z,193.0185,52.0114
2026-07-03T11:20:00Z,196.7093,51.6947
2026-07-03T11:30:00Z,200.3525,51.3025
2026-07-03T11:40:00Z,203.9398,50.8375
2026-07-03T11:50:00Z,207.4645,50.3025
2026-07-03T12:00:00Z,210.9209,49.701
2026-07-03T12:10:00Z,214.3048,49.0364
2026-07-03T12:20:00Z,217.6134,48.3123
2026-07-03T12:30:00Z,220.8449,47.5325
2026-07-03T12:40:00Z,223.9985,46.7009
2026-07-03T12:50:00Z,227.0747,45.821
2026-07-03T13:00:00Z,230.0745,44.8967
2026-07-03T13:10:00Z,232.9996,43.9315
2026-07-03T13:20:00Z,235.8524,42.929
2026-07-03T13:30:00Z,238.6356,41.8924
2026-07-03T13:40:00Z,241.3523,40.8251
2026-07-03T13:50:00Z,244.0057,39.7302
2026-07-03T14:00:00Z,246.5993,38.6106
2026-07-03T14:10:00Z,249.1367,37.4691
2026-07-03T14:20:00Z,251.6214,36.3084
2026-07-03T14:30:00Z,254.0571,35.1311
2026-07-03T14:40:00Z,256.4471,33.9396
2026-07-03T14:50:00Z,258.7951,32.7362
2026-07-03T15:00:00Z,261.1044,31.5232
2026-07-03T15:10:00Z,263.3782,30.3026
2026-07-03T15:20:00Z,265.6198,29.0765
2026-07-03T15:30:00Z,267.8323,27.8469
2026-07-03T15:40:00Z,270.0185,26.6156
2026-07-03T15:50:00Z,272.1813,25.3845
2026-07-03T16:00:00Z,274.3234,24.1553
2026-07-03T16:10:00Z,276.4474,22.9297
2026-07-03T16:20:00Z,278.5558,21.7095
2026-07-03T16:30:00Z,280.6509,20.4962
2026-07-03T16:40:00Z,282.7351,19.2915
2026-07-03T16:50:00Z,284.8104,18.097
2026-07-03T17:00:00Z,286.8789,16.9142
2026-07-03T17:10:00Z,288.9426,15.7449
2026-07-03T17:20:00Z,291.0033,14.5904
2026-07-03T17:30:00Z,293.0627,13.4525
2026-07-03T17:40:00Z,295.1225,12.3327
2026-07-03T17:50:00Z,297.1843,11.2327
2026-07-03T18:00:00Z,299.2495,10.1542
2026-07-03T18:10:00Z,301.3195,9.0989
2026-07-03T18:20:00Z,303.3955,8.0686
2026-07-03T18:30:00Z,305.4788,7.0654
2026-07-03T18:40:00Z,307.5703,6.0912
2026-07-03T18:50:00Z,309.671,5.1479
2026-07-03T19:00:00Z,311.7819,4.2404
2026-07-03T19:10:00Z,313.9035,3.3709
2026-07-03T19:20:00Z,316.0367,2.5428
2026-07-03T19:30:00Z,318.1819,1.7615
2026-07-03T19:40:00Z,320.3395,1.0334
2026-07-03T19:50:00Z,322.5098,0.3649
2026-07-04T01:20:00Z,37.3047,0.2934
2026-07-04T01:30:00Z,39.4769,0.9547
2026-07-04T01:40:00Z,41.6363,1.6763
2026-07-04T01:50:00Z,43.7834,2.4518
2026-07-04T02:00:00Z,45.9184,3.2748
2026-07-04T02:10:00Z,48.0418,4.1396
2026-07-04T02:20:00Z,50.1544,5.0427
2026-07-04T02:30:00Z,52.2569,5.9821
2026-07-04T02:40:00Z,54.3501,6.9526
2026-07-04T02:50:00Z,56.4349,7.9524
2026-07-04T03:00:00Z,58.5124,8.9794
2026-07-04T03:10:00Z,60.5838,10.0316
2026-07-04T03:20:00Z,62.6503,11.1073
2026-07-04T03:30:00Z,64.7133,12.2045
2026-07-04T03:40:00Z,66.7742,13.3217
2026-07-04T03:50:00Z,68.8346,14.4572
2026-07-04T04:00:00Z,70.8961,15.6094
2026-07-04T04:10:00Z,72.9604,16.7766
2026-07-04T04:20:00Z,75.0295,17.9573
2026-07-04T04:30:00Z,77.1051,19.1499
2026-07-04T04:40:00Z,79.1894,20.3529
2026-07-04T04:50:00Z,81.2846,21.5646
2026-07-04T05:00:00Z,83.3927,22.7833
2026-07-04T05:10:00Z,85.5163,24.0075
2026-07-04T05:20:00Z,87.6578,25.2355
2026-07-04T05:30:00Z,89.8197,26.4656
2026-07-04T05:40:00Z,92.0047,27.6959
2026-07-04T05:50:00Z,94.2157,28.9247
2026-07-04T06:00:00Z,96.4557,30.1501
2026-07-04T06:10:00Z,98.7275,31.3701
2026-07-04T06:20:00Z,101.0345,32.5828
2026-07-04T06:30:00Z,103.3799,33.7859
2026-07-04T06:40:00Z,105.767,34.9773
2026-07-04T06:50:00Z,108.1993,36.1547
2026-07-04T07:00:00Z,110.6803,37.3157
2026-07-04T07:10:00Z,113.2135,38.4576
2026-07-04T07:20:00Z,115.8027,39.5779
2026-07-04T07:30:00Z,118.4511,40.6737
2026-07-04T07:40:00Z,121.1624,41.7421
2026-07-04T07:50:00Z,123.9398,42.78
2026-07-04T08:00:00Z,126.7863,43.7841
2026-07-04T08:10:00Z,129.7047,44.7511
2026-07-04T08:20:00Z,132.6974,45.6775
2026-07-04T08:30:00Z,135.766,46.5597
2026-07-04T08:40:00Z,138.9118,47.3941
2026-07-04T08:50:00Z,142.1351,48.1768
2026-07-04T09:00:00Z,145.4353,48.9042
2026-07-04T09:10:00Z,148.8107,49.5725
2026-07-04T09:20:00Z,152.2584,50.178
2026-07-04T09:30:00Z,155.7744,50.7172
2026-07-04T09:40:00Z,159.3533,51.1869
2026-07-04T09:50:00Z,162.9883,51.584
2026-07-04T10:00:00Z,166.6714,51.9058
2026-07-04T10:10:00Z,170.3934,52.1502
2026-07-04T10:20:00Z,174.1441,52.3154
2026-07-04T10:30:00Z,177.9125,52.4001
2026-07-04T10:40:00Z,181.6873,52.4038
2026-07-04T10:50:00Z,185.4569,52.3264
2026-07-04T11:00:00Z,189.2097,52.1685
2026-07-04T11:10:00Z,192.9348,51.9312
2026-07-04T11:20:00Z,196.622,51.6163
2026-07-04T11:30:00Z,200.2618,51.2259
2026-07-04T11:40:00Z,203.8462,50.7626
2026-07-04T11:50:00Z,207.3684,50.2294
2026-07-04T12:00:00Z,210.8227,49.6297
2026-07-04T12:10:00Z,214.205,48.9668
2026-07-04T12:20:00Z,217.5123,48.2444
2026-07-04T12:30:00Z,220.7428,47.4663
2026-07-04T12:40:00Z,223.8958,46.6362
2026-07-04T12:50:00Z,226.9716,45.7579
2026-07-04T13:00:00Z,229.9712,44.835
2026-07-04T13:10:00Z,232.8964,43.8712
2026-07-04T13:20:00Z,235.7495,42.8699
2026-07-04T13:30:00Z,238.5331,41.8345
2026-07-04T13:40:00Z,241.2503,40.7682
2026-07-04T13:50:00Z,243.9044,39.6743
2026-07-04T14:00:00Z,246.4988,38.5555
2026-07-04T14:10:00Z,249.037,37.4148
2026-07-04T14:20:00Z,251.5226,36.2548
2026-07-04T14:30:00Z,253.9592,35.078
2026-07-04T14:40:00Z,256.3502,33.887
2026-07-04T14:50:00Z,258.6991,32.684
2026-07-04T15:00:00Z,261.0094,31.4713
2026-07-04T15:10:00Z,263.2842,30.251
2026-07-04T15:20:00Z,265.5268,29.0251
2026-07-04T15:30:00Z,267.7402,27.7955
2026-07-04T15:40:00Z,269.9274,26.5643
2026-07-04T15:50:00Z,272.0911,25.3331
2026-07-04T16:00:00Z,274.2342,24.1037
2026-07-04T16:10:00Z,276.3591,22.8779
2026-07-04T16:20:00Z,278.4684,21.6574
2026-07-04T16:30:00Z,280.5645,20.4438
2026-07-04T16:40:00Z,282.6495,19.2387
2026-07-04T16:50:00Z,284.7257,18.0437
2026-07-04T17:00:00Z,286.7951,16.8604
2026-07-04T17:10:00Z,288.8596,15.6905
2026-07-04T17:20:00Z,290.9212,14.5354
2026-07-04T17:30:00Z,292.9815,13.3969
2026-07-04T17:40:00Z,295.0422,12.2764
2026-07-04T17:50:00Z,297.1048,11.1757
2026-07-04T18:00:00Z,299.1709,10.0964
2026-07-04T18:10:00Z,301.2418,9.0403
2026-07-04T18:20:00Z,303.3187,8.0092
2026-07-04T18:30:00Z,305.4029,7.0052
2026-07-04T18:40:00Z,307.4953,6.0303
2026-07-04T18:50:00Z,309.597,5.0863
2026-07-04T19:00:00Z,311.7088,4.1783
2026-07-04T19:10:00Z,313.8315,3.3085
2026-07-04T19:20:00Z,315.9657,2.4803
2026-07-04T19:30:00Z,318.112,1.6994
2026-07-04T19:40:00Z,320.2707,0.9724
2026-07-04T19:50:00Z,322.4422,0.3056
2026-07-05T01:20:00Z,37.2952,0.211
2026-07-05T01:30:00Z,39.469,0.868
2026-07-05T01:40:00Z,41.6301,1.5863
2026-07-05T01:50:00Z,43.7787,2.3594
2026-07-05T02:00:00Z,45.9153,3.1806
2026-07-05T02:10:00Z,48.0402,4.0443
2026-07-05T02:20:00Z,50.1543,4.9465
2026-07-05T02:30:00Z,52.2581,5.8852
2026-07-05T02:40:00Z,54.3526,6.8553
2026-07-05T02:50:00Z,56.4386,7.8548
2026-07-05T03:00:00Z,58.5174,8.8815
2026-07-05T03:10:00Z,60.5899,9.9336
2026-07-05T03:20:00Z,62.6575,11.0092
2026-07-05T03:30:00Z,64.7216,12.1063
2026-07-05T03:40:00Z,66.7835,13.2235
2026-07-05T03:50:00Z,68.8448,14.359
2026-07-05T04:00:00Z,70.9071,15.5111
2026-07-05T04:10:00Z,72.9723,16.6783
2026-07-05T04:20:00Z,75.0421,17.859
2026-07-05T04:30:00Z,77.1184,19.0517
2026-07-05T04:40:00Z,79.2034,20.2546
2026-07-05T04:50:00Z,81.299,21.4663
2026-07-05T05:00:00Z,83.4077,22.685
2026-07-05T05:10:00Z,85.5317,23.9092
2026-07-05T05:20:00Z,87.6735,25.1372
2026-07-05T05:30:00Z,89.8357,26.3672
2026-07-05T05:40:00Z,92.0209,27.5975
2026-07-05T05:50:00Z,94.232,28.8262
2026-07-05T06:00:00Z,96.4719,30.0515
2026-07-05T06:10:00Z,98.7436,31.2715
2026-07-05T06:20:00Z,101.0503,32.484
2026-07-05T06:30:00Z,103.3953,33.687
2026-07-05T06:40:00Z,105.7818,34.8783
2026-07-05T06:50:00Z,108.2135,36.0556
2026-07-05T07:00:00Z,110.6936,37.2164
2026-07-05T07:10:00Z,113.2258,38.3583
2026-07-05T07:20:00Z,115.8137,39.4784
2026-07-05T07:30:00Z,118.4607,40.5741
2026-07-05T07:40:00Z,121.1703,41.6423
2026-07-05T07:50:00Z,123.9457,42.68
2026-07-05T08:00:00Z,126.79,43.684
2026-07-05T08:10:00Z,129.7059,44.651
2026-07-05T08:20:00Z,132.6957,45.5773
2026-07-05T08:30:00Z,135.7612,46.4596
2026-07-05T08:40:00Z,138.9036,47.294
2026-07-05T08:50:00Z,142.1231,48.0769
2026-07-05T09:00:00Z,145.4191,48.8045
2026-07-05T09:10:00Z,148.7901,49.473
2026-07-05T09:20:00Z,152.2331,50.0789
2026-07-05T09:30:00Z,155.7442,50.6186
2026-07-05T09:40:00Z,159.3178,51.0889
2026-07-05T09:50:00Z,162.9474,51.4868
2026-07-05T10:00:00Z,166.625,51.8095
2026-07-05T10:10:00Z,170.3414,52.0548
2026-07-05T10:20:00Z,174.0865,52.2211
2026-07-05T10:30:00Z,177.8495,52.3071
2026-07-05T10:40:00Z,181.619,52.3122
2026-07-05T10:50:00Z,185.3834,52.2362
2026-07-05T11:00:00Z,189.1315,52.0799
2026-07-05T11:10:00Z,192.8521,51.8443
2026-07-05T11:20:00Z,196.5352,51.5311
2026-07-05T11:30:00Z,200.1714,51.1424
2026-07-05T11:40:00Z,203.7526,50.6809
2026-07-05T11:50:00Z,207.2719,50.1496
2026-07-05T12:00:00Z,210.7239,49.5516
2026-07-05T12:10:00Z,214.1042,48.8905
2026-07-05T12:20:00Z,217.4099,48.1698
2026-07-05T12:30:00Z,220.6392,47.3934
2026-07-05T12:40:00Z,223.7914,46.5649
2026-07-05T12:50:00Z,226.8666,45.6881
2026-07-05T13:00:00Z,229.8659,44.7667
2026-07-05T13:10:00Z,232.7911,43.8042
2026-07-05T13:20:00Z,235.6443,42.8042
2026-07-05T13:30:00Z,238.4282,41.77
2026-07-05T13:40:00Z,241.1459,40.7048
2026-07-05T13:50:00Z,243.8006,39.6118
2026-07-05T14:00:00Z,246.3957,38.494
2026-07-05T14:10:00Z,248.9347,37.354
2026-07-05T14:20:00Z,251.4211,36.1947
2026-07-05T14:30:00Z,253.8585,35.0186
2026-07-05T14:40:00Z,256.2505,33.8281
2026-07-05T14:50:00Z,258.6004,32.6256
2026-07-05T15:00:00Z,260.9116,31.4132
2026-07-05T15:10:00Z,263.1874,30.1931
2026-07-05T15:20:00Z,265.431,28.9674
2026-07-05T15:30:00Z,267.6454,27.7379
2026-07-05T15:40:00Z,269.8335,26.5066
2026-07-05T15:50:00Z,271.9983,25.2753
2026-07-05T16:00:00Z,274.1423,24.0458
2026-07-05T16:10:00Z,276.2682,22.8198
2026-07-05T16:20:00Z,278.3784,21.599
2026-07-05T16:30:00Z,280.4754,20.3851
2026-07-05T16:40:00Z,282.5614,19.1796
2026-07-05T16:50:00Z,284.6386,17.9841
2026-07-05T17:00:00Z,286.7089,16.8003
2026-07-05T17:10:00Z,288.7744,15.6298
2026-07-05T17:20:00Z,290.8368,14.4741
2026-07-05T17:30:00Z,292.8981,13.3349
2026-07-05T17:40:00Z,294.9597,12.2137
2026-07-05T17:50:00Z,297.0233,11.1122
2026-07-05T18:00:00Z,299.0903,10.0322
2026-07-05T18:10:00Z,301.1621,8.9753
2026-07-05T18:20:00Z,303.24,7.9435
2026-07-05T18:30:00Z,305.3252,6.9387
2026-07-05T18:40:00Z,307.4186,5.963
2026-07-05T18:50:00Z,309.5214,5.0184
2026-07-05T19:00:00Z,311.6343,4.11
2026-07-05T19:10:00Z,313.7581,3.2398
2026-07-05T19:20:00Z,315.8934,2.4117
2026-07-05T19:30:00Z,318.0409,1.6315
2026-07-05T19:40:00Z,320.2008,0.9057
2026-07-05T19:50:00Z,322.3736,0.2412
2026-07-06T01:20:00Z,37.289,0.1244
2026-07-06T01:30:00Z,39.4646,0.7767
2026-07-06T01:40:00Z,41.6274,1.4914
2026-07-06T01:50:00Z,43.7777,2.2618
2026-07-06T02:00:00Z,45.9159,3.0813
2026-07-06T02:10:00Z,48.0424,3.9438
2026-07-06T02:20:00Z,50.1579,4.845
2026-07-06T02:30:00Z,52.2632,5.783
2026-07-06T02:40:00Z,54.3591,6.7527
2026-07-06T02:50:00Z,56.4465,7.7519
2026-07-06T03:00:00Z,58.5265,8.7785
2026-07-06T03:10:00Z,60.6003,9.8305
2026-07-06T03:20:00Z,62.6691,10.9059
2026-07-06T03:30:00Z,64.7342,12.003
2026-07-06T03:40:00Z,66.7971,13.1202
2026-07-06T03:50:00Z,68.8594,14.2556
2026-07-06T04:00:00Z,70.9227,15.4078
2026-07-06T04:10:00Z,72.9888,16.5751
2026-07-06T04:20:00Z,75.0594,17.7558
2026-07-06T04:30:00Z,77.1365,18.9485
2026-07-06T04:40:00Z,79.2221,20.1514
2026-07-06T04:50:00Z,81.3184,21.3631
2026-07-06T05:00:00Z,83.4276,22.5818
2026-07-06T05:10:00Z,85.5521,23.806
2026-07-06T05:20:00Z,87.6942,25.034
2026-07-06T05:30:00Z,89.8567,26.2639
2026-07-06T05:40:00Z,92.0422,27.4942
2026-07-06T05:50:00Z,94.2534,28.7228
2026-07-06T06:00:00Z,96.4933,29.9481
2026-07-06T06:10:00Z,98.7649,31.1679
2026-07-06T06:20:00Z,101.0714,32.3803
2026-07-06T06:30:00Z,103.4161,33.5832
2026-07-06T06:40:00Z,105.8021,34.7744
2026-07-06T06:50:00Z,108.2331,35.9515
2026-07-06T07:00:00Z,110.7124,37.1121
2026-07-06T07:10:00Z,113.2436,38.2537
2026-07-06T07:20:00Z,115.8302,39.3737
2026-07-06T07:30:00Z,118.4758,40.4692
2026-07-06T07:40:00Z,121.1836,41.5372
2026-07-06T07:50:00Z,123.9571,42.5748
2026-07-06T08:00:00Z,126.7991,43.5786
2026-07-06T08:10:00Z,129.7125,44.5454
2026-07-06T08:20:00Z,132.6994,45.4717
2026-07-06T08:30:00Z,135.7617,46.3538
2026-07-06T08:40:00Z,138.9005,47.1882
2026-07-06T08:50:00Z,142.1161,47.9711
2026-07-06T09:00:00Z,145.4079,48.6988
2026-07-06T09:10:00Z,148.7743,49.3676
2026-07-06T09:20:00Z,152.2124,49.9738
2026-07-06T09:30:00Z,155.7182,50.5139
2026-07-06T09:40:00Z,159.2864,50.9847
2026-07-06T09:50:00Z,162.9103,51.3832
2026-07-06T10:00:00Z,166.5821,51.7067
2026-07-06T10:10:00Z,170.2926,51.953
2026-07-06T10:20:00Z,174.0318,52.1203
2026-07-06T10:30:00Z,177.789,52.2075
2026-07-06T10:40:00Z,181.5528,52.2139
2026-07-06T10:50:00Z,185.3118,52.1394
2026-07-06T11:00:00Z,189.0547,51.9846
2026-07-06T11:10:00Z,192.7705,51.7506
2026-07-06T11:20:00Z,196.4491,51.4391
2026-07-06T11:30:00Z,200.0813,51.0522
2026-07-06T11:40:00Z,203.659,50.5925
2026-07-06T11:50:00Z,207.1752,50.0629
2026-07-06T12:00:00Z,210.6245,49.4667
2026-07-06T12:10:00Z,214.0026,48.8074
2026-07-06T12:20:00Z,217.3064,48.0885
2026-07-06T12:30:00Z,220.5343,47.3138
2026-07-06T12:40:00Z,223.6854,46.4869
2026-07-06T12:50:00Z,226.7599,45.6117
2026-07-06T13:00:00Z,229.7588,44.6918
2026-07-06T13:10:00Z,232.6837,43.7307
2026-07-06T13:20:00Z,235.5369,42.732
2026-07-06T13:30:00Z,238.3211,41.699
2026-07-06T13:40:00Z,241.0391,40.6349
2026-07-06T13:50:00Z,243.6943,39.543
2026-07-06T14:00:00Z,246.29,38.426
2026-07-06T14:10:00Z,248.8297,37.2869
2026-07-06T14:20:00Z,251.317,36.1283
2026-07-06T14:30:00Z,253.7553,34.9528
2026-07-06T14:40:00Z,256.1481,33.7629
2026-07-06T14:50:00Z,258.499,32.5607
2026-07-06T15:00:00Z,260.8111,31.3487
2026-07-06T15:10:00Z,263.0879,30.1289
2026-07-06T15:20:00Z,265.3325,28.9033
2026-07-06T15:30:00Z,267.5479,27.6739
2026-07-06T15:40:00Z,269.7371,26.4427
2026-07-06T15:50:00Z,271.9028,25.2113
2026-07-06T16:00:00Z,274.0478,23.9817
2026-07-06T16:10:00Z,276.1747,22.7555
2026-07-06T16:20:00Z,278.286,21.5344
2026-07-06T16:30:00Z,280.384,20.3201
2026-07-06T16:40:00Z,282.471,19.1142
2026-07-06T16:50:00Z,284.5491,17.9182
2026-07-06T17:00:00Z,286.6204,16.7339
2026-07-06T17:10:00Z,288.6869,15.5628
2026-07-06T17:20:00Z,290.7503,14.4065
2026-07-06T17:30:00Z,292.8125,13.2666
2026-07-06T17:40:00Z,294.8751,12.1447
2026-07-06T17:50:00Z,296.9397,11.0424
2026-07-06T18:00:00Z,299.0078,9.9616
2026-07-06T18:10:00Z,301.0806,8.9039
2026-07-06T18:20:00Z,303.1596,7.8713
2026-07-06T18:30:00Z,305.2458,6.8657
2026-07-06T18:40:00Z,307.3404,5.8894
2026-07-06T18:50:00Z,309.4442,4.9442
2026-07-06T19:00:00Z,311.5583,4.0354
2026-07-06T19:10:00Z,313.6833,3.165
2026-07-06T19:20:00Z,315.8199,2.3371
2026-07-06T19:30:00Z,317.9686,1.5577
2026-07-06T19:40:00Z,320.1299,0.8335
2026-07-06T19:50:00Z,322.3041,0.1715
2026-07-07T01:20:00Z,37.2862,0.0337
2026-07-07T01:30:00Z,39.4636,0.681
2026-07-07T01:40:00Z,41.6283,1.3918
2026-07-07T01:50:00Z,43.7803,2.1594
2026-07-07T02:00:00Z,45.9202,2.9769
2026-07-07T02:10:00Z,48.0484,3.8381
2026-07-07T02:20:00Z,50.1655,4.7383
2026-07-07T02:30:00Z,52.2723,5.6756
2026-07-07T02:40:00Z,54.3696,6.6449
2026-07-07T02:50:00Z,56.4585,7.6439
2026-07-07T03:00:00Z,58.5398,8.6703
2026-07-07T03:10:00Z,60.6149,9.7222
2026-07-07T03:20:00Z,62.6849,10.7976
2026-07-07T03:30:00Z,64.7512,11.8947
2026-07-07T03:40:00Z,66.8153,13.0119
2026-07-07T03:50:00Z,68.8786,14.1473
2026-07-07T04:00:00Z,70.9429,15.2996
2026-07-07T04:10:00Z,73.0099,16.4669
2026-07-07T04:20:00Z,75.0814,17.6476
2026-07-07T04:30:00Z,77.1593,18.8403
2026-07-07T04:40:00Z,79.2457,20.0434
2026-07-07T04:50:00Z,81.3426,21.2551
2026-07-07T05:00:00Z,83.4524,22.4738
2026-07-07T05:10:00Z,85.5774,23.698
2026-07-07T05:20:00Z,87.7201,24.9259
2026-07-07T05:30:00Z,89.8829,26.1558
2026-07-07T05:40:00Z,92.0686,27.386
2026-07-07T05:50:00Z,94.28,28.6146
2026-07-07T06:00:00Z,96.52,29.8397
2026-07-07T06:10:00Z,98.7916,31.0595
2026-07-07T06:20:00Z,101.0979,32.2717
2026-07-07T06:30:00Z,103.4422,33.4745
2026-07-07T06:40:00Z,105.8278,34.6655
2026-07-07T06:50:00Z,108.2582,35.8424
2026-07-07T07:00:00Z,110.7367,37.0028
2026-07-07T07:10:00Z,113.2669,38.1442
2026-07-07T07:20:00Z,115.8523,39.2639
2026-07-07T07:30:00Z,118.4964,40.3591
2026-07-07T07:40:00Z,121.2025,41.4269
2026-07-07T07:50:00Z,123.974,42.4642
2026-07-07T08:00:00Z,126.8137,43.4678
2026-07-07T08:10:00Z,129.7245,44.4344
2026-07-07T08:20:00Z,132.7085,45.3605
2026-07-07T08:30:00Z,135.7675,46.2425
2026-07-07T08:40:00Z,138.9027,47.0768
2026-07-07T08:50:00Z,142.1142,47.8596
2026-07-07T09:00:00Z,145.4016,48.5874
2026-07-07T09:10:00Z,148.7632,49.2562
2026-07-07T09:20:00Z,152.1963,49.8627
2026-07-07T09:30:00Z,155.6967,50.4031
2026-07-07T09:40:00Z,159.2592,50.8744
2026-07-07T09:50:00Z,162.8772,51.2734
2026-07-07T10:00:00Z,166.5429,51.5976
2026-07-07T10:10:00Z,170.2472,51.8448
2026-07-07T10:20:00Z,173.9802,52.0131
2026-07-07T10:30:00Z,177.7312,52.1014
2026-07-07T10:40:00Z,181.489,52.109
2026-07-07T10:50:00Z,185.2422,52.0359
2026-07-07T11:00:00Z,188.9795,51.8826
2026-07-07T11:10:00Z,192.6902,51.6502
2026-07-07T11:20:00Z,196.364,51.3404
2026-07-07T11:30:00Z,199.9918,50.9552
2026-07-07T11:40:00Z,203.5656,50.4973
2026-07-07T11:50:00Z,207.0784,49.9695
2026-07-07T12:00:00Z,210.5247,49.3752
2026-07-07T12:10:00Z,213.9003,48.7176
2026-07-07T12:20:00Z,217.2021,48.0005
2026-07-07T12:30:00Z,220.4283,47.2275
2026-07-07T12:40:00Z,223.5781,46.4023
2026-07-07T12:50:00Z,226.6516,45.5287
2026-07-07T13:00:00Z,229.6498,44.6102
2026-07-07T13:10:00Z,232.5744,43.6506
2026-07-07T13:20:00Z,235.4275,42.6532
2026-07-07T13:30:00Z,238.2118,41.6214
2026-07-07T13:40:00Z,240.9301,40.5585
2026-07-07T13:50:00Z,243.5857,39.4676
2026-07-07T14:00:00Z,246.182,38.3516
2026-07-07T14:10:00Z,248.7224,37.2133
2026-07-07T14:20:00Z,251.2104,36.0555
2026-07-07T14:30:00Z,253.6495,34.8806
2026-07-07T14:40:00Z,256.0432,33.6912
2026-07-07T14:50:00Z,258.395,32.4896
2026-07-07T15:00:00Z,260.7082,31.2779
2026-07-07T15:10:00Z,262.9859,30.0584
2026-07-07T15:20:00Z,265.2315,28.833
2026-07-07T15:30:00Z,267.4479,27.6037
2026-07-07T15:40:00Z,269.6381,26.3724
2026-07-07T15:50:00Z,271.8049,25.141
2026-07-07T16:00:00Z,273.951,23.9113
2026-07-07T16:10:00Z,276.0789,22.6848
2026-07-07T16:20:00Z,278.1912,21.4635
2026-07-07T16:30:00Z,280.2902,20.2488
2026-07-07T16:40:00Z,282.3782,19.0424
2026-07-07T16:50:00Z,284.4574,17.846
2026-07-07T17:00:00Z,286.5297,16.6612
2026-07-07T17:10:00Z,288.5972,15.4895
2026-07-07T17:20:00Z,290.6617,14.3325
2026-07-07T17:30:00Z,292.7249,13.1919
2026-07-07T17:40:00Z,294.7886,12.0693
2026-07-07T17:50:00Z,296.8543,10.9663
2026-07-07T18:00:00Z,298.9234,9.8847
2026-07-07T18:10:00Z,300.9974,8.8262
2026-07-07T18:20:00Z,303.0775,7.7928
2026-07-07T18:30:00Z,305.1648,6.7865
2026-07-07T18:40:00Z,307.2606,5.8094
2026-07-07T18:50:00Z,309.3657,4.8637
2026-07-07T19:00:00Z,311.481,3.9546
2026-07-07T19:10:00Z,313.6073,3.084
2026-07-07T19:20:00Z,315.7452,2.2565
2026-07-07T19:30:00Z,317.8953,1.4781
2026-07-07T19:40:00Z,320.0581,0.7559
2026-07-07T19:50:00Z,322.2337,0.0969
2026-07-08T01:30:00Z,39.4662,0.581
2026-07-08T01:40:00Z,41.6327,1.2876
2026-07-08T01:50:00Z,43.7866,2.0521
2026-07-08T02:00:00Z,45.9283,2.8675
2026-07-08T02:10:00Z,48.0582,3.7273
2026-07-08T02:20:00Z,50.177,4.6266
2026-07-08T02:30:00Z,52.2854,5.5631
2026-07-08T02:40:00Z,54.3843,6.532
2026-07-08T02:50:00Z,56.4746,7.5307
2026-07-08T03:00:00Z,58.5574,8.557
2026-07-08T03:10:00Z,60.6338,9.6088
2026-07-08T03:20:00Z,62.7051,10.6842
2026-07-08T03:30:00Z,64.7727,11.7814
2026-07-08T03:40:00Z,66.8379,12.8986
2026-07-08T03:50:00Z,68.9024,14.0341
2026-07-08T04:00:00Z,70.9678,15.1864
2026-07-08T04:10:00Z,73.0357,16.3538
2026-07-08T04:20:00Z,75.1081,17.5347
2026-07-08T04:30:00Z,77.1869,18.7274
2026-07-08T04:40:00Z,79.2741,19.9305
2026-07-08T04:50:00Z,81.3718,21.1422
2026-07-08T05:00:00Z,83.4822,22.361
2026-07-08T05:10:00Z,85.6078,23.5852
2026-07-08T05:20:00Z,87.751,24.8131
2026-07-08T05:30:00Z,89.9142,26.043
2026-07-08T05:40:00Z,92.1002,27.2731
2026-07-08T05:50:00Z,94.3119,28.5016
2026-07-08T06:00:00Z,96.552,29.7267
2026-07-08T06:10:00Z,98.8236,30.9462
2026-07-08T06:20:00Z,101.1298,32.1584
2026-07-08T06:30:00Z,103.4738,33.3609
2026-07-08T06:40:00Z,105.859,34.5517
2026-07-08T06:50:00Z,108.2887,35.7284
2026-07-08T07:00:00Z,110.7665,36.8885
2026-07-08T07:10:00Z,113.2957,38.0297
2026-07-08T07:20:00Z,115.8799,39.1491
2026-07-08T07:30:00Z,118.5225,40.244
2026-07-08T07:40:00Z,121.227,41.3115
2026-07-08T07:50:00Z,123.9964,42.3485
2026-07-08T08:00:00Z,126.8339,43.3518
2026-07-08T08:10:00Z,129.742,44.3181
2026-07-08T08:20:00Z,132.723,45.2439
2026-07-08T08:30:00Z,135.7787,46.1256
2026-07-08T08:40:00Z,138.9101,46.9597
2026-07-08T08:50:00Z,142.1175,47.7425
2026-07-08T09:00:00Z,145.4004,48.4702
2026-07-08T09:10:00Z,148.7571,49.1391
2026-07-08T09:20:00Z,152.1848,49.7456
2026-07-08T09:30:00Z,155.6796,50.2863
2026-07-08T09:40:00Z,159.2362,50.7579
2026-07-08T09:50:00Z,162.8481,51.1574
2026-07-08T10:00:00Z,166.5073,51.4823
2026-07-08T10:10:00Z,170.2052,51.7302
2026-07-08T10:20:00Z,173.9317,51.8994
2026-07-08T10:30:00Z,177.6762,51.9888
2026-07-08T10:40:00Z,181.4276,51.9976
2026-07-08T10:50:00Z,185.1747,51.9259
2026-07-08T11:00:00Z,188.9061,51.774
2026-07-08T11:10:00Z,192.6112,51.5432
2026-07-08T11:20:00Z,196.2799,51.235
2026-07-08T11:30:00Z,199.9031,50.8516
2026-07-08T11:40:00Z,203.4726,50.3954
2026-07-08T11:50:00Z,206.9816,49.8694
2026-07-08T12:00:00Z,210.4247,49.2769
2026-07-08T12:10:00Z,213.7975,48.6211
2026-07-08T12:20:00Z,217.0969,47.9058
2026-07-08T12:30:00Z,220.3212,47.1345
2026-07-08T12:40:00Z,223.4695,46.311
2026-07-08T12:50:00Z,226.5419,45.439
2026-07-08T13:00:00Z,229.5394,44.5221
2026-07-08T13:10:00Z,232.4634,43.5639
2026-07-08T13:20:00Z,235.3163,42.5678
2026-07-08T13:30:00Z,238.1005,41.5374
2026-07-08T13:40:00Z,240.819,40.4756
2026-07-08T13:50:00Z,243.475,39.3858
2026-07-08T14:00:00Z,246.0718,38.2707
2026-07-08T14:10:00Z,248.6128,37.1333
2026-07-08T14:20:00Z,251.1015,35.9763
2026-07-08T14:30:00Z,253.5414,34.8021
2026-07-08T14:40:00Z,255.936,33.6132
2026-07-08T14:50:00Z,258.2886,32.412
2026-07-08T15:00:00Z,260.6027,31.2008
2026-07-08T15:10:00Z,262.8815,29.9815
2026-07-08T15:20:00Z,265.1281,28.7563
2026-07-08T15:30:00Z,267.3456,27.5271
2026-07-08T15:40:00Z,269.5368,26.2959
2026-07-08T15:50:00Z,271.7046,25.0644
2026-07-08T16:00:00Z,273.8517,23.8345
2026-07-08T16:10:00Z,275.9807,22.6079
2026-07-08T16:20:00Z,278.0941,21.3862
2026-07-08T16:30:00Z,280.1942,20.1712
2026-07-08T16:40:00Z,282.2832,18.9644
2026-07-08T16:50:00Z,284.3635,17.7675
2026-07-08T17:00:00Z,286.4369,16.5821
2026-07-08T17:10:00Z,288.5055,15.4098
2026-07-08T17:20:00Z,290.5711,14.2522
2026-07-08T17:30:00Z,292.6354,13.1109
2026-07-08T17:40:00Z,294.7002,11.9875
2026-07-08T17:50:00Z,296.767,10.8838
2026-07-08T18:00:00Z,298.8373,9.8014
2026-07-08T18:10:00Z,300.9124,8.7422
2026-07-08T18:20:00Z,302.9937,7.708
2026-07-08T18:30:00Z,305.0823,6.7009
2026-07-08T18:40:00Z,307.1793,5.7231
2026-07-08T18:50:00Z,309.2857,4.7769
2026-07-08T19:00:00Z,311.4024,3.8675
2026-07-08T19:10:00Z,313.5301,2.997
2026-07-08T19:20:00Z,315.6695,2.17
2026-07-08T19:30:00Z,317.8211,1.3929
2026-07-08T19:40:00Z,319.9853,0.673
2026-07-08T19:50:00Z,322.1626,0.0174
2026-07-09T01:30:00Z,39.4723,0.477
2026-07-09T01:40:00Z,41.6409,1.1789
2026-07-09T01:50:00Z,43.7967,1.9401
2026-07-09T02:00:00Z,45.9402,2.7532
2026-07-09T02:10:00Z,48.072,3.6115
2026-07-09T02:20:00Z,50.1925,4.5098
2026-07-09T02:30:00Z,52.3026,5.4455
2026-07-09T02:40:00Z,54.4031,6.4141
2026-07-09T02:50:00Z,56.495,7.4126
2026-07-09T03:00:00Z,58.5793,8.4387
2026-07-09T03:10:00Z,60.6571,9.4905
2026-07-09T03:20:00Z,62.7298,10.5659
2026-07-09T03:30:00Z,64.7986,11.6631
2026-07-09T03:40:00Z,66.8651,12.7804
2026-07-09T03:50:00Z,68.9308,13.9161
2026-07-09T04:00:00Z,70.9973,15.0684
2026-07-09T04:10:00Z,73.0663,16.2359
2026-07-09T04:20:00Z,75.1397,17.4169
2026-07-09T04:30:00Z,77.2194,18.6098
2026-07-09T04:40:00Z,79.3074,19.8129
2026-07-09T04:50:00Z,81.4059,21.0247
2026-07-09T05:00:00Z,83.517,22.2435
2026-07-09T05:10:00Z,85.6433,23.4677
2026-07-09T05:20:00Z,87.7869,24.6956
2026-07-09T05:30:00Z,89.9507,25.9255
2026-07-09T05:40:00Z,92.1371,27.1555
2026-07-09T05:50:00Z,94.349,28.384
2026-07-09T06:00:00Z,96.5892,29.6089
2026-07-09T06:10:00Z,98.8609,30.8283
2026-07-09T06:20:00Z,101.167,32.0403
2026-07-09T06:30:00Z,103.5108,33.2426
2026-07-09T06:40:00Z,105.8956,34.4331
2026-07-09T06:50:00Z,108.3248,35.6095
2026-07-09T07:00:00Z,110.8018,36.7694
2026-07-09T07:10:00Z,113.33,37.9102
2026-07-09T07:20:00Z,115.913,39.0293
2026-07-09T07:30:00Z,118.5542,40.1238
2026-07-09T07:40:00Z,121.257,41.191
2026-07-09T07:50:00Z,124.0244,42.2276
2026-07-09T08:00:00Z,126.8595,43.2305
2026-07-09T08:10:00Z,129.765,44.1964
2026-07-09T08:20:00Z,132.7429,45.1219
2026-07-09T08:30:00Z,135.7952,46.0034
2026-07-09T08:40:00Z,138.9228,46.8372
2026-07-09T08:50:00Z,142.126,47.6197
2026-07-09T09:00:00Z,145.4042,48.3472
2026-07-09T09:10:00Z,148.7559,49.0161
2026-07-09T09:20:00Z,152.1781,49.6226
2026-07-09T09:30:00Z,155.6671,50.1635
2026-07-09T09:40:00Z,159.2176,50.6354
2026-07-09T09:50:00Z,162.823,51.0353
2026-07-09T10:00:00Z,166.4757,51.3607
2026-07-09T10:10:00Z,170.1667,51.6093
2026-07-09T10:20:00Z,173.8864,51.7794
2026-07-09T10:30:00Z,177.6241,51.8697
2026-07-09T10:40:00Z,181.3688,51.8797
2026-07-09T10:50:00Z,185.1094,51.8092
2026-07-09T11:00:00Z,188.8346,51.6588
2026-07-09T11:10:00Z,192.5338,51.4295
2026-07-09T11:20:00Z,196.197,51.123
2026-07-09T11:30:00Z,199.8151,50.7412
2026-07-09T11:40:00Z,203.3801,50.2868
2026-07-09T11:50:00Z,206.8851,49.7626
2026-07-09T12:00:00Z,210.3246,49.1719
2026-07-09T12:10:00Z,213.6943,48.518
2026-07-09T12:20:00Z,216.9912,47.8044
2026-07-09T12:30:00Z,220.2134,47.0349
2026-07-09T12:40:00Z,223.3599,46.2131
2026-07-09T12:50:00Z,226.431,45.3427
2026-07-09T13:00:00Z,229.4275,44.4273
2026-07-09T13:10:00Z,232.3509,43.4706
2026-07-09T13:20:00Z,235.2034,42.476
2026-07-09T13:30:00Z,237.9875,41.4468
2026-07-09T13:40:00Z,240.706,40.3862
2026-07-09T13:50:00Z,243.3623,39.2975
2026-07-09T14:00:00Z,245.9594,38.1834
2026-07-09T14:10:00Z,248.501,37.0469
2026-07-09T14:20:00Z,250.9903,35.8906
2026-07-09T14:30:00Z,253.431,34.7171
2026-07-09T14:40:00Z,255.8264,33.5289
2026-07-09T14:50:00Z,258.18,32.3282
2026-07-09T15:00:00Z,260.495,31.1173
2026-07-09T15:10:00Z,262.7748,29.8983
2026-07-09T15:20:00Z,265.0224,28.6733
2026-07-09T15:30:00Z,267.2409,27.4442
2026-07-09T15:40:00Z,269.4332,26.213
2026-07-09T15:50:00Z,271.6021,24.9815
2026-07-09T16:00:00Z,273.7503,23.7515
2026-07-09T16:10:00Z,275.8803,22.5246
2026-07-09T16:20:00Z,277.9948,21.3027
2026-07-09T16:30:00Z,280.096,20.0873
2026-07-09T16:40:00Z,282.1862,18.8801
2026-07-09T16:50:00Z,284.2675,17.6827
2026-07-09T17:00:00Z,286.3421,16.4968
2026-07-09T17:10:00Z,288.4118,15.3239
2026-07-09T17:20:00Z,290.4785,14.1656
2026-07-09T17:30:00Z,292.544,13.0236
2026-07-09T17:40:00Z,294.61,11.8995
2026-07-09T17:50:00Z,296.678,10.795
2026-07-09T18:00:00Z,298.7495,9.7118
2026-07-09T18:10:00Z,300.8259,8.6517
2026-07-09T18:20:00Z,302.9085,7.6168
2026-07-09T18:30:00Z,304.9984,6.6089
2026-07-09T18:40:00Z,307.0968,5.6305
2026-07-09T18:50:00Z,309.2045,4.684
2026-07-09T19:00:00Z,311.3226,3.7744
2026-07-09T19:10:00Z,313.4518,2.9039
2026-07-09T19:20:00Z,315.5927,2.0776
2026-07-09T19:30:00Z,317.7459,1.3021
2026-07-09T19:40:00Z,319.9118,0.5849
2026-07-10T01:30:00Z,39.482,0.3692
2026-07-10T01:40:00Z,41.6527,1.0661
2026-07-10T01:50:00Z,43.8105,1.8235
2026-07-10T02:00:00Z,45.956,2.6342
2026-07-10T02:10:00Z,48.0897,3.4909
2026-07-10T02:20:00Z,50.212,4.3881
2026-07-10T02:30:00Z,52.3239,5.323
2026-07-10T02:40:00Z,54.4261,6.2911
2026-07-10T02:50:00Z,56.5196,7.2894
2026-07-10T03:00:00Z,58.6054,8.3155
2026-07-10T03:10:00Z,60.6848,9.3672
2026-07-10T03:20:00Z,62.7589,10.4427
2026-07-10T03:30:00Z,64.8291,11.54
2026-07-10T03:40:00Z,66.8969,12.6574
2026-07-10T03:50:00Z,68.9638,13.7932
2026-07-10T04:00:00Z,71.0314,14.9457
2026-07-10T04:10:00Z,73.1015,16.1133
2026-07-10T04:20:00Z,75.176,17.2944
2026-07-10T04:30:00Z,77.2567,18.4874
2026-07-10T04:40:00Z,79.3456,19.6906
2026-07-10T04:50:00Z,81.4449,20.9025
2026-07-10T05:00:00Z,83.5569,22.1214
2026-07-10T05:10:00Z,85.6838,23.3456
2026-07-10T05:20:00Z,87.828,24.5735
2026-07-10T05:30:00Z,89.9923,25.8034
2026-07-10T05:40:00Z,92.1791,27.0334
2026-07-10T05:50:00Z,94.3913,28.2617
2026-07-10T06:00:00Z,96.6318,29.4865
2026-07-10T06:10:00Z,98.9035,30.7057
2026-07-10T06:20:00Z,101.2096,31.9175
2026-07-10T06:30:00Z,103.5532,33.1196
2026-07-10T06:40:00Z,105.9377,34.3098
2026-07-10T06:50:00Z,108.3663,35.4859
2026-07-10T07:00:00Z,110.8426,36.6455
2026-07-10T07:10:00Z,113.3699,37.7859
2026-07-10T07:20:00Z,115.9518,38.9046
2026-07-10T07:30:00Z,118.5915,39.9987
2026-07-10T07:40:00Z,121.2926,41.0654
2026-07-10T07:50:00Z,124.058,42.1016
2026-07-10T08:00:00Z,126.8907,43.1041
2026-07-10T08:10:00Z,129.7935,44.0696
2026-07-10T08:20:00Z,132.7684,44.9946
2026-07-10T08:30:00Z,135.8171,45.8757
2026-07-10T08:40:00Z,138.9408,46.7092
2026-07-10T08:50:00Z,142.1397,47.4914
2026-07-10T09:00:00Z,145.4131,48.2187
2026-07-10T09:10:00Z,148.7596,48.8874
2026-07-10T09:20:00Z,152.1763,49.4939
2026-07-10T09:30:00Z,155.6592,50.0348
2026-07-10T09:40:00Z,159.2033,50.5068
2026-07-10T09:50:00Z,162.8021,50.9071
2026-07-10T10:00:00Z,166.4479,51.2329
2026-07-10T10:10:00Z,170.1319,51.4821
2026-07-10T10:20:00Z,173.8444,51.653
2026-07-10T10:30:00Z,177.575,51.7443
2026-07-10T10:40:00Z,181.3127,51.7554
2026-07-10T10:50:00Z,185.0464,51.6861
2026-07-10T11:00:00Z,188.7651,51.5371
2026-07-10T11:10:00Z,192.4581,51.3093
2026-07-10T11:20:00Z,196.1155,51.0043
2026-07-10T11:30:00Z,199.7282,50.6242
2026-07-10T11:40:00Z,203.2883,50.1716
2026-07-10T11:50:00Z,206.7889,49.6492
2026-07-10T12:00:00Z,210.2246,49.0602
2026-07-10T12:10:00Z,213.591,48.4081
2026-07-10T12:20:00Z,216.885,47.6964
2026-07-10T12:30:00Z,220.1048,46.9286
2026-07-10T12:40:00Z,223.2495,46.1085
2026-07-10T12:50:00Z,226.319,45.2397
2026-07-10T13:00:00Z,229.3143,44.326
2026-07-10T13:10:00Z,232.2369,43.3707
2026-07-10T13:20:00Z,235.0889,42.3775
2026-07-10T13:30:00Z,237.8727,41.3496
2026-07-10T13:40:00Z,240.5913,40.2903
2026-07-10T13:50:00Z,243.2477,39.2027
2026-07-10T14:00:00Z,245.8452,38.0897
2026-07-10T14:10:00Z,248.3872,36.9541
2026-07-10T14:20:00Z,250.8772,35.7986
2026-07-10T14:30:00Z,253.3185,34.6258
2026-07-10T14:40:00Z,255.7148,33.4381
2026-07-10T14:50:00Z,258.0692,32.2379
2026-07-10T15:00:00Z,260.3852,31.0274
2026-07-10T15:10:00Z,262.6659,29.8088
2026-07-10T15:20:00Z,264.9145,28.584
2026-07-10T15:30:00Z,267.134,27.355
2026-07-10T15:40:00Z,269.3274,26.1239
2026-07-10T15:50:00Z,271.4973,24.8923
2026-07-10T16:00:00Z,273.6466,23.6621
2026-07-10T16:10:00Z,275.7779,22.4351
2026-07-10T16:20:00Z,277.8934,21.2128
2026-07-10T16:30:00Z,279.9958,19.9971
2026-07-10T16:40:00Z,282.0871,18.7895
2026-07-10T16:50:00Z,284.1696,17.5916
2026-07-10T17:00:00Z,286.2453,16.4051
2026-07-10T17:10:00Z,288.3162,15.2316
2026-07-10T17:20:00Z,290.3842,14.0726
2026-07-10T17:30:00Z,292.4509,12.9299
2026-07-10T17:40:00Z,294.5181,11.8051
2026-07-10T17:50:00Z,296.5874,10.6998
2026-07-10T18:00:00Z,298.6602,9.6158
2026-07-10T18:10:00Z,300.7379,8.555
2026-07-10T18:20:00Z,302.8218,7.5193
2026-07-10T18:30:00Z,304.9131,6.5107
2026-07-10T18:40:00Z,307.0129,5.5316
2026-07-10T18:50:00Z,309.1222,4.5848
2026-07-10T19:00:00Z,311.2418,3.675
2026-07-10T19:10:00Z,313.3725,2.8048
2026-07-10T19:20:00Z,315.5151,1.9794
2026-07-10T19:30:00Z,317.6699,1.2059
2026-07-10T19:40:00Z,319.8376,0.4918
2026-07-11T01:30:00Z,39.4954,0.2577
2026-07-11T01:40:00Z,41.6682,0.9491
2026-07-11T01:50:00Z,43.8282,1.7026
2026-07-11T02:00:00Z,45.9758,2.5105
2026-07-11T02:10:00Z,48.1113,3.3655
2026-07-11T02:20:00Z,50.2356,4.2616
2026-07-11T02:30:00Z,52.3493,5.1955
2026-07-11T02:40:00Z,54.4533,6.1633
2026-07-11T02:50:00Z,56.5485,7.1614
2026-07-11T03:00:00Z,58.6359,8.1874
2026-07-11T03:10:00Z,60.7168,9.2392
2026-07-11T03:20:00Z,62.7924,10.3147
2026-07-11T03:30:00Z,64.8641,11.4122
2026-07-11T03:40:00Z,66.9332,12.5297
2026-07-11T03:50:00Z,69.0014,13.6657
2026-07-11T04:00:00Z,71.0703,14.8183
2026-07-11T04:10:00Z,73.1416,15.9861
2026-07-11T04:20:00Z,75.2171,17.1674
2026-07-11T04:30:00Z,77.2988,18.3605
2026-07-11T04:40:00Z,79.3887,19.5638
2026-07-11T04:50:00Z,81.4889,20.7758
2026-07-11T05:00:00Z,83.6017,21.9947
2026-07-11T05:10:00Z,85.7293,23.219
2026-07-11T05:20:00Z,87.8743,24.4469
2026-07-11T05:30:00Z,90.0391,25.6767
2026-07-11T05:40:00Z,92.2264,26.9066
2026-07-11T05:50:00Z,94.439,28.1348
2026-07-11T06:00:00Z,96.6797,29.3595
2026-07-11T06:10:00Z,98.9516,30.5786
2026-07-11T06:20:00Z,101.2576,31.7901
2026-07-11T06:30:00Z,103.6011,32.9919
2026-07-11T06:40:00Z,105.9852,34.1819
2026-07-11T06:50:00Z,108.4134,35.3577
2026-07-11T07:00:00Z,110.889,36.5168
2026-07-11T07:10:00Z,113.4154,37.6568
2026-07-11T07:20:00Z,115.9961,38.7751
2026-07-11T07:30:00Z,118.6344,39.8688
2026-07-11T07:40:00Z,121.3337,40.935
2026-07-11T07:50:00Z,124.0971,41.9706
2026-07-11T08:00:00Z,126.9275,42.9726
2026-07-11T08:10:00Z,129.8275,43.9376
2026-07-11T08:20:00Z,132.7993,44.8621
2026-07-11T08:30:00Z,135.8445,45.7427
2026-07-11T08:40:00Z,138.9642,46.5758
2026-07-11T08:50:00Z,142.1586,47.3576
2026-07-11T09:00:00Z,145.4272,48.0846
2026-07-11T09:10:00Z,148.7683,48.753
2026-07-11T09:20:00Z,152.1792,49.3593
2026-07-11T09:30:00Z,155.656,49.9002
2026-07-11T09:40:00Z,159.1935,50.3723
2026-07-11T09:50:00Z,162.7854,50.7728
2026-07-11T10:00:00Z,166.4241,51.099
2026-07-11T10:10:00Z,170.1008,51.3488
2026-07-11T10:20:00Z,173.8059,51.5204
2026-07-11T10:30:00Z,177.529,51.6125
2026-07-11T10:40:00Z,181.2594,51.6246
2026-07-11T10:50:00Z,184.9859,51.5566
2026-07-11T11:00:00Z,188.6977,51.4088
2026-07-11T11:10:00Z,192.3842,51.1825
2026-07-11T11:20:00Z,196.0354,50.879
2026-07-11T11:30:00Z,199.6425,50.5006
2026-07-11T11:40:00Z,203.1974,50.0497
2026-07-11T11:50:00Z,206.6933,49.5291
2026-07-11T12:00:00Z,210.1249,48.942
2026-07-11T12:10:00Z,213.4876,48.2916
2026-07-11T12:20:00Z,216.7786,47.5817
2026-07-11T12:30:00Z,219.9958,46.8157
2026-07-11T12:40:00Z,223.1383,45.9973
2026-07-11T12:50:00Z,226.2061,45.1302
2026-07-11T13:00:00Z,229.2001,44.2181
2026-07-11T13:10:00Z,232.1217,43.2643
2026-07-11T13:20:00Z,234.973,42.2726
2026-07-11T13:30:00Z,237.7564,41.246
2026-07-11T13:40:00Z,240.4748,40.188
2026-07-11T13:50:00Z,243.1313,39.1014
2026-07-11T14:00:00Z,245.7291,37.9894
2026-07-11T14:10:00Z,248.2715,36.8548
2026-07-11T14:20:00Z,250.762,35.7001
2026-07-11T14:30:00Z,253.2041,34.528
2026-07-11T14:40:00Z,255.6011,33.341
2026-07-11T14:50:00Z,257.9563,32.1413
2026-07-11T15:00:00Z,260.2732,30.9312
2026-07-11T15:10:00Z,262.5549,29.7129
2026-07-11T15:20:00Z,264.8045,28.4883
2026-07-11T15:30:00Z,267.0251,27.2595
2026-07-11T15:40:00Z,269.2195,26.0284
2026-07-11T15:50:00Z,271.3906,24.7968
2026-07-11T16:00:00Z,273.541,23.5665
2026-07-11T16:10:00Z,275.6734,22.3392
2026-07-11T16:20:00Z,277.7901,21.1167
2026-07-11T16:30:00Z,279.8936,19.9006
2026-07-11T16:40:00Z,281.9861,18.6925
2026-07-11T16:50:00Z,284.0698,17.4942
2026-07-11T17:00:00Z,286.1468,16.3071
2026-07-11T17:10:00Z,288.2189,15.133
2026-07-11T17:20:00Z,290.2881,13.9734
2026-07-11T17:30:00Z,292.3561,12.8299
2026-07-11T17:40:00Z,294.4246,11.7043
2026-07-11T17:50:00Z,296.4952,10.5983
2026-07-11T18:00:00Z,298.5693,9.5135
2026-07-11T18:10:00Z,300.6484,8.4519
2026-07-11T18:20:00Z,302.7338,7.4154
2026-07-11T18:30:00Z,304.8266,6.4062
2026-07-11T18:40:00Z,306.9279,5.4265
2026-07-11T18:50:00Z,309.0387,4.4795
2026-07-11T19:00:00Z,311.1599,3.5697
2026-07-11T19:10:00Z,313.2923,2.6998
2026-07-11T19:20:00Z,315.4366,1.8756
2026-07-11T19:30:00Z,317.5932,1.1043
2026-07-11T19:40:00Z,319.7627,0.3938
2026-07-12T01:30:00Z,39.5125,0.1429
2026-07-12T01:40:00Z,41.6876,0.8283
2026-07-12T01:50:00Z,43.8498,1.5774
2026-07-12T02:00:00Z,45.9994,2.3823
2026-07-12T02:10:00Z,48.1371,3.2354
2026-07-12T02:20:00Z,50.2633,4.1303
2026-07-12T02:30:00Z,52.3789,5.0628
2026-07-12T02:40:00Z,54.4847,6.0307
2026-07-12T02:50:00Z,56.5817,7.0286
2026-07-12T03:00:00Z,58.6708,8.0546
2026-07-12T03:10:00Z,60.7533,9.1064
2026-07-12T03:20:00Z,62.8305,10.182
2026-07-12T03:30:00Z,64.9036,11.2796
2026-07-12T03:40:00Z,66.9742,12.3973
2026-07-12T03:50:00Z,69.0437,13.5335
2026-07-12T04:00:00Z,71.1139,14.6863
2026-07-12T04:10:00Z,73.1864,15.8543
2026-07-12T04:20:00Z,75.2631,17.0357
2026-07-12T04:30:00Z,77.3459,18.229
2026-07-12T04:40:00Z,79.4368,19.4325
2026-07-12T04:50:00Z,81.538,20.6445
2026-07-12T05:00:00Z,83.6516,21.8636
2026-07-12T05:10:00Z,85.78,23.0879
2026-07-12T05:20:00Z,87.9257,24.3158
2026-07-12T05:30:00Z,90.0911,25.5456
2026-07-12T05:40:00Z,92.2789,26.7754
2026-07-12T05:50:00Z,94.4919,28.0035
2026-07-12T06:00:00Z,96.7329,29.228
2026-07-12T06:10:00Z,99.005,30.4469
2026-07-12T06:20:00Z,101.3111,31.6582
2026-07-12T06:30:00Z,103.6544,32.8597
2026-07-12T06:40:00Z,106.0383,34.0494
2026-07-12T06:50:00Z,108.466,35.2247
2026-07-12T07:00:00Z,110.9409,36.3835
2026-07-12T07:10:00Z,113.4664,37.5231
2026-07-12T07:20:00Z,116.046,38.6408
2026-07-12T07:30:00Z,118.6829,39.734
2026-07-12T07:40:00Z,121.3805,40.7996
2026-07-12T07:50:00Z,124.1419,41.8347
2026-07-12T08:00:00Z,126.9699,42.8361
2026-07-12T08:10:00Z,129.8671,43.8005
2026-07-12T08:20:00Z,132.8357,44.7245
2026-07-12T08:30:00Z,135.8773,45.6045
2026-07-12T08:40:00Z,138.9929,46.437
2026-07-12T08:50:00Z,142.1828,47.2184
2026-07-12T09:00:00Z,145.4464,47.9449
2026-07-12T09:10:00Z,148.782,48.613
2026-07-12T09:20:00Z,152.187,49.2191
2026-07-12T09:30:00Z,155.6575,49.7599
2026-07-12T09:40:00Z,159.1882,50.232
2026-07-12T09:50:00Z,162.773,50.6326
2026-07-12T10:00:00Z,166.4043,50.9591
2026-07-12T10:10:00Z,170.0734,51.2093
2026-07-12T10:20:00Z,173.7708,51.3815
2026-07-12T10:30:00Z,177.4863,51.4745
2026-07-12T10:40:00Z,181.209,51.4875
2026-07-12T10:50:00Z,184.928,51.4206
2026-07-12T11:00:00Z,188.6326,51.2741
2026-07-12T11:10:00Z,192.3121,51.0492
2026-07-12T11:20:00Z,195.9569,50.7473
2026-07-12T11:30:00Z,199.558,50.3705
2026-07-12T11:40:00Z,203.1074,49.9213
2026-07-12T11:50:00Z,206.5984,49.4024
2026-07-12T12:00:00Z,210.0255,48.8171
2026-07-12T12:10:00Z,213.3844,48.1686
2026-07-12T12:20:00Z,216.672,47.4604
2026-07-12T12:30:00Z,219.8863,46.6962
2026-07-12T12:40:00Z,223.0265,45.8795
2026-07-12T12:50:00Z,226.0924,45.0141
2026-07-12T13:00:00Z,229.0849,44.1036
2026-07-12T13:10:00Z,232.0053,43.1514
2026-07-12T13:20:00Z,234.8558,42.1611
2026-07-12T13:30:00Z,237.6387,41.1359
2026-07-12T13:40:00Z,240.3569,40.0791
2026-07-12T13:50:00Z,243.0134,38.9937
2026-07-12T14:00:00Z,245.6113,37.8828
2026-07-12T14:10:00Z,248.1541,36.7491
2026-07-12T14:20:00Z,250.6451,35.5953
2026-07-12T14:30:00Z,253.0878,34.4239
2026-07-12T14:40:00Z,255.4855,33.2375
2026-07-12T14:50:00Z,257.8416,32.0384
2026-07-12T15:00:00Z,260.1594,30.8287
2026-07-12T15:10:00Z,262.442,29.6107
2026-07-12T15:20:00Z,264.6926,28.3864
2026-07-12T15:30:00Z,266.9142,27.1577
2026-07-12T15:40:00Z,269.1097,25.9266
2026-07-12T15:50:00Z,271.2819,24.695
2026-07-12T16:00:00Z,273.4335,23.4645
2026-07-12T16:10:00Z,275.567,22.2371
2026-07-12T16:20:00Z,277.6849,21.0142
2026-07-12T16:30:00Z,279.7896,19.7978
2026-07-12T16:40:00Z,281.8833,18.5893
2026-07-12T16:50:00Z,283.9683,17.3904
2026-07-12T17:00:00Z,286.0465,16.2028
2026-07-12T17:10:00Z,288.1199,15.028
2026-07-12T17:20:00Z,290.1904,13.8678
2026-07-12T17:30:00Z,292.2597,12.7236
2026-07-12T17:40:00Z,294.3296,11.5973
2026-07-12T17:50:00Z,296.4015,10.4905
2026-07-12T18:00:00Z,298.4771,9.4049
2026-07-12T18:10:00Z,300.5577,8.3426
2026-07-12T18:20:00Z,302.6445,7.3053
2026-07-12T18:30:00Z,304.7388,6.2954
2026-07-12T18:40:00Z,306.8417,5.3152
2026-07-12T18:50:00Z,308.9541,4.368
2026-07-12T19:00:00Z,311.0771,3.4582
2026-07-12T19:10:00Z,313.2112,2.589
2026-07-12T19:20:00Z,315.3573,1.7662
2026-07-12T19:30:00Z,317.5158,0.9976
2026-07-12T19:40:00Z,319.6873,0.2911
2026-07-13T01:30:00Z,39.5333,0.0249
2026-07-13T01:40:00Z,41.7108,0.7039
2026-07-13T01:50:00Z,43.8752,1.4481
2026-07-13T02:00:00Z,46.0271,2.2497
2026-07-13T02:10:00Z,48.1668,3.1007
2026-07-13T02:20:00Z,50.2951,3.9943
2026-07-13T02:30:00Z,52.4127,4.926
2026-07-13T02:40:00Z,54.5204,5.8933
2026-07-13T02:50:00Z,56.6192,6.8911
2026-07-13T03:00:00Z,58.7101,7.917
2026-07-13T03:10:00Z,60.7943,8.9689
2026-07-13T03:20:00Z,62.8731,10.0447
2026-07-13T03:30:00Z,64.9478,11.1424
2026-07-13T03:40:00Z,67.0198,12.2604
2026-07-13T03:50:00Z,69.0907,13.3967
2026-07-13T04:00:00Z,71.1622,14.5498
2026-07-13T04:10:00Z,73.236,15.718
2026-07-13T04:20:00Z,75.3139,16.8996
2026-07-13T04:30:00Z,77.3978,18.093
2026-07-13T04:40:00Z,79.4898,19.2967
2026-07-13T04:50:00Z,81.592,20.5089
2026-07-13T05:00:00Z,83.7065,21.728
2026-07-13T05:10:00Z,85.8358,22.9524
2026-07-13T05:20:00Z,87.9822,24.1803
2026-07-13T05:30:00Z,90.1483,25.41
2026-07-13T05:40:00Z,92.3367,26.6398
2026-07-13T05:50:00Z,94.5501,27.8678
2026-07-13T06:00:00Z,96.7915,29.0921
2026-07-13T06:10:00Z,99.0637,30.3108
2026-07-13T06:20:00Z,101.3699,31.5218
2026-07-13T06:30:00Z,103.7132,32.723
2026-07-13T06:40:00Z,106.0968,33.9123
2026-07-13T06:50:00Z,108.5241,35.0873
2026-07-13T07:00:00Z,110.9983,36.2456
2026-07-13T07:10:00Z,113.523,37.3846
2026-07-13T07:20:00Z,116.1014,38.5018
2026-07-13T07:30:00Z,118.737,39.5944
2026-07-13T07:40:00Z,121.4329,40.6595
2026-07-13T07:50:00Z,124.1922,41.6939
2026-07-13T08:00:00Z,127.0178,42.6947
2026-07-13T08:10:00Z,129.9122,43.6584
2026-07-13T08:20:00Z,132.8775,44.5817
2026-07-13T08:30:00Z,135.9155,45.4611
2026-07-13T08:40:00Z,139.027,46.293
2026-07-13T08:50:00Z,142.2123,47.0738
2026-07-13T09:00:00Z,145.4708,47.7998
2026-07-13T09:10:00Z,148.8008,48.4675
2026-07-13T09:20:00Z,152.1997,49.0733
2026-07-13T09:30:00Z,155.6636,49.6138
2026-07-13T09:40:00Z,159.1875,50.0858
2026-07-13T09:50:00Z,162.765,50.4865
2026-07-13T10:00:00Z,166.3886,50.8132
2026-07-13T10:10:00Z,170.0499,51.0638
2026-07-13T10:20:00Z,173.7393,51.2365
2026-07-13T10:30:00Z,177.4468,51.3302
2026-07-13T10:40:00Z,181.1615,51.3441
2026-07-13T10:50:00Z,184.8728,51.2782
2026-07-13T11:00:00Z,188.5698,51.133
2026-07-13T11:10:00Z,192.2422,50.9094
2026-07-13T11:20:00Z,195.8802,50.609
2026-07-13T11:30:00Z,199.4749,50.2338
2026-07-13T11:40:00Z,203.0185,49.7863
2026-07-13T11:50:00Z,206.5043,49.2692
2026-07-13T12:00:00Z,209.9267,48.6856
2026-07-13T12:10:00Z,213.2814,48.0389
2026-07-13T12:20:00Z,216.5654,47.3325
2026-07-13T12:30:00Z,219.7767,46.5701
2026-07-13T12:40:00Z,222.9143,45.7552
2026-07-13T12:50:00Z,225.9781,44.8915
2026-07-13T13:00:00Z,228.9688,43.9826
2026-07-13T13:10:00Z,231.888,43.0319
2026-07-13T13:20:00Z,234.7375,42.0431
2026-07-13T13:30:00Z,237.5198,41.0193
2026-07-13T13:40:00Z,240.2377,39.9638
2026-07-13T13:50:00Z,242.894,38.8796
2026-07-13T14:00:00Z,245.492,37.7697
2026-07-13T14:10:00Z,248.0351,36.637
2026-07-13T14:20:00Z,250.5265,35.484
2026-07-13T14:30:00Z,252.9698,34.3134
2026-07-13T14:40:00Z,255.3682,33.1277
2026-07-13T14:50:00Z,257.725,31.9291
2026-07-13T15:00:00Z,260.0437,30.7198
2026-07-13T15:10:00Z,262.3272,29.5022
2026-07-13T15:20:00Z,264.5789,28.2781
2026-07-13T15:30:00Z,266.8015,27.0496
2026-07-13T15:40:00Z,268.9981,25.8186
2026-07-13T15:50:00Z,271.1714,24.5869
2026-07-13T16:00:00Z,273.3241,23.3563
2026-07-13T16:10:00Z,275.4588,22.1286
2026-07-13T16:20:00Z,277.5779,20.9055
2026-07-13T16:30:00Z,279.6838,19.6887
2026-07-13T16:40:00Z,281.7788,18.4798
2026-07-13T16:50:00Z,283.865,17.2804
2026-07-13T17:00:00Z,285.9445,16.0922
2026-07-13T17:10:00Z,288.0193,14.9169
2026-07-13T17:20:00Z,290.0911,13.7559
2026-07-13T17:30:00Z,292.1618,12.6111
2026-07-13T17:40:00Z,294.2331,11.484
2026-07-13T17:50:00Z,296.3065,10.3764
2026-07-13T18:00:00Z,298.3836,9.2901
2026-07-13T18:10:00Z,300.4656,8.2269
2026-07-13T18:20:00Z,302.554,7.189
2026-07-13T18:30:00Z,304.65,6.1785
2026-07-13T18:40:00Z,306.7545,5.1977
2026-07-13T18:50:00Z,308.8687,4.2505
2026-07-13T19:00:00Z,310.9934,3.3409
2026-07-13T19:10:00Z,313.1294,2.4723
2026-07-13T19:20:00Z,315.2774,1.6514
2026-07-13T19:30:00Z,317.4379,0.8858
2026-07-13T19:40:00Z,319.6114,0.1839
2026-07-14T01:40:00Z,41.7378,0.576
2026-07-14T01:50:00Z,43.9046,1.315
2026-07-14T02:00:00Z,46.0588,2.1129
2026-07-14T02:10:00Z,48.2007,2.9616
2026-07-14T02:20:00Z,50.3311,3.8539
2026-07-14T02:30:00Z,52.4508,4.7845
2026-07-14T02:40:00Z,54.5604,5.7514
2026-07-14T02:50:00Z,56.6611,6.7489
2026-07-14T03:00:00Z,58.7538,7.7748
2026-07-14T03:10:00Z,60.8398,8.8268
2026-07-14T03:20:00Z,62.9202,9.9027
2026-07-14T03:30:00Z,64.9965,11.0007
2026-07-14T03:40:00Z,67.07,12.1189
2026-07-14T03:50:00Z,69.1425,13.2555
2026-07-14T04:00:00Z,71.2154,14.4088
2026-07-14T04:10:00Z,73.2905,15.5772
2026-07-14T04:20:00Z,75.3696,16.7591
2026-07-14T04:30:00Z,77.4547,17.9527
2026-07-14T04:40:00Z,79.5478,19.1565
2026-07-14T04:50:00Z,81.651,20.3689
2026-07-14T05:00:00Z,83.7665,21.5881
2026-07-14T05:10:00Z,85.8967,22.8125
2026-07-14T05:20:00Z,88.0439,24.0404
2026-07-14T05:30:00Z,90.2106,25.2702
2026-07-14T05:40:00Z,92.3996,26.4999
2026-07-14T05:50:00Z,94.6136,27.7277
2026-07-14T06:00:00Z,96.8554,28.9518
2026-07-14T06:10:00Z,99.1279,30.1703
2026-07-14T06:20:00Z,101.4342,31.381
2026-07-14T06:30:00Z,103.7774,32.5819
2026-07-14T06:40:00Z,106.1608,33.7708
2026-07-14T06:50:00Z,108.5877,34.9453
2026-07-14T07:00:00Z,111.0613,36.1031
2026-07-14T07:10:00Z,113.5851,37.2416
2026-07-14T07:20:00Z,116.1625,38.3583
2026-07-14T07:30:00Z,118.7966,39.4502
2026-07-14T07:40:00Z,121.4908,40.5146
2026-07-14T07:50:00Z,124.2481,41.5483
2026-07-14T08:00:00Z,127.0712,42.5484
2026-07-14T08:10:00Z,129.9628,43.5114
2026-07-14T08:20:00Z,132.9249,44.4339
2026-07-14T08:30:00Z,135.9591,45.3126
2026-07-14T08:40:00Z,139.0664,46.1438
2026-07-14T08:50:00Z,142.247,46.9239
2026-07-14T09:00:00Z,145.5003,47.6494
2026-07-14T09:10:00Z,148.8246,48.3165
2026-07-14T09:20:00Z,152.2173,48.9219
2026-07-14T09:30:00Z,155.6746,49.4621
2026-07-14T09:40:00Z,159.1913,49.9339
2026-07-14T09:50:00Z,162.7612,50.3345
2026-07-14T10:00:00Z,166.3771,50.6614
2026-07-14T10:10:00Z,170.0303,50.9122
2026-07-14T10:20:00Z,173.7115,51.0854
2026-07-14T10:30:00Z,177.4106,51.1797
2026-07-14T10:40:00Z,181.1172,51.1945
2026-07-14T10:50:00Z,184.8203,51.1296
2026-07-14T11:00:00Z,188.5095,50.9855
2026-07-14T11:10:00Z,192.1744,50.7632
2026-07-14T11:20:00Z,195.8053,50.4643
2026-07-14T11:30:00Z,199.3934,50.0907
2026-07-14T11:40:00Z,202.9309,49.6448
2026-07-14T11:50:00Z,206.4111,49.1294
2026-07-14T12:00:00Z,209.8285,48.5476
2026-07-14T12:10:00Z,213.1789,47.9027
2026-07-14T12:20:00Z,216.459,47.1981
2026-07-14T12:30:00Z,219.667,46.4375
2026-07-14T12:40:00Z,222.8018,45.6243
2026-07-14T12:50:00Z,225.8632,44.7623
2026-07-14T13:00:00Z,228.8522,43.855
2026-07-14T13:10:00Z,231.7699,42.906
2026-07-14T13:20:00Z,234.6183,41.9186
2026-07-14T13:30:00Z,237.3998,40.8962
2026-07-14T13:40:00Z,240.1172,39.842
2026-07-14T13:50:00Z,242.7733,38.759
2026-07-14T14:00:00Z,245.3713,37.6502
2026-07-14T14:10:00Z,247.9146,36.5184
2026-07-14T14:20:00Z,250.4064,35.3664
2026-07-14T14:30:00Z,252.8502,34.1966
2026-07-14T14:40:00Z,255.2492,33.0115
2026-07-14T14:50:00Z,257.6068,31.8134
2026-07-14T15:00:00Z,259.9263,30.6047
2026-07-14T15:10:00Z,262.2108,29.3873
2026-07-14T15:20:00Z,264.4634,28.1635
2026-07-14T15:30:00Z,266.6871,26.9352
2026-07-14T15:40:00Z,268.8847,25.7042
2026-07-14T15:50:00Z,271.0592,24.4725
2026-07-14T16:00:00Z,273.213,23.2418
2026-07-14T16:10:00Z,275.3489,22.0139
2026-07-14T16:20:00Z,277.4693,20.7905
2026-07-14T16:30:00Z,279.5764,19.5733
2026-07-14T16:40:00Z,281.6727,18.364
2026-07-14T16:50:00Z,283.7602,17.1641
2026-07-14T17:00:00Z,285.8411,15.9754
2026-07-14T17:10:00Z,287.9172,14.7994
2026-07-14T17:20:00Z,289.9904,13.6378
2026-07-14T17:30:00Z,292.0625,12.4922
2026-07-14T17:40:00Z,294.1353,11.3644
2026-07-14T17:50:00Z,296.2102,10.256
2026-07-14T18:00:00Z,298.2888,9.1689
2026-07-14T18:10:00Z,300.3724,8.1051
2026-07-14T18:20:00Z,302.4625,7.0664
2026-07-14T18:30:00Z,304.5601,6.0553
2026-07-14T18:40:00Z,306.6664,5.0737
2026-07-14T18:50:00Z,308.7823,4.1269
2026-07-14T19:00:00Z,310.9089,3.2176
2026-07-14T19:10:00Z,313.0468,2.3501
2026-07-14T19:20:00Z,315.1968,1.5312
2026-07-14T19:30:00Z,317.3594,0.7692
2026-07-14T19:40:00Z,319.535,0.0725
2026-07-15T01:40:00Z,41.7687,0.4449
2026-07-15T01:50:00Z,43.938,1.1782
2026-07-15T02:00:00Z,46.0945,1.9721
2026-07-15T02:10:00Z,48.2387,2.8182
2026-07-15T02:20:00Z,50.3713,3.7089
2026-07-15T02:30:00Z,52.4931,4.6386
2026-07-15T02:40:00Z,54.6047,5.6048
2026-07-15T02:50:00Z,56.7074,6.6022
2026-07-15T03:00:00Z,58.802,7.6281
2026-07-15T03:10:00Z,60.8897,8.6802
2026-07-15T03:20:00Z,62.9719,9.7563
2026-07-15T03:30:00Z,65.0498,10.8545
2026-07-15T03:40:00Z,67.125,11.973
2026-07-15T03:50:00Z,69.1989,13.1098
2026-07-15T04:00:00Z,71.2732,14.2635
2026-07-15T04:10:00Z,73.3497,15.4321
2026-07-15T04:20:00Z,75.4302,16.6142
2026-07-15T04:30:00Z,77.5165,17.8081
2026-07-15T04:40:00Z,79.6108,19.0121
2026-07-15T04:50:00Z,81.715,20.2246
2026-07-15T05:00:00Z,83.8316,21.4439
2026-07-15T05:10:00Z,85.9626,22.6684
2026-07-15T05:20:00Z,88.1107,23.8963
2026-07-15T05:30:00Z,90.2782,25.126
2026-07-15T05:40:00Z,92.4679,26.3556
2026-07-15T05:50:00Z,94.6824,27.5834
2026-07-15T06:00:00Z,96.9245,28.8073
2026-07-15T06:10:00Z,99.1973,30.0255
2026-07-15T06:20:00Z,101.5038,31.2359
2026-07-15T06:30:00Z,103.847,32.4365
2026-07-15T06:40:00Z,106.2303,33.6249
2026-07-15T06:50:00Z,108.6568,34.799
2026-07-15T07:00:00Z,111.1298,35.9562
2026-07-15T07:10:00Z,113.6528,37.0941
2026-07-15T07:20:00Z,116.2291,38.2101
2026-07-15T07:30:00Z,118.8618,39.3014
2026-07-15T07:40:00Z,121.5543,40.365
2026-07-15T07:50:00Z,124.3095,41.398
2026-07-15T08:00:00Z,127.1302,42.3972
2026-07-15T08:10:00Z,130.019,43.3594
2026-07-15T08:20:00Z,132.9778,44.2812
2026-07-15T08:30:00Z,136.0082,45.159
2026-07-15T08:40:00Z,139.1113,45.9895
2026-07-15T08:50:00Z,142.2871,46.7689
2026-07-15T09:00:00Z,145.535,47.4936
2026-07-15T09:10:00Z,148.8535,48.1601
2026-07-15T09:20:00Z,152.2399,48.765
2026-07-15T09:30:00Z,155.6903,49.3047
2026-07-15T09:40:00Z,159.1997,49.7763
2026-07-15T09:50:00Z,162.7619,50.1768
2026-07-15T10:00:00Z,166.3697,50.5037
2026-07-15T10:10:00Z,170.0146,50.7547
2026-07-15T10:20:00Z,173.6873,50.9283
2026-07-15T10:30:00Z,177.3779,51.0232
2026-07-15T10:40:00Z,181.0759,51.0387
2026-07-15T10:50:00Z,184.7708,50.9748
2026-07-15T11:00:00Z,188.4518,50.8318
2026-07-15T11:10:00Z,192.1088,50.6107
2026-07-15T11:20:00Z,195.7324,50.3132
2026-07-15T11:30:00Z,199.3135,49.9411
2026-07-15T11:40:00Z,202.8447,49.4968
2026-07-15T11:50:00Z,206.319,48.9831
2026-07-15T12:00:00Z,209.7312,48.4031
2026-07-15T12:10:00Z,213.0769,47.76
2026-07-15T12:20:00Z,216.3529,47.0572
2026-07-15T12:30:00Z,219.5574,46.2983
2026-07-15T12:40:00Z,222.6891,45.4869
2026-07-15T12:50:00Z,225.7481,44.6266
2026-07-15T13:00:00Z,228.735,43.721
2026-07-15T13:10:00Z,231.6511,42.7736
2026-07-15T13:20:00Z,234.4982,41.7877
2026-07-15T13:30:00Z,237.2789,40.7667
2026-07-15T13:40:00Z,239.9956,39.7138
2026-07-15T13:50:00Z,242.6514,38.632
2026-07-15T14:00:00Z,245.2494,37.5243
2026-07-15T14:10:00Z,247.7927,36.3936
2026-07-15T14:20:00Z,250.2849,35.2424
2026-07-15T14:30:00Z,252.7291,34.0734
2026-07-15T14:40:00Z,255.1287,32.8889
2026-07-15T14:50:00Z,257.487,31.6915
2026-07-15T15:00:00Z,259.8073,30.4832
2026-07-15T15:10:00Z,262.0927,29.2662
2026-07-15T15:20:00Z,264.3463,28.0427
2026-07-15T15:30:00Z,266.571,26.8145
2026-07-15T15:40:00Z,268.7697,25.5836
2026-07-15T15:50:00Z,270.9453,24.3518
2026-07-15T16:00:00Z,273.1003,23.121
2026-07-15T16:10:00Z,275.2374,21.893
2026-07-15T16:20:00Z,277.359,20.6693
2026-07-15T16:30:00Z,279.4675,19.4518
2026-07-15T16:40:00Z,281.5651,18.242
2026-07-15T16:50:00Z,283.6539,17.0416
2026-07-15T17:00:00Z,285.7361,15.8523
2026-07-15T17:10:00Z,287.8136,14.6757
2026-07-15T17:20:00Z,289.8883,13.5134
2026-07-15T17:30:00Z,291.9619,12.3671
2026-07-15T17:40:00Z,294.0362,11.2385
2026-07-15T17:50:00Z,296.1127,10.1294
2026-07-15T18:00:00Z,298.1929,9.0416
2026-07-15T18:10:00Z,300.2782,7.977
2026-07-15T18:20:00Z,302.3699,6.9377
2026-07-15T18:30:00Z,304.4692,5.926
2026-07-15T18:40:00Z,306.5774,4.944
2026-07-15T18:50:00Z,308.6952,3.9974
2026-07-15T19:00:00Z,310.8237,3.0885
2026-07-15T19:10:00Z,312.9636,2.2222
2026-07-15T19:20:00Z,315.1157,1.4059
2026-07-15T19:30:00Z,317.2805,0.6479
2026-07-16T01:40:00Z,41.8036,0.311
2026-07-16T01:50:00Z,43.9754,1.0379
2026-07-16T02:00:00Z,46.1343,1.8273
2026-07-16T02:10:00Z,48.2809,2.6706
2026-07-16T02:20:00Z,50.4157,3.5597
2026-07-16T02:30:00Z,52.5396,4.4884
2026-07-16T02:40:00Z,54.6534,5.4538
2026-07-16T02:50:00Z,56.758,6.451
2026-07-16T03:00:00Z,58.8546,7.4769
2026-07-16T03:10:00Z,60.9442,8.5291
2026-07-16T03:20:00Z,63.0281,9.6055
2026-07-16T03:30:00Z,65.1078,10.704
2026-07-16T03:40:00Z,67.1846,11.8227
2026-07-16T03:50:00Z,69.2601,12.9599
2026-07-16T04:00:00Z,71.3359,14.1138
2026-07-16T04:10:00Z,73.4138,15.2828
2026-07-16T04:20:00Z,75.4956,16.4651
2026-07-16T04:30:00Z,77.5832,17.6592
2026-07-16T04:40:00Z,79.6787,18.8634
2026-07-16T04:50:00Z,81.7841,20.0761
2026-07-16T05:00:00Z,83.9017,21.2955
2026-07-16T05:10:00Z,86.0337,22.5201
2026-07-16T05:20:00Z,88.1826,23.7481
2026-07-16T05:30:00Z,90.351,24.9777
2026-07-16T05:40:00Z,92.5413,26.2072
2026-07-16T05:50:00Z,94.7564,27.4348
2026-07-16T06:00:00Z,96.999,28.6586
2026-07-16T06:10:00Z,99.2722,29.8765
2026-07-16T06:20:00Z,101.5788,31.0866
2026-07-16T06:30:00Z,103.9221,32.2867
2026-07-16T06:40:00Z,106.3052,33.4747
2026-07-16T06:50:00Z,108.7313,34.6482
2026-07-16T07:00:00Z,111.2038,35.8049
2026-07-16T07:10:00Z,113.726,36.9422
2026-07-16T07:20:00Z,116.3012,38.0575
2026-07-16T07:30:00Z,118.9326,39.148
2026-07-16T07:40:00Z,121.6234,40.2108
2026-07-16T07:50:00Z,124.3765,41.243
2026-07-16T08:00:00Z,127.1948,42.2414
2026-07-16T08:10:00Z,130.0806,43.2027
2026-07-16T08:20:00Z,133.0361,44.1235
2026-07-16T08:30:00Z,136.0627,45.0005
2026-07-16T08:40:00Z,139.1614,45.8301
2026-07-16T08:50:00Z,142.3324,46.6086
2026-07-16T09:00:00Z,145.575,47.3326
2026-07-16T09:10:00Z,148.8875,47.9984
2026-07-16T09:20:00Z,152.2674,48.6026
2026-07-16T09:30:00Z,155.7107,49.1419
2026-07-16T09:40:00Z,159.2127,49.6131
2026-07-16T09:50:00Z,162.767,50.0134
2026-07-16T10:00:00Z,166.3665,50.3402
2026-07-16T10:10:00Z,170.0029,50.5913
2026-07-16T10:20:00Z,173.6669,50.7652
2026-07-16T10:30:00Z,177.3487,50.8606
2026-07-16T10:40:00Z,181.0379,50.8768
2026-07-16T10:50:00Z,184.7241,50.8137
2026-07-16T11:00:00Z,188.3967,50.6718
2026-07-16T11:10:00Z,192.0457,50.452
2026-07-16T11:20:00Z,195.6615,50.1558
2026-07-16T11:30:00Z,199.2355,49.7851
2026-07-16T11:40:00Z,202.7599,49.3424
2026-07-16T11:50:00Z,206.2282,48.8304
2026-07-16T12:00:00Z,209.6348,48.2521
2026-07-16T12:10:00Z,212.9756,47.6108
2026-07-16T12:20:00Z,216.2473,46.9098
2026-07-16T12:30:00Z,219.4479,46.1527
2026-07-16T12:40:00Z,222.5765,45.3431
2026-07-16T12:50:00Z,225.6328,44.4845
2026-07-16T13:00:00Z,228.6174,43.5805
2026-07-16T13:10:00Z,231.5317,42.6347
2026-07-16T13:20:00Z,234.3775,41.6503
2026-07-16T13:30:00Z,237.1571,40.6307
2026-07-16T13:40:00Z,239.8731,39.5791
2026-07-16T13:50:00Z,242.5285,38.4986
2026-07-16T14:00:00Z,245.1263,37.3921
2026-07-16T14:10:00Z,247.6697,36.2623
2026-07-16T14:20:00Z,250.162,35.112
2026-07-16T14:30:00Z,252.6067,33.9438
2026-07-16T14:40:00Z,255.0068,32.7601
2026-07-16T14:50:00Z,257.3658,31.5632
2026-07-16T15:00:00Z,259.6869,30.3554
2026-07-16T15:10:00Z,261.9731,29.1388
2026-07-16T15:20:00Z,264.2277,27.9155
2026-07-16T15:30:00Z,266.4534,26.6875
2026-07-16T15:40:00Z,268.6532,25.4567
2026-07-16T15:50:00Z,270.8299,24.2249
2026-07-16T16:00:00Z,272.9862,22.994
2026-07-16T16:10:00Z,275.1245,21.7658
2026-07-16T16:20:00Z,277.2473,20.5418
2026-07-16T16:30:00Z,279.3571,19.3239
2026-07-16T16:40:00Z,281.456,18.1137
2026-07-16T16:50:00Z,283.5463,16.9129
2026-07-16T17:00:00Z,285.6299,15.723
2026-07-16T17:10:00Z,287.7088,14.5457
2026-07-16T17:20:00Z,289.785,13.3828
2026-07-16T17:30:00Z,291.8601,12.2358
2026-07-16T17:40:00Z,293.9359,11.1065
2026-07-16T17:50:00Z,296.014,9.9966
2026-07-16T18:00:00Z,298.0959,8.908
2026-07-16T18:10:00Z,300.1829,7.8427
2026-07-16T18:20:00Z,302.2764,6.8028
2026-07-16T18:30:00Z,304.3775,5.7906
2026-07-16T18:40:00Z,306.4875,4.8085
2026-07-16T18:50:00Z,308.6073,3.862
2026-07-16T19:00:00Z,310.7379,2.9537
2026-07-16T19:10:00Z,312.8799,2.089
2026-07-16T19:20:00Z,315.0342,1.2756
2026-07-16T19:30:00Z,317.2012,0.5223
2026-07-17T01:40:00Z,41.8424,0.1745
2026-07-17T01:50:00Z,44.0168,0.8944
2026-07-17T02:00:00Z,46.1782,1.6789
2026-07-17T02:10:00Z,48.3272,2.519
2026-07-17T02:20:00Z,50.4644,3.4062
2026-07-17T02:30:00Z,52.5905,4.3338
2026-07-17T02:40:00Z,54.7065,5.2984
2026-07-17T02:50:00Z,56.8132,6.2954
2026-07-17T03:00:00Z,58.9117,7.3213
2026-07-17T03:10:00Z,61.0032,8.3737
2026-07-17T03:20:00Z,63.089,9.4503
2026-07-17T03:30:00Z,65.1704,10.5491
2026-07-17T03:40:00Z,67.2488,11.6681
2026-07-17T03:50:00Z,69.3259,12.8056
2026-07-17T04:00:00Z,71.4033,13.9599
2026-07-17T04:10:00Z,73.4827,15.1292
2026-07-17T04:20:00Z,75.5659,16.3118
2026-07-17T04:30:00Z,77.6548,17.5062
2026-07-17T04:40:00Z,79.7515,18.7106
2026-07-17T04:50:00Z,81.8581,19.9234
2026-07-17T05:00:00Z,83.9768,21.143
2026-07-17T05:10:00Z,86.1099,22.3677
2026-07-17T05:20:00Z,88.2597,23.5957
2026-07-17T05:30:00Z,90.4289,24.8253
2026-07-17T05:40:00Z,92.62,26.0547
2026-07-17T05:50:00Z,94.8357,27.2822
2026-07-17T06:00:00Z,97.0788,28.5057
2026-07-17T06:10:00Z,99.3523,29.7233
2026-07-17T06:20:00Z,101.6592,30.933
2026-07-17T06:30:00Z,104.0026,32.1328
2026-07-17T06:40:00Z,106.3855,33.3203
2026-07-17T06:50:00Z,108.8114,34.4932
2026-07-17T07:00:00Z,111.2833,35.6493
2026-07-17T07:10:00Z,113.8047,36.7859
2026-07-17T07:20:00Z,116.3788,37.9004
2026-07-17T07:30:00Z,119.0088,38.9901
2026-07-17T07:40:00Z,121.6979,40.0521
2026-07-17T07:50:00Z,124.449,41.0834
2026-07-17T08:00:00Z,127.2648,42.0808
2026-07-17T08:10:00Z,130.1478,43.0411
2026-07-17T08:20:00Z,133.0999,43.961
2026-07-17T08:30:00Z,136.1226,44.8371
2026-07-17T08:40:00Z,139.2169,45.6657
2026-07-17T08:50:00Z,142.383,46.4433
2026-07-17T09:00:00Z,145.62,47.1664
2026-07-17T09:10:00Z,148.9265,47.8314
2026-07-17T09:20:00Z,152.2998,48.4349
2026-07-17T09:30:00Z,155.736,48.9736
2026-07-17T09:40:00Z,159.2303,49.4443
2026-07-17T09:50:00Z,162.7766,49.8443
2026-07-17T10:00:00Z,166.3676,50.1709
2026-07-17T10:10:00Z,169.9952,50.4221
2026-07-17T10:20:00Z,173.6503,50.5962
2026-07-17T10:30:00Z,177.323,50.692
2026-07-17T10:40:00Z,181.0032,50.7088
2026-07-17T10:50:00Z,184.6805,50.6465
2026-07-17T11:00:00Z,188.3444,50.5056
2026-07-17T11:10:00Z,191.9849,50.2869
2026-07-17T11:20:00Z,195.5928,49.992
2026-07-17T11:30:00Z,199.1593,49.6229
2026-07-17T11:40:00Z,202.6767,49.1817
2026-07-17T11:50:00Z,206.1386,48.6714
2026-07-17T12:00:00Z,209.5395,48.0948
2026-07-17T12:10:00Z,212.8751,47.4552
2026-07-17T12:20:00Z,216.1422,46.756
2026-07-17T12:30:00Z,219.3389,46.0007
2026-07-17T12:40:00Z,222.464,45.1928
2026-07-17T12:50:00Z,225.5174,44.3359
2026-07-17T13:00:00Z,228.4996,43.4336
2026-07-17T13:10:00Z,231.4119,42.4894
2026-07-17T13:20:00Z,234.2562,41.5065
2026-07-17T13:30:00Z,237.0346,40.4884
2026-07-17T13:40:00Z,239.7498,39.4381
2026-07-17T13:50:00Z,242.4046,38.3588
2026-07-17T14:00:00Z,245.0021,37.2534
2026-07-17T14:10:00Z,247.5455,36.1247
2026-07-17T14:20:00Z,250.0381,34.9754
2026-07-17T14:30:00Z,252.483,33.808
2026-07-17T14:40:00Z,254.8837,32.625
2026-07-17T14:50:00Z,257.2433,31.4287
2026-07-17T15:00:00Z,259.5651,30.2213
2026-07-17T15:10:00Z,261.8522,29.0051
2026-07-17T15:20:00Z,264.1077,27.7821
2026-07-17T15:30:00Z,266.3344,26.5543
2026-07-17T15:40:00Z,268.5353,25.3236
2026-07-17T15:50:00Z,270.7132,24.0918
2026-07-17T16:00:00Z,272.8706,22.8608
2026-07-17T16:10:00Z,275.0101,21.6324
2026-07-17T16:20:00Z,277.1343,20.4081
2026-07-17T16:30:00Z,279.2454,19.1899
2026-07-17T16:40:00Z,281.3456,17.9793
2026-07-17T16:50:00Z,283.4373,16.7779
2026-07-17T17:00:00Z,285.5223,15.5875
2026-07-17T17:10:00Z,287.6027,14.4096
2026-07-17T17:20:00Z,289.6804,13.246
2026-07-17T17:30:00Z,291.7571,12.0983
2026-07-17T17:40:00Z,293.8346,10.9682
2026-07-17T17:50:00Z,295.9143,9.8576
2026-07-17T18:00:00Z,297.9979,8.7683
2026-07-17T18:10:00Z,300.0867,7.7023
2026-07-17T18:20:00Z,302.182,6.6618
2026-07-17T18:30:00Z,304.2851,5.6491
2026-07-17T18:40:00Z,306.397,4.6669
2026-07-17T18:50:00Z,308.5188,3.7208
2026-07-17T19:00:00Z,310.6515,2.8133
2026-07-17T19:10:00Z,312.7957,1.9504
2026-07-17T19:20:00Z,314.9522,1.1404
2026-07-17T19:30:00Z,317.1216,0.3924
2026-07-18T01:40:00Z,41.8853,0.0356
2026-07-18T01:50:00Z,44.0623,0.748
2026-07-18T02:00:00Z,46.2263,1.5271
2026-07-18T02:10:00Z,48.3777,2.3635
2026-07-18T02:20:00Z,50.5173,3.2486
2026-07-18T02:30:00Z,52.6457,4.175
2026-07-18T02:40:00Z,54.7639,5.1383
2026-07-18T02:50:00Z,56.8727,6.1356
2026-07-18T03:00:00Z,58.9733,7.1615
2026-07-18T03:10:00Z,61.0667,8.214
2026-07-18T03:20:00Z,63.1544,9.2909
2026-07-18T03:30:00Z,65.2376,10.3899
2026-07-18T03:40:00Z,67.3178,11.5093
2026-07-18T03:50:00Z,69.3966,12.6472
2026-07-18T04:00:00Z,71.4755,13.8018
2026-07-18T04:10:00Z,73.5564,14.9715
2026-07-18T04:20:00Z,75.641,16.1544
2026-07-18T04:30:00Z,77.7314,17.349
2026-07-18T04:40:00Z,79.8294,18.5537
2026-07-18T04:50:00Z,81.9372,19.7667
2026-07-18T05:00:00Z,84.057,20.9865
2026-07-18T05:10:00Z,86.1911,22.2112
2026-07-18T05:20:00Z,88.3419,23.4392
2026-07-18T05:30:00Z,90.512,24.6688
2026-07-18T05:40:00Z,92.7038,25.8982
2026-07-18T05:50:00Z,94.9202,27.1254
2026-07-18T06:00:00Z,97.1639,28.3487
2026-07-18T06:10:00Z,99.4378,29.566
2026-07-18T06:20:00Z,101.745,30.7754
2026-07-18T06:30:00Z,104.0884,31.9747
2026-07-18T06:40:00Z,106.4713,33.1616
2026-07-18T06:50:00Z,108.8968,34.334
2026-07-18T07:00:00Z,111.3683,35.4894
2026-07-18T07:10:00Z,113.8889,36.6253
2026-07-18T07:20:00Z,116.4619,37.739
2026-07-18T07:30:00Z,119.0906,38.8278
2026-07-18T07:40:00Z,121.778,39.8889
2026-07-18T07:50:00Z,124.527,40.9192
2026-07-18T08:00:00Z,127.3403,41.9156
2026-07-18T08:10:00Z,130.2203,42.8749
2026-07-18T08:20:00Z,133.169,43.7938
2026-07-18T08:30:00Z,136.1879,44.6688
2026-07-18T08:40:00Z,139.2778,45.4963
2026-07-18T08:50:00Z,142.4388,46.2729
2026-07-18T09:00:00Z,145.6703,46.9951
2026-07-18T09:10:00Z,148.9706,47.6592
2026-07-18T09:20:00Z,152.3371,48.2619
2026-07-18T09:30:00Z,155.7661,48.7999
2026-07-18T09:40:00Z,159.2526,49.2701
2026-07-18T09:50:00Z,162.7906,49.6696
2026-07-18T10:00:00Z,166.373,49.996
2026-07-18T10:10:00Z,169.9916,50.2472
2026-07-18T10:20:00Z,173.6375,50.4214
2026-07-18T10:30:00Z,177.301,50.5175
2026-07-18T10:40:00Z,180.9719,50.5349
2026-07-18T10:50:00Z,184.6399,50.4733
2026-07-18T11:00:00Z,188.2948,50.3333
2026-07-18T11:10:00Z,191.9268,50.1157
2026-07-18T11:20:00Z,195.5264,49.8221
2026-07-18T11:30:00Z,199.0851,49.4543
2026-07-18T11:40:00Z,202.5953,49.0147
2026-07-18T11:50:00Z,206.0505,48.506
2026-07-18T12:00:00Z,209.4454,47.9311
2026-07-18T12:10:00Z,212.7755,47.2932
2026-07-18T12:20:00Z,216.0378,46.5958
2026-07-18T12:30:00Z,219.2303,45.8422
2026-07-18T12:40:00Z,222.3518,45.0361
2026-07-18T12:50:00Z,225.402,44.181
2026-07-18T13:00:00Z,228.3817,43.2804
2026-07-18T13:10:00Z,231.2919,42.3377
2026-07-18T13:20:00Z,234.1345,41.3564
2026-07-18T13:30:00Z,236.9116,40.3397
2026-07-18T13:40:00Z,239.6258,39.2908
2026-07-18T13:50:00Z,242.28,38.2128
2026-07-18T14:00:00Z,244.8771,37.1085
2026-07-18T14:10:00Z,247.4204,35.9808
2026-07-18T14:20:00Z,249.913,34.8324
2026-07-18T14:30:00Z,252.3583,33.6658
2026-07-18T14:40:00Z,254.7594,32.4835
2026-07-18T14:50:00Z,257.1196,31.2879
2026-07-18T15:00:00Z,259.4421,30.0811
2026-07-18T15:10:00Z,261.73,28.8653
2026-07-18T15:20:00Z,263.9864,27.6425
2026-07-18T15:30:00Z,266.2141,26.4149
2026-07-18T15:40:00Z,268.4161,25.1843
2026-07-18T15:50:00Z,270.5951,23.9525
2026-07-18T16:00:00Z,272.7537,22.7214
2026-07-18T16:10:00Z,274.8945,21.4928
2026-07-18T16:20:00Z,277.0199,20.2683
2026-07-18T16:30:00Z,279.1323,19.0497
2026-07-18T16:40:00Z,281.234,17.8386
2026-07-18T16:50:00Z,283.3271,16.6368
2026-07-18T17:00:00Z,285.4136,15.4458
2026-07-18T17:10:00Z,287.4955,14.2673
2026-07-18T17:20:00Z,289.5748,13.103
2026-07-18T17:30:00Z,291.6531,11.9546
2026-07-18T17:40:00Z,293.7322,10.8238
2026-07-18T17:50:00Z,295.8136,9.7125
2026-07-18T18:00:00Z,297.899,8.6225
2026-07-18T18:10:00Z,299.9896,7.5558
2026-07-18T18:20:00Z,302.0868,6.5147
2026-07-18T18:30:00Z,304.1918,5.5016
2026-07-18T18:40:00Z,306.3058,4.5196
2026-07-18T18:50:00Z,308.4298,3.5738
2026-07-18T19:00:00Z,310.5646,2.6673
2026-07-18T19:10:00Z,312.7111,1.8068
2026-07-18T19:20:00Z,314.8699,1.0007
2026-07-18T19:30:00Z,317.0417,0.2586
2026-07-19T01:50:00Z,44.1118,0.5988
2026-07-19T02:00:00Z,46.2785,1.3719
2026-07-19T02:10:00Z,48.4325,2.2044
2026-07-19T02:20:00Z,50.5745,3.0871
2026-07-19T02:30:00Z,52.7053,4.0122
2026-07-19T02:40:00Z,54.8257,4.9745
2026-07-19T02:50:00Z,56.9367,5.9715
2026-07-19T03:00:00Z,59.0394,6.9974
2026-07-19T03:10:00Z,61.1348,8.0501
2026-07-19T03:20:00Z,63.2244,9.1272
2026-07-19T03:30:00Z,65.3095,10.2267
2026-07-19T03:40:00Z,67.3915,11.3464
2026-07-19T03:50:00Z,69.4719,12.4847
2026-07-19T04:00:00Z,71.5525,13.6397
2026-07-19T04:10:00Z,73.635,14.8097
2026-07-19T04:20:00Z,75.7211,15.993
2026-07-19T04:30:00Z,77.8128,17.1879
2026-07-19T04:40:00Z,79.9122,18.3928
2026-07-19T04:50:00Z,82.0212,19.606
2026-07-19T05:00:00Z,84.1422,20.8259
2026-07-19T05:10:00Z,86.2774,22.0508
2026-07-19T05:20:00Z,88.4293,23.2788
2026-07-19T05:30:00Z,90.6002,24.5084
2026-07-19T05:40:00Z,92.7929,25.7376
2026-07-19T05:50:00Z,95.0099,26.9647
2026-07-19T06:00:00Z,97.2542,28.1877
2026-07-19T06:10:00Z,99.5286,29.4047
2026-07-19T06:20:00Z,101.836,30.6137
2026-07-19T06:30:00Z,104.1796,31.8125
2026-07-19T06:40:00Z,106.5624,32.9989
2026-07-19T06:50:00Z,108.9877,34.1706
2026-07-19T07:00:00Z,111.4586,35.3253
2026-07-19T07:10:00Z,113.9785,36.4604
2026-07-19T07:20:00Z,116.5505,37.5733
2026-07-19T07:30:00Z,119.1778,38.6612
2026-07-19T07:40:00Z,121.8635,39.7213
2026-07-19T07:50:00Z,124.6104,40.7506
2026-07-19T08:00:00Z,127.4213,41.7459
2026-07-19T08:10:00Z,130.2983,42.7041
2026-07-19T08:20:00Z,133.2436,43.6219
2026-07-19T08:30:00Z,136.2585,44.4957
2026-07-19T08:40:00Z,139.3438,45.3221
2026-07-19T08:50:00Z,142.4998,46.0976
2026-07-19T09:00:00Z,145.7256,46.8187
2026-07-19T09:10:00Z,149.0197,47.4819
2026-07-19T09:20:00Z,152.3793,48.0837
2026-07-19T09:30:00Z,155.8009,48.6209
2026-07-19T09:40:00Z,159.2795,49.0904
2026-07-19T09:50:00Z,162.8091,49.4895
2026-07-19T10:00:00Z,166.3826,49.8155
2026-07-19T10:10:00Z,169.9921,50.0665
2026-07-19T10:20:00Z,173.6286,50.2408
2026-07-19T10:30:00Z,177.2825,50.3372
2026-07-19T10:40:00Z,180.9439,50.355
2026-07-19T10:50:00Z,184.6025,50.2941
2026-07-19T11:00:00Z,188.2482,50.1549
2026-07-19T11:10:00Z,191.8712,49.9384
2026-07-19T11:20:00Z,195.4623,49.646
2026-07-19T11:30:00Z,199.0129,49.2796
2026-07-19T11:40:00Z,202.5157,48.8414
2026-07-19T11:50:00Z,205.964,48.3343
2026-07-19T12:00:00Z,209.3525,47.761
2026-07-19T12:10:00Z,212.677,47.1249
2026-07-19T12:20:00Z,215.9343,46.4292
2026-07-19T12:30:00Z,219.1223,45.6774
2026-07-19T12:40:00Z,222.2399,44.8731
2026-07-19T12:50:00Z,225.2869,44.0197
2026-07-19T13:00:00Z,228.2638,43.1207
2026-07-19T13:10:00Z,231.1717,42.1797
2026-07-19T13:20:00Z,234.0125,41.1999
2026-07-19T13:30:00Z,236.7881,40.1846
2026-07-19T13:40:00Z,239.5013,39.1371
2026-07-19T13:50:00Z,242.1547,38.0604
2026-07-19T14:00:00Z,244.7514,36.9573
2026-07-19T14:10:00Z,247.2945,35.8307
2026-07-19T14:20:00Z,249.7871,34.6832
2026-07-19T14:30:00Z,252.2325,33.5175
2026-07-19T14:40:00Z,254.634,32.3359
2026-07-19T14:50:00Z,256.9948,31.1408
2026-07-19T15:00:00Z,259.318,29.9345
2026-07-19T15:10:00Z,261.6067,28.7191
2026-07-19T15:20:00Z,263.8639,27.4967
2026-07-19T15:30:00Z,266.0926,26.2693
2026-07-19T15:40:00Z,268.2957,25.0388
2026-07-19T15:50:00Z,270.4758,23.807
2026-07-19T16:00:00Z,272.6356,22.5758
2026-07-19T16:10:00Z,274.7776,21.347
2026-07-19T16:20:00Z,276.9044,20.1222
2026-07-19T16:30:00Z,279.0181,18.9033
2026-07-19T16:40:00Z,281.1212,17.6918
2026-07-19T16:50:00Z,283.2157,16.4895
2026-07-19T17:00:00Z,285.3038,15.2979
2026-07-19T17:10:00Z,287.3873,14.1188
2026-07-19T17:20:00Z,289.4681,12.9539
2026-07-19T17:30:00Z,291.5481,11.8048
2026-07-19T17:40:00Z,293.6289,10.6733
2026-07-19T17:50:00Z,295.7121,9.5613
2026-07-19T18:00:00Z,297.7992,8.4706
2026-07-19T18:10:00Z,299.8917,7.4033
2026-07-19T18:20:00Z,301.9909,6.3616
2026-07-19T18:30:00Z,304.098,5.3482
2026-07-19T18:40:00Z,306.214,4.3664
2026-07-19T18:50:00Z,308.3402,3.4212
2026-07-19T19:00:00Z,310.4772,2.516
2026-07-19T19:10:00Z,312.6261,1.6582
2026-07-19T19:20:00Z,314.7874,0.8566
2026-07-19T19:30:00Z,316.9617,0.1213
2026-07-20T01:50:00Z,44.1655,0.4473
2026-07-20T02:00:00Z,46.3348,1.2137
2026-07-20T02:10:00Z,48.4914,2.0418
2026-07-20T02:20:00Z,50.636,2.9218
2026-07-20T02:30:00Z,52.7692,3.8454
2026-07-20T02:40:00Z,54.8919,4.8068
2026-07-20T02:50:00Z,57.0051,5.8033
2026-07-20T03:00:00Z,59.11,6.8293
2026-07-20T03:10:00Z,61.2075,7.8821
2026-07-20T03:20:00Z,63.2991,8.9595
2026-07-20T03:30:00Z,65.386,10.0593
2026-07-20T03:40:00Z,67.4698,11.1795
2026-07-20T03:50:00Z,69.552,12.3182
2026-07-20T04:00:00Z,71.6343,13.4735
2026-07-20T04:10:00Z,73.7183,14.6439
2026-07-20T04:20:00Z,75.806,15.8276
2026-07-20T04:30:00Z,77.8992,17.0228
2026-07-20T04:40:00Z,79.9999,18.228
2026-07-20T04:50:00Z,82.1102,19.4414
2026-07-20T05:00:00Z,84.2324,20.6615
2026-07-20T05:10:00Z,86.3688,21.8864
2026-07-20T05:20:00Z,88.5217,23.1145
2026-07-20T05:30:00Z,90.6936,24.344
2026-07-20T05:40:00Z,92.8871,25.5731
2026-07-20T05:50:00Z,95.1049,26.8
2026-07-20T06:00:00Z,97.3497,28.0228
2026-07-20T06:10:00Z,99.6246,29.2395
2026-07-20T06:20:00Z,101.9323,30.448
2026-07-20T06:30:00Z,104.2761,31.6463
2026-07-20T06:40:00Z,106.6588,32.8321
2026-07-20T06:50:00Z,109.0839,34.0032
2026-07-20T07:00:00Z,111.5544,35.1571
2026-07-20T07:10:00Z,114.0735,36.2914
2026-07-20T07:20:00Z,116.6445,37.4033
2026-07-20T07:30:00Z,119.2705,38.4903
2026-07-20T07:40:00Z,121.9545,39.5493
2026-07-20T07:50:00Z,124.6993,40.5775
2026-07-20T08:00:00Z,127.5076,41.5717
2026-07-20T08:10:00Z,130.3817,42.5288
2026-07-20T08:20:00Z,133.3235,43.4453
2026-07-20T08:30:00Z,136.3344,44.3179
2026-07-20T08:40:00Z,139.4152,45.1431
2026-07-20T08:50:00Z,142.566,45.9175
2026-07-20T09:00:00Z,145.786,46.6374
2026-07-20T09:10:00Z,149.0738,47.2995
2026-07-20T09:20:00Z,152.4265,47.9003
2026-07-20T09:30:00Z,155.8405,48.4366
2026-07-20T09:40:00Z,159.311,48.9054
2026-07-20T09:50:00Z,162.832,49.3039
2026-07-20T10:00:00Z,166.3965,49.6295
2026-07-20T10:10:00Z,169.9967,49.8803
2026-07-20T10:20:00Z,173.6236,50.0545
2026-07-20T10:30:00Z,177.2677,50.1511
2026-07-20T10:40:00Z,180.9193,50.1692
2026-07-20T10:50:00Z,184.5683,50.1089
2026-07-20T11:00:00Z,188.2045,49.9706
2026-07-20T11:10:00Z,191.8183,49.755
2026-07-20T11:20:00Z,195.4006,49.4638
2026-07-20T11:30:00Z,198.943,49.0986
2026-07-20T11:40:00Z,202.438,48.662
2026-07-20T11:50:00Z,205.8791,48.1564
2026-07-20T12:00:00Z,209.2611,47.5848
2026-07-20T12:10:00Z,212.5797,46.9503
2026-07-20T12:20:00Z,215.8317,46.2564
2026-07-20T12:30:00Z,219.0151,45.5064
2026-07-20T12:40:00Z,222.1286,44.7037
2026-07-20T12:50:00Z,225.1721,43.852
2026-07-20T13:00:00Z,228.1461,42.9548
2026-07-20T13:10:00Z,231.0516,42.0153
2026-07-20T13:20:00Z,233.8903,41.0371
2026-07-20T13:30:00Z,236.6644,40.0233
2026-07-20T13:40:00Z,239.3763,38.9772
2026-07-20T13:50:00Z,242.0289,37.9017
2026-07-20T14:00:00Z,244.625,36.7998
2026-07-20T14:10:00Z,247.1678,35.6742
2026-07-20T14:20:00Z,249.6603,34.5277
2026-07-20T14:30:00Z,252.1059,33.3629
2026-07-20T14:40:00Z,254.5078,32.182
2026-07-20T14:50:00Z,256.869,30.9876
2026-07-20T15:00:00Z,259.1928,29.7818
2026-07-20T15:10:00Z,261.4823,28.5669
2026-07-20T15:20:00Z,263.7404,27.3448
2026-07-20T15:30:00Z,265.9701,26.1175
2026-07-20T15:40:00Z,268.1742,24.8871
2026-07-20T15:50:00Z,270.3554,23.6554
2026-07-20T16:00:00Z,272.5164,22.4241
2026-07-20T16:10:00Z,274.6597,21.1951
2026-07-20T16:20:00Z,276.7877,19.9701
2026-07-20T16:30:00Z,278.9029,18.7508
2026-07-20T16:40:00Z,281.0074,17.5389
2026-07-20T16:50:00Z,283.1034,16.3361
2026-07-20T17:00:00Z,285.1929,15.144
2026-07-20T17:10:00Z,287.278,13.9643
2026-07-20T17:20:00Z,289.3605,12.7987
2026-07-20T17:30:00Z,291.4421,11.6489
2026-07-20T17:40:00Z,293.5247,10.5167
2026-07-20T17:50:00Z,295.6097,9.404
2026-07-20T18:00:00Z,297.6987,8.3126
2026-07-20T18:10:00Z,299.7932,7.2447
2026-07-20T18:20:00Z,301.8944,6.2026
2026-07-20T18:30:00Z,304.0035,5.1889
2026-07-20T18:40:00Z,306.1218,4.2075
2026-07-20T18:50:00Z,308.2501,3.263
2026-07-20T19:00:00Z,310.3896,2.3595
2026-07-20T19:10:00Z,312.5408,1.5048
2026-07-20T19:20:00Z,314.7047,0.7084
2026-07-21T01:50:00Z,44.2233,0.2938
2026-07-21T02:00:00Z,46.3954,1.0528
2026-07-21T02:10:00Z,48.5547,1.8758
2026-07-21T02:20:00Z,50.7018,2.7528
2026-07-21T02:30:00Z,52.8374,3.6747
2026-07-21T02:40:00Z,54.9625,4.6352
2026-07-21T02:50:00Z,57.0781,5.6311
2026-07-21T03:00:00Z,59.1851,6.6571
2026-07-21T03:10:00Z,61.2847,7.7101
2026-07-21T03:20:00Z,63.3783,8.7878
2026-07-21T03:30:00Z,65.4672,9.888
2026-07-21T03:40:00Z,67.5529,11.0086
2026-07-21T03:50:00Z,69.6369,12.1477
2026-07-21T04:00:00Z,71.7208,13.3035
2026-07-21T04:10:00Z,73.8065,14.4742
2026-07-21T04:20:00Z,75.8957,15.6583
2026-07-21T04:30:00Z,77.9904,16.8538
2026-07-21T04:40:00Z,80.0925,18.0593
2026-07-21T04:50:00Z,82.2042,19.273
2026-07-21T05:00:00Z,84.3277,20.4932
2026-07-21T05:10:00Z,86.4652,21.7182
2026-07-21T05:20:00Z,88.6191,22.9464
2026-07-21T05:30:00Z,90.792,24.1758
2026-07-21T05:40:00Z,92.9864,25.4048
2026-07-21T05:50:00Z,95.205,26.6315
2026-07-21T06:00:00Z,97.4505,27.854
2026-07-21T06:10:00Z,99.7258,29.0703
2026-07-21T06:20:00Z,102.0339,30.2784
2026-07-21T06:30:00Z,104.3778,31.4762
2026-07-21T06:40:00Z,106.7606,32.6614
2026-07-21T06:50:00Z,109.1854,33.8317
2026-07-21T07:00:00Z,111.6554,34.9848
2026-07-21T07:10:00Z,114.1739,36.1182
2026-07-21T07:20:00Z,116.7438,37.2292
2026-07-21T07:30:00Z,119.3685,38.3151
2026-07-21T07:40:00Z,122.0508,39.3731
2026-07-21T07:50:00Z,124.7935,40.4001
2026-07-21T08:00:00Z,127.5993,41.3931
2026-07-21T08:10:00Z,130.4704,42.3489
2026-07-21T08:20:00Z,133.4087,43.2641
2026-07-21T08:30:00Z,136.4156,44.1354
2026-07-21T08:40:00Z,139.4917,44.9594
2026-07-21T08:50:00Z,142.6373,45.7324
2026-07-21T09:00:00Z,145.8515,46.4512
2026-07-21T09:10:00Z,149.1328,47.1121
2026-07-21T09:20:00Z,152.4785,47.7118
2026-07-21T09:30:00Z,155.8848,48.2472
2026-07-21T09:40:00Z,159.3471,48.7151
2026-07-21T09:50:00Z,162.8593,49.1129
2026-07-21T10:00:00Z,166.4147,49.438
2026-07-21T10:10:00Z,170.0053,49.6885
2026-07-21T10:20:00Z,173.6224,49.8626
2026-07-21T10:30:00Z,177.2567,49.9592
2026-07-21T10:40:00Z,180.8983,49.9777
2026-07-21T10:50:00Z,184.5373,49.9179
2026-07-21T11:00:00Z,188.1638,49.7803
2026-07-21T11:10:00Z,191.7682,49.5657
2026-07-21T11:20:00Z,195.3414,49.2755
2026-07-21T11:30:00Z,198.8753,48.9116
2026-07-21T11:40:00Z,202.3623,48.4764
2026-07-21T11:50:00Z,205.796,47.9723
2026-07-21T12:00:00Z,209.1712,47.4023
2026-07-21T12:10:00Z,212.4836,46.7696
2026-07-21T12:20:00Z,215.7302,46.0773
2026-07-21T12:30:00Z,218.9086,45.329
2026-07-21T12:40:00Z,222.018,44.5281
2026-07-21T12:50:00Z,225.0578,43.6782
2026-07-21T13:00:00Z,228.0286,42.7825
2026-07-21T13:10:00Z,230.9315,41.8447
2026-07-21T13:20:00Z,233.7681,40.868
2026-07-21T13:30:00Z,236.5405,39.8557
2026-07-21T13:40:00Z,239.2511,38.811
2026-07-21T13:50:00Z,241.9027,37.7368
2026-07-21T14:00:00Z,244.4981,36.6361
2026-07-21T14:10:00Z,247.0405,35.5116
2026-07-21T14:20:00Z,249.5329,34.3661
2026-07-21T14:30:00Z,251.9786,33.2021
2026-07-21T14:40:00Z,254.3807,32.022
2026-07-21T14:50:00Z,256.7424,30.8282
2026-07-21T15:00:00Z,259.0668,29.623
2026-07-21T15:10:00Z,261.3569,28.4084
2026-07-21T15:20:00Z,263.6159,27.1867
2026-07-21T15:30:00Z,265.8465,25.9596
2026-07-21T15:40:00Z,268.0516,24.7293
2026-07-21T15:50:00Z,270.234,23.4976
2026-07-21T16:00:00Z,272.3961,22.2663
2026-07-21T16:10:00Z,274.5407,21.0371
2026-07-21T16:20:00Z,276.6701,19.8118
2026-07-21T16:30:00Z,278.7866,18.5922
2026-07-21T16:40:00Z,280.8925,17.3799
2026-07-21T16:50:00Z,282.99,16.1766
2026-07-21T17:00:00Z,285.0811,14.9839
2026-07-21T17:10:00Z,287.1678,13.8037
2026-07-21T17:20:00Z,289.252,12.6374
2026-07-21T17:30:00Z,291.3354,11.487
2026-07-21T17:40:00Z,293.4197,10.3541
2026-07-21T17:50:00Z,295.5066,9.2407
2026-07-21T18:00:00Z,297.5976,8.1487
2026-07-21T18:10:00Z,299.694,7.0802
2026-07-21T18:20:00Z,301.7973,6.0377
2026-07-21T18:30:00Z,303.9086,5.0234
2026-07-21T18:40:00Z,306.029,4.043
2026-07-21T18:50:00Z,308.1597,3.0993
2026-07-21T19:00:00Z,310.3016,2.1978
2026-07-21T19:10:00Z,312.4554,1.3469
2026-07-21T19:20:00Z,314.6218,0.5565
2026-07-22T01:50:00Z,44.2852,0.1385
2026-07-22T02:00:00Z,46.4601,0.8894
2026-07-22T02:10:00Z,48.6221,1.7069
2026-07-22T02:20:00Z,50.7719,2.5803
2026-07-22T02:30:00Z,52.9101,3.5004
2026-07-22T02:40:00Z,55.0376,4.4597
2026-07-22T02:50:00Z,57.1554,5.455
2026-07-22T03:00:00Z,59.2647,6.4809
2026-07-22T03:10:00Z,61.3665,7.5341
2026-07-22T03:20:00Z,63.4622,8.6121
2026-07-22T03:30:00Z,65.553,9.7127
2026-07-22T03:40:00Z,67.6406,10.8337
2026-07-22T03:50:00Z,69.7264,11.9733
2026-07-22T04:00:00Z,71.8121,13.1296
2026-07-22T04:10:00Z,73.8995,14.3008
2026-07-22T04:20:00Z,75.9903,15.4852
2026-07-22T04:30:00Z,78.0865,16.6811
2026-07-22T04:40:00Z,80.19,17.8869
2026-07-22T04:50:00Z,82.3031,19.1008
2026-07-22T05:00:00Z,84.4278,20.3212
2026-07-22T05:10:00Z,86.5666,21.5463
2026-07-22T05:20:00Z,88.7216,22.7745
2026-07-22T05:30:00Z,90.8955,24.0039
2026-07-22T05:40:00Z,93.0908,25.2328
2026-07-22T05:50:00Z,95.3102,26.4593
2026-07-22T06:00:00Z,97.5564,27.6814
2026-07-22T06:10:00Z,99.8322,28.8974
2026-07-22T06:20:00Z,102.1407,30.105
2026-07-22T06:30:00Z,104.4848,31.3021
2026-07-22T06:40:00Z,106.8676,32.4867
2026-07-22T06:50:00Z,109.2922,33.6563
2026-07-22T07:00:00Z,111.7618,34.8086
2026-07-22T07:10:00Z,114.2795,35.941
2026-07-22T07:20:00Z,116.8485,37.051
2026-07-22T07:30:00Z,119.4718,38.1359
2026-07-22T07:40:00Z,122.1524,39.1927
2026-07-22T07:50:00Z,124.8931,40.2185
2026-07-22T08:00:00Z,127.6963,41.2102
2026-07-22T08:10:00Z,130.5644,42.1646
2026-07-22T08:20:00Z,133.4992,43.0785
2026-07-22T08:30:00Z,136.5019,43.9484
2026-07-22T08:40:00Z,139.5734,44.771
2026-07-22T08:50:00Z,142.7137,45.5427
2026-07-22T09:00:00Z,145.9221,46.2601
2026-07-22T09:10:00Z,149.1968,46.9197
2026-07-22T09:20:00Z,152.5353,47.5183
2026-07-22T09:30:00Z,155.9338,48.0526
2026-07-22T09:40:00Z,159.3877,48.5196
2026-07-22T09:50:00Z,162.8912,48.9166
2026-07-22T10:00:00Z,166.4372,49.2411
2026-07-22T10:10:00Z,170.0181,49.4912
2026-07-22T10:20:00Z,173.6252,49.6651
2026-07-22T10:30:00Z,177.2493,49.7617
2026-07-22T10:40:00Z,180.8807,49.7805
2026-07-22T10:50:00Z,184.5096,49.7211
2026-07-22T11:00:00Z,188.1261,49.5841
2026-07-22T11:10:00Z,191.7209,49.3704
2026-07-22T11:20:00Z,195.2849,49.0813
2026-07-22T11:30:00Z,198.8099,48.7186
2026-07-22T11:40:00Z,202.2886,48.2847
2026-07-22T11:50:00Z,205.7147,47.7821
2026-07-22T12:00:00Z,209.0829,47.2137
2026-07-22T12:10:00Z,212.389,46.5826
2026-07-22T12:20:00Z,215.6298,45.8921
2026-07-22T12:30:00Z,218.8032,45.1455
2026-07-22T12:40:00Z,221.9081,44.3463
2026-07-22T12:50:00Z,224.944,43.4981
2026-07-22T13:00:00Z,227.9115,42.6041
2026-07-22T13:10:00Z,230.8116,41.6679
2026-07-22T13:20:00Z,233.6459,40.6928
2026-07-22T13:30:00Z,236.4165,39.682
2026-07-22T13:40:00Z,239.1256,38.6386
2026-07-22T13:50:00Z,241.7761,37.5657
2026-07-22T14:00:00Z,244.3708,36.4661
2026-07-22T14:10:00Z,246.9127,35.3428
2026-07-22T14:20:00Z,249.4049,34.1983
2026-07-22T14:30:00Z,251.8506,33.0351
2026-07-22T14:40:00Z,254.2529,31.8558
2026-07-22T14:50:00Z,256.6149,30.6627
2026-07-22T15:00:00Z,258.9399,29.458
2026-07-22T15:10:00Z,261.2308,28.2439
2026-07-22T15:20:00Z,263.4905,27.0224
2026-07-22T15:30:00Z,265.7221,25.7957
2026-07-22T15:40:00Z,267.9282,24.5655
2026-07-22T15:50:00Z,270.1116,23.3338
2026-07-22T16:00:00Z,272.275,22.1024
2026-07-22T16:10:00Z,274.4208,20.873
2026-07-22T16:20:00Z,276.5515,19.6475
2026-07-22T16:30:00Z,278.6694,18.4276
2026-07-22T16:40:00Z,280.7768,17.2149
2026-07-22T16:50:00Z,282.8758,16.0111
2026-07-22T17:00:00Z,284.9685,14.8179
2026-07-22T17:10:00Z,287.0569,13.637
2026-07-22T17:20:00Z,289.1427,12.4701
2026-07-22T17:30:00Z,291.2279,11.319
2026-07-22T17:40:00Z,293.314,10.1855
2026-07-22T17:50:00Z,295.4028,9.0714
2026-07-22T18:00:00Z,297.4958,7.9788
2026-07-22T18:10:00Z,299.5943,6.9098
2026-07-22T18:20:00Z,301.6996,5.867
2026-07-22T18:30:00Z,303.8132,4.8527
2026-07-22T18:40:00Z,305.9359,3.8729
2026-07-22T18:50:00Z,308.069,2.9303
2026-07-22T19:00:00Z,310.2134,2.0313
2026-07-22T19:10:00Z,312.3697,1.1847
2026-07-22T19:20:00Z,314.5388,0.401
2026-07-23T02:00:00Z,46.5291,0.7238
2026-07-23T02:10:00Z,48.6939,1.535
2026-07-23T02:20:00Z,50.8463,2.4046
2026-07-23T02:30:00Z,52.9871,3.3224
2026-07-23T02:40:00Z,55.1171,4.2806
2026-07-23T02:50:00Z,57.2373,5.2751
2026-07-23T03:00:00Z,59.3488,6.3009
2026-07-23T03:10:00Z,61.4528,7.3543
2026-07-23T03:20:00Z,63.5506,8.4326
2026-07-23T03:30:00Z,65.6435,9.5336
2026-07-23T03:40:00Z,67.733,10.6551
2026-07-23T03:50:00Z,69.8207,11.7951
2026-07-23T04:00:00Z,71.9082,12.9518
2026-07-23T04:10:00Z,73.9972,14.1235
2026-07-23T04:20:00Z,76.0897,15.3083
2026-07-23T04:30:00Z,78.1874,16.5046
2026-07-23T04:40:00Z,80.2924,17.7107
2026-07-23T04:50:00Z,82.4069,18.9249
2026-07-23T05:00:00Z,84.533,20.1454
2026-07-23T05:10:00Z,86.6729,21.3707
2026-07-23T05:20:00Z,88.8291,22.5989
2026-07-23T05:30:00Z,91.0041,23.8282
2026-07-23T05:40:00Z,93.2003,25.057
2026-07-23T05:50:00Z,95.4205,26.2832
2026-07-23T06:00:00Z,97.6674,27.5051
2026-07-23T06:10:00Z,99.9438,28.7206
2026-07-23T06:20:00Z,102.2527,29.9277
2026-07-23T06:30:00Z,104.597,31.1243
2026-07-23T06:40:00Z,106.9799,32.3082
2026-07-23T06:50:00Z,109.4043,33.477
2026-07-23T07:00:00Z,111.8735,34.6284
2026-07-23T07:10:00Z,114.3905,35.7599
2026-07-23T07:20:00Z,116.9585,36.8688
2026-07-23T07:30:00Z,119.5805,37.9525
2026-07-23T07:40:00Z,122.2593,39.0081
2026-07-23T07:50:00Z,124.9979,40.0326
2026-07-23T08:00:00Z,127.7986,41.0229
2026-07-23T08:10:00Z,130.6636,41.976
2026-07-23T08:20:00Z,133.5948,42.8884
2026-07-23T08:30:00Z,136.5934,43.7569
2026-07-23T08:40:00Z,139.6602,44.578
2026-07-23T08:50:00Z,142.7952,45.3482
2026-07-23T09:00:00Z,145.9975,46.0642
2026-07-23T09:10:00Z,149.2657,46.7225
2026-07-23T09:20:00Z,152.5969,47.3199
2026-07-23T09:30:00Z,155.9876,47.853
2026-07-23T09:40:00Z,159.433,48.319
2026-07-23T09:50:00Z,162.9274,48.7151
2026-07-23T10:00:00Z,166.4639,49.039
2026-07-23T10:10:00Z,170.0349,49.2885
2026-07-23T10:20:00Z,173.6319,49.4621
2026-07-23T10:30:00Z,177.2456,49.5587
2026-07-23T10:40:00Z,180.8666,49.5776
2026-07-23T10:50:00Z,184.4852,49.5186
2026-07-23T11:00:00Z,188.0915,49.3822
2026-07-23T11:10:00Z,191.6764,49.1692
2026-07-23T11:20:00Z,195.2309,48.8811
2026-07-23T11:30:00Z,198.7469,48.5196
2026-07-23T11:40:00Z,202.2172,48.087
2026-07-23T11:50:00Z,205.6354,47.5859
2026-07-23T12:00:00Z,208.9963,47.019
2026-07-23T12:10:00Z,212.2958,46.3895
2026-07-23T12:20:00Z,215.5306,45.7007
2026-07-23T12:30:00Z,218.6988,44.9558
2026-07-23T12:40:00Z,221.799,44.1584
2026-07-23T12:50:00Z,224.8309,43.3118
2026-07-23T13:00:00Z,227.795,42.4195
2026-07-23T13:10:00Z,230.6921,41.4849
2026-07-23T13:20:00Z,233.524,40.5113
2026-07-23T13:30:00Z,236.2925,39.502
2026-07-23T13:40:00Z,239.0001,38.46
2026-07-23T13:50:00Z,241.6494,37.3884
2026-07-23T14:00:00Z,244.2432,36.2901
2026-07-23T14:10:00Z,246.7845,35.1678
2026-07-23T14:20:00Z,249.2764,34.0243
2026-07-23T14:30:00Z,251.722,32.862
2026-07-23T14:40:00Z,254.1245,31.6835
2026-07-23T14:50:00Z,256.4869,30.4911
2026-07-23T15:00:00Z,258.8123,29.2869
2026-07-23T15:10:00Z,261.1038,28.0733
2026-07-23T15:20:00Z,263.3644,26.8522
2026-07-23T15:30:00Z,265.5968,25.6256
2026-07-23T15:40:00Z,267.8039,24.3956
2026-07-23T15:50:00Z,269.9885,23.1639
2026-07-23T16:00:00Z,272.153,21.9324
2026-07-23T16:10:00Z,274.3001,20.7029
2026-07-23T16:20:00Z,276.4321,19.4772
2026-07-23T16:30:00Z,278.5514,18.2569
2026-07-23T16:40:00Z,280.6603,17.0438
2026-07-23T16:50:00Z,282.7608,15.8395
2026-07-23T17:00:00Z,284.8551,14.6458
2026-07-23T17:10:00Z,286.9451,13.4644
2026-07-23T17:20:00Z,289.0327,12.2969
2026-07-23T17:30:00Z,291.1197,11.1451
2026-07-23T17:40:00Z,293.2077,10.0109
2026-07-23T17:50:00Z,295.2985,8.8962
2026-07-23T18:00:00Z,297.3934,7.803
2026-07-23T18:10:00Z,299.494,6.7336
2026-07-23T18:20:00Z,301.6016,5.6904
2026-07-23T18:30:00Z,303.7174,4.6764
2026-07-23T18:40:00Z,305.8425,3.6973
2026-07-23T18:50:00Z,307.9781,2.7562
2026-07-23T19:00:00Z,310.125,1.8601
2026-07-23T19:10:00Z,312.284,1.0185
2026-07-23T19:20:00Z,314.4559,0.2425
2026-07-24T02:00:00Z,46.6023,0.5563
2026-07-24T02:10:00Z,48.7699,1.3606
2026-07-24T02:20:00Z,50.925,2.2257
2026-07-24T02:30:00Z,53.0684,3.141
2026-07-24T02:40:00Z,55.2009,4.0979
2026-07-24T02:50:00Z,57.3236,5.091
2026-07-24T03:00:00Z,59.4374,6.1172
2026-07-24T03:10:00Z,61.5437,7.1707
2026-07-24T03:20:00Z,63.6436,8.2494
2026-07-24T03:30:00Z,65.7386,9.3507
2026-07-24T03:40:00Z,67.8301,10.4727
2026-07-24T03:50:00Z,69.9196,11.6132
2026-07-24T04:00:00Z,72.0089,12.7704
2026-07-24T04:10:00Z,74.0997,13.9426
2026-07-24T04:20:00Z,76.1938,15.1278
2026-07-24T04:30:00Z,78.2932,16.3245
2026-07-24T04:40:00Z,80.3997,17.5309
2026-07-24T04:50:00Z,82.5156,18.7453
2026-07-24T05:00:00Z,84.643,19.9661
2026-07-24T05:10:00Z,86.7842,21.1914
2026-07-24T05:20:00Z,88.9416,22.4196
2026-07-24T05:30:00Z,91.1176,23.649
2026-07-24T05:40:00Z,93.3148,24.8776
2026-07-24T05:50:00Z,95.5359,26.1036
2026-07-24T06:00:00Z,97.7835,27.3251
2026-07-24T06:10:00Z,100.0605,28.5402
2026-07-24T06:20:00Z,102.3698,29.7468
2026-07-24T06:30:00Z,104.7144,30.9427
2026-07-24T06:40:00Z,107.0973,32.1259
2026-07-24T06:50:00Z,109.5215,33.2939
2026-07-24T07:00:00Z,111.9903,34.4443
2026-07-24T07:10:00Z,114.5066,35.5748
2026-07-24T07:20:00Z,117.0736,36.6826
2026-07-24T07:30:00Z,119.6943,37.7651
2026-07-24T07:40:00Z,122.3715,38.8194
2026-07-24T07:50:00Z,125.1079,39.8425
2026-07-24T08:00:00Z,127.906,40.8315
2026-07-24T08:10:00Z,130.768,41.783
2026-07-24T08:20:00Z,133.6956,42.694
2026-07-24T08:30:00Z,136.6901,43.5609
2026-07-24T08:40:00Z,139.7521,44.3804
2026-07-24T08:50:00Z,142.8816,45.1492
2026-07-24T09:00:00Z,146.078,45.8637
2026-07-24T09:10:00Z,149.3394,46.5205
2026-07-24T09:20:00Z,152.6632,47.1165
2026-07-24T09:30:00Z,156.0459,47.6484
2026-07-24T09:40:00Z,159.4827,48.1133
2026-07-24T09:50:00Z,162.968,48.5084
2026-07-24T10:00:00Z,166.4949,48.8315
2026-07-24T10:10:00Z,170.0559,49.0805
2026-07-24T10:20:00Z,173.6425,49.2537
2026-07-24T10:30:00Z,177.2457,49.3501
2026-07-24T10:40:00Z,180.8561,49.3691
2026-07-24T10:50:00Z,184.4641,49.3104
2026-07-24T11:00:00Z,188.0601,49.1745
2026-07-24T11:10:00Z,191.6348,48.9623
2026-07-24T11:20:00Z,195.1796,48.6751
2026-07-24T11:30:00Z,198.6864,48.3148
2026-07-24T11:40:00Z,202.1479,47.8834
2026-07-24T11:50:00Z,205.558,47.3837
2026-07-24T12:00:00Z,208.9115,46.8183
2026-07-24T12:10:00Z,212.2041,46.1904
2026-07-24T12:20:00Z,215.4329,45.5032
2026-07-24T12:30:00Z,218.5955,44.7601
2026-07-24T12:40:00Z,221.6909,43.9643
2026-07-24T12:50:00Z,224.7186,43.1194
2026-07-24T13:00:00Z,227.679,42.2288
2026-07-24T13:10:00Z,230.5731,41.2958
2026-07-24T13:20:00Z,233.4023,40.3238
2026-07-24T13:30:00Z,236.1687,39.3159
2026-07-24T13:40:00Z,238.8746,38.2754
2026-07-24T13:50:00Z,241.5226,37.2051
2026-07-24T14:00:00Z,244.1154,36.108
2026-07-24T14:10:00Z,246.6561,34.9868
2026-07-24T14:20:00Z,249.1476,33.8443
2026-07-24T14:30:00Z,251.5931,32.6829
2026-07-24T14:40:00Z,253.9956,31.5052
2026-07-24T14:50:00Z,256.3583,30.3134
2026-07-24T15:00:00Z,258.6842,29.1098
2026-07-24T15:10:00Z,260.9763,27.8966
2026-07-24T15:20:00Z,263.2376,26.6759
2026-07-24T15:30:00Z,265.4709,25.4496
2026-07-24T15:40:00Z,267.679,24.2196
2026-07-24T15:50:00Z,269.8646,22.988
2026-07-24T16:00:00Z,272.0303,21.7565
2026-07-24T16:10:00Z,274.1786,20.5269
2026-07-24T16:20:00Z,276.312,19.3009
2026-07-24T16:30:00Z,278.4327,18.0803
2026-07-24T16:40:00Z,280.543,16.8668
2026-07-24T16:50:00Z,282.6451,15.6621
2026-07-24T17:00:00Z,284.741,14.4678
2026-07-24T17:10:00Z,286.8327,13.2858
2026-07-24T17:20:00Z,288.9221,12.1177
2026-07-24T17:30:00Z,291.0109,10.9653
2026-07-24T17:40:00Z,293.1009,9.8305
2026-07-24T17:50:00Z,295.1936,8.7152
2026-07-24T18:00:00Z,297.2906,7.6214
2026-07-24T18:10:00Z,299.3933,6.5516
2026-07-24T18:20:00Z,301.5032,5.5082
2026-07-24T18:30:00Z,303.6213,4.4947
2026-07-24T18:40:00Z,305.7489,3.5164
2026-07-24T18:50:00Z,307.8869,2.5771
2026-07-24T19:00:00Z,310.0364,1.6844
2026-07-24T19:10:00Z,312.1982,0.8486
2026-07-24T19:20:00Z,314.373,0.0812
2026-07-25T02:00:00Z,46.6797,0.3874
2026-07-25T02:10:00Z,48.8502,1.1839
2026-07-25T02:20:00Z,51.0081,2.0439
2026-07-25T02:30:00Z,53.1541,2.9563
2026-07-25T02:40:00Z,55.2892,3.9117
2026-07-25T02:50:00Z,57.4144,4.9038
2026-07-25T03:00:00Z,59.5306,5.9298
2026-07-25T03:10:00Z,61.6391,6.9834
2026-07-25T03:20:00Z,63.7412,8.0624
2026-07-25T03:30:00Z,65.8383,9.1642
2026-07-25T03:40:00Z,67.9318,10.2867
2026-07-25T03:50:00Z,70.0233,11.4277
2026-07-25T04:00:00Z,72.1144,12.5854
2026-07-25T04:10:00Z,74.207,13.758
2026-07-25T04:20:00Z,76.3028,14.9437
2026-07-25T04:30:00Z,78.4037,16.1408
2026-07-25T04:40:00Z,80.5118,17.3475
2026-07-25T04:50:00Z,82.6292,18.5622
2026-07-25T05:00:00Z,84.7579,19.7831
2026-07-25T05:10:00Z,86.9004,21.0086
2026-07-25T05:20:00Z,89.059,22.2369
2026-07-25T05:30:00Z,91.2361,23.4661
2026-07-25T05:40:00Z,93.4343,24.6946
2026-07-25T05:50:00Z,95.6562,25.9203
2026-07-25T06:00:00Z,97.9046,27.1415
2026-07-25T06:10:00Z,100.1822,28.3562
2026-07-25T06:20:00Z,102.492,29.5622
2026-07-25T06:30:00Z,104.8368,30.7575
2026-07-25T06:40:00Z,107.2198,31.9398
2026-07-25T06:50:00Z,109.6439,33.107
2026-07-25T07:00:00Z,112.1123,34.2565
2026-07-25T07:10:00Z,114.628,35.3859
2026-07-25T07:20:00Z,117.194,36.4925
2026-07-25T07:30:00Z,119.8133,37.5738
2026-07-25T07:40:00Z,122.4888,38.6267
2026-07-25T07:50:00Z,125.2231,39.6484
2026-07-25T08:00:00Z,128.0186,40.6359
2026-07-25T08:10:00Z,130.8775,41.5859
2026-07-25T08:20:00Z,133.8015,42.4952
2026-07-25T08:30:00Z,136.7917,43.3605
2026-07-25T08:40:00Z,139.8489,44.1784
2026-07-25T08:50:00Z,142.973,44.9456
2026-07-25T09:00:00Z,146.1632,45.6585
2026-07-25T09:10:00Z,149.4178,46.3138
2026-07-25T09:20:00Z,152.7343,46.9083
2026-07-25T09:30:00Z,156.1088,47.4389
2026-07-25T09:40:00Z,159.537,47.9026
2026-07-25T09:50:00Z,163.0129,48.2967
2026-07-25T10:00:00Z,166.5301,48.6189
2026-07-25T10:10:00Z,170.0809,48.8672
2026-07-25T10:20:00Z,173.657,49.04
2026-07-25T10:30:00Z,177.2495,49.1362
2026-07-25T10:40:00Z,180.8491,49.1551
2026-07-25T10:50:00Z,184.4464,49.0967
2026-07-25T11:00:00Z,188.0318,48.9612
2026-07-25T11:10:00Z,191.5962,48.7497
2026-07-25T11:20:00Z,195.1311,48.4634
2026-07-25T11:30:00Z,198.6284,48.1041
2026-07-25T11:40:00Z,202.081,47.674
2026-07-25T11:50:00Z,205.4828,47.1756
2026-07-25T12:00:00Z,208.8285,46.6117
2026-07-25T12:10:00Z,212.1142,45.9854
2026-07-25T12:20:00Z,215.3365,45.2998
2026-07-25T12:30:00Z,218.4935,44.5583
2026-07-25T12:40:00Z,221.5839,43.7642
2026-07-25T12:50:00Z,224.6072,42.921
2026-07-25T13:00:00Z,227.5638,42.032
2026-07-25T13:10:00Z,230.4546,41.1006
2026-07-25T13:20:00Z,233.2811,40.1302
2026-07-25T13:30:00Z,236.0452,39.1238
2026-07-25T13:40:00Z,238.7493,38.0846
2026-07-25T13:50:00Z,241.3958,37.0156
2026-07-25T14:00:00Z,243.9876,35.9198
2026-07-25T14:10:00Z,246.5275,34.7997
2026-07-25T14:20:00Z,249.0185,33.6582
2026-07-25T14:30:00Z,251.4638,32.4978
2026-07-25T14:40:00Z,253.8663,31.3208
2026-07-25T14:50:00Z,256.2292,30.1297
2026-07-25T15:00:00Z,258.5555,28.9267
2026-07-25T15:10:00Z,260.8482,27.714
2026-07-25T15:20:00Z,263.1102,26.4936
2026-07-25T15:30:00Z,265.3443,25.2675
2026-07-25T15:40:00Z,267.5533,24.0378
2026-07-25T15:50:00Z,269.74,22.8062
2026-07-25T16:00:00Z,271.9069,21.5746
2026-07-25T16:10:00Z,274.0564,20.3448
2026-07-25T16:20:00Z,276.1911,19.1186
2026-07-25T16:30:00Z,278.3133,17.8977
2026-07-25T16:40:00Z,280.4251,16.6839
2026-07-25T16:50:00Z,282.5288,15.4787
2026-07-25T17:00:00Z,284.6263,14.2839
2026-07-25T17:10:00Z,286.7198,13.1013
2026-07-25T17:20:00Z,288.8109,11.9326
2026-07-25T17:30:00Z,290.9016,10.7796
2026-07-25T17:40:00Z,292.9935,9.6442
2026-07-25T17:50:00Z,295.0882,8.5283
2026-07-25T18:00:00Z,297.1874,7.4341
2026-07-25T18:10:00Z,299.2923,6.3639
2026-07-25T18:20:00Z,301.4044,5.3204
2026-07-25T18:30:00Z,303.5249,4.3075
2026-07-25T18:40:00Z,305.655,3.3303
2026-07-25T18:50:00Z,307.7957,2.3931
2026-07-25T19:00:00Z,309.9479,1.5046
2026-07-25T19:10:00Z,312.1125,0.6754
2026-07-26T02:00:00Z,46.7613,0.2173
2026-07-26T02:10:00Z,48.9347,1.0051
2026-07-26T02:20:00Z,51.0955,1.8594
2026-07-26T02:30:00Z,53.2442,2.7685
2026-07-26T02:40:00Z,55.382,3.7221
2026-07-26T02:50:00Z,57.5096,4.7133
2026-07-26T03:00:00Z,59.6282,5.7388
2026-07-26T03:10:00Z,61.739,6.7926
2026-07-26T03:20:00Z,63.8433,7.8719
2026-07-26T03:30:00Z,65.9425,8.9741
2026-07-26T03:40:00Z,68.0381,10.097
2026-07-26T03:50:00Z,70.1315,11.2386
2026-07-26T04:00:00Z,72.2246,12.3968
2026-07-26T04:10:00Z,74.3189,13.5699
2026-07-26T04:20:00Z,76.4164,14.7561
2026-07-26T04:30:00Z,78.519,15.9536
2026-07-26T04:40:00Z,80.6287,17.1606
2026-07-26T04:50:00Z,82.7475,18.3756
2026-07-26T05:00:00Z,84.8777,19.5967
2026-07-26T05:10:00Z,87.0215,20.8223
2026-07-26T05:20:00Z,89.1813,22.0506
2026-07-26T05:30:00Z,91.3596,23.2798
2026-07-26T05:40:00Z,93.5588,24.5081
2026-07-26T05:50:00Z,95.7816,25.7336
2026-07-26T06:00:00Z,98.0307,26.9544
2026-07-26T06:10:00Z,100.309,28.1686
2026-07-26T06:20:00Z,102.6192,29.374
2026-07-26T06:30:00Z,104.9643,30.5686
2026-07-26T06:40:00Z,107.3474,31.7502
2026-07-26T06:50:00Z,109.7714,32.9164
2026-07-26T07:00:00Z,112.2394,34.0649
2026-07-26T07:10:00Z,114.7544,35.1932
2026-07-26T07:20:00Z,117.3194,36.2986
2026-07-26T07:30:00Z,119.9374,37.3785
2026-07-26T07:40:00Z,122.6111,38.43
2026-07-26T07:50:00Z,125.3433,39.4503
2026-07-26T08:00:00Z,128.1362,40.4362
2026-07-26T08:10:00Z,130.992,41.3845
2026-07-26T08:20:00Z,133.9123,42.2922
2026-07-26T08:30:00Z,136.8983,43.1558
2026-07-26T08:40:00Z,139.9507,43.972
2026-07-26T08:50:00Z,143.0693,44.7375
2026-07-26T09:00:00Z,146.2533,45.4487
2026-07-26T09:10:00Z,149.501,46.1024
2026-07-26T09:20:00Z,152.8099,46.6954
2026-07-26T09:30:00Z,156.1763,47.2246
2026-07-26T09:40:00Z,159.5956,47.687
2026-07-26T09:50:00Z,163.0622,48.0799
2026-07-26T10:00:00Z,166.5694,48.4012
2026-07-26T10:10:00Z,170.1099,48.6487
2026-07-26T10:20:00Z,173.6754,48.821
2026-07-26T10:30:00Z,177.257,48.9168
2026-07-26T10:40:00Z,180.8457,48.9357
2026-07-26T10:50:00Z,184.432,48.8774
2026-07-26T11:00:00Z,188.0066,48.7424
2026-07-26T11:10:00Z,191.5606,48.5314
2026-07-26T11:20:00Z,195.0853,48.2459
2026-07-26T11:30:00Z,198.5729,47.8876
2026-07-26T11:40:00Z,202.0164,47.4587
2026-07-26T11:50:00Z,205.4096,46.9616
2026-07-26T12:00:00Z,208.7475,46.3992
2026-07-26T12:10:00Z,212.0259,45.7744
2026-07-26T12:20:00Z,215.2418,45.0904
2026-07-26T12:30:00Z,218.3929,44.3505
2026-07-26T12:40:00Z,221.478,43.5581
2026-07-26T12:50:00Z,224.4967,42.7166
2026-07-26T13:00:00Z,227.4493,41.8292
2026-07-26T13:10:00Z,230.3367,40.8995
2026-07-26T13:20:00Z,233.1603,39.9306
2026-07-26T13:30:00Z,235.9221,38.9257
2026-07-26T13:40:00Z,238.6242,37.8879
2026-07-26T13:50:00Z,241.2692,36.8202
2026-07-26T14:00:00Z,243.8597,35.7256
2026-07-26T14:10:00Z,246.3988,34.6067
2026-07-26T14:20:00Z,248.8893,33.4662
2026-07-26T14:30:00Z,251.3342,32.3066
2026-07-26T14:40:00Z,253.7367,31.1305
2026-07-26T14:50:00Z,256.0998,29.9401
2026-07-26T15:00:00Z,258.4264,28.7377
2026-07-26T15:10:00Z,260.7196,27.5254
2026-07-26T15:20:00Z,262.9823,26.3054
2026-07-26T15:30:00Z,265.2172,25.0796
2026-07-26T15:40:00Z,267.4272,23.85
2026-07-26T15:50:00Z,269.6149,22.6185
2026-07-26T16:00:00Z,271.7829,21.3868
2026-07-26T16:10:00Z,273.9337,20.1569
2026-07-26T16:20:00Z,276.0697,18.9305
2026-07-26T16:30:00Z,278.1933,17.7093
2026-07-26T16:40:00Z,280.3066,16.4951
2026-07-26T16:50:00Z,282.4119,15.2894
2026-07-26T17:00:00Z,284.5111,14.0942
2026-07-26T17:10:00Z,286.6062,12.911
2026-07-26T17:20:00Z,288.6992,11.7418
2026-07-26T17:30:00Z,290.7918,10.5882
2026-07-26T17:40:00Z,292.8857,9.4521
2026-07-26T17:50:00Z,294.9825,8.3357
2026-07-26T18:00:00Z,297.0838,7.2411
2026-07-26T18:10:00Z,299.191,6.1706
2026-07-26T18:20:00Z,301.3054,5.1266
2026-07-26T18:30:00Z,303.4284,4.115
2026-07-26T18:40:00Z,305.561,3.1391
2026-07-26T18:50:00Z,307.7043,2.2046
2026-07-26T19:00:00Z,309.8593,1.3208
2026-07-26T19:10:00Z,312.0268,0.4992
2026-07-27T02:00:00Z,46.8471,0.0464
2026-07-27T02:10:00Z,49.0236,0.8247
2026-07-27T02:20:00Z,51.1872,1.6726
2026-07-27T02:30:00Z,53.3387,2.5777
2026-07-27T02:40:00Z,55.4791,3.5293
2026-07-27T02:50:00Z,57.6092,4.5195
2026-07-27T03:00:00Z,59.7303,5.5443
2026-07-27T03:10:00Z,61.8435,6.5982
2026-07-27T03:20:00Z,63.95,7.6778
2026-07-27T03:30:00Z,66.0514,8.7805
2026-07-27T03:40:00Z,68.149,9.9039
2026-07-27T03:50:00Z,70.2444,11.046
2026-07-27T04:00:00Z,72.3394,12.2048
2026-07-27T04:10:00Z,74.4356,13.3784
2026-07-27T04:20:00Z,76.5348,14.565
2026-07-27T04:30:00Z,78.6391,15.7629
2026-07-27T04:40:00Z,80.7503,16.9703
2026-07-27T04:50:00Z,82.8707,18.1856
2026-07-27T05:00:00Z,85.0023,19.4069
2026-07-27T05:10:00Z,87.1475,20.6326
2026-07-27T05:20:00Z,89.3085,21.8609
2026-07-27T05:30:00Z,91.4879,23.09
2026-07-27T05:40:00Z,93.6881,24.3181
2026-07-27T05:50:00Z,95.9119,25.5434
2026-07-27T06:00:00Z,98.1618,26.7638
2026-07-27T06:10:00Z,100.4407,27.9775
2026-07-27T06:20:00Z,102.7514,29.1823
2026-07-27T06:30:00Z,105.0968,30.3762
2026-07-27T06:40:00Z,107.48,31.5569
2026-07-27T06:50:00Z,109.9038,32.7222
2026-07-27T07:00:00Z,112.3714,33.8696
2026-07-27T07:10:00Z,114.8858,34.9967
2026-07-27T07:20:00Z,117.4498,36.1009
2026-07-27T07:30:00Z,120.0665,37.1794
2026-07-27T07:40:00Z,122.7385,38.2295
2026-07-27T07:50:00Z,125.4685,39.2482
2026-07-27T08:00:00Z,128.2589,40.2324
2026-07-27T08:10:00Z,131.1115,41.1791
2026-07-27T08:20:00Z,134.0281,42.085
2026-07-27T08:30:00Z,137.0098,42.9469
2026-07-27T08:40:00Z,140.0573,43.7613
2026-07-27T08:50:00Z,143.1703,44.5249
2026-07-27T09:00:00Z,146.3481,45.2344
2026-07-27T09:10:00Z,149.5889,45.8865
2026-07-27T09:20:00Z,152.8902,46.4778
2026-07-27T09:30:00Z,156.2483,47.0055
2026-07-27T09:40:00Z,159.6587,47.4665
2026-07-27T09:50:00Z,163.1157,47.8582
2026-07-27T10:00:00Z,166.6129,48.1784
2026-07-27T10:10:00Z,170.1429,48.4251
2026-07-27T10:20:00Z,173.6976,48.5968
2026-07-27T10:30:00Z,177.2683,48.6922
2026-07-27T10:40:00Z,180.8458,48.7109
2026-07-27T10:50:00Z,184.421,48.6527
2026-07-27T11:00:00Z,187.9847,48.518
2026-07-27T11:10:00Z,191.5279,48.3076
2026-07-27T11:20:00Z,195.0423,48.0228
2026-07-27T11:30:00Z,198.52,47.6655
2026-07-27T11:40:00Z,201.9542,47.2377
2026-07-27T11:50:00Z,205.3387,46.7419
2026-07-27T12:00:00Z,208.6685,46.1808
2026-07-27T12:10:00Z,211.9395,45.5575
2026-07-27T12:20:00Z,215.1486,44.8751
2026-07-27T12:30:00Z,218.2936,44.1369
2026-07-27T12:40:00Z,221.3733,43.3461
2026-07-27T12:50:00Z,224.3873,42.5062
2026-07-27T13:00:00Z,227.3358,41.6205
2026-07-27T13:10:00Z,230.2196,40.6923
2026-07-27T13:20:00Z,233.0402,39.725
2026-07-27T13:30:00Z,235.7994,38.7216
2026-07-27T13:40:00Z,238.4994,37.6852
2026-07-27T13:50:00Z,241.1427,36.6189
2026-07-27T14:00:00Z,243.732,35.5254
2026-07-27T14:10:00Z,246.2701,34.4076
2026-07-27T14:20:00Z,248.76,33.2682
2026-07-27T14:30:00Z,251.2046,32.1096
2026-07-27T14:40:00Z,253.6069,30.9342
2026-07-27T14:50:00Z,255.9701,29.7445
2026-07-27T15:00:00Z,258.297,28.5427
2026-07-27T15:10:00Z,260.5907,27.3309
2026-07-27T15:20:00Z,262.854,26.1113
2026-07-27T15:30:00Z,265.0897,24.8858
2026-07-27T15:40:00Z,267.3006,23.6563
2026-07-27T15:50:00Z,269.4893,22.4249
2026-07-27T16:00:00Z,271.6584,21.1932
2026-07-27T16:10:00Z,273.8105,19.9632
2026-07-27T16:20:00Z,275.9478,18.7366
2026-07-27T16:30:00Z,278.0728,17.5151
2026-07-27T16:40:00Z,280.1876,16.3004
2026-07-27T16:50:00Z,282.2945,15.0944
2026-07-27T17:00:00Z,284.3954,13.8987
2026-07-27T17:10:00Z,286.4923,12.715
2026-07-27T17:20:00Z,288.5871,11.5451
2026-07-27T17:30:00Z,290.6816,10.3909
2026-07-27T17:40:00Z,292.7775,9.2544
2026-07-27T17:50:00Z,294.8764,8.1374
2026-07-27T18:00:00Z,296.9799,7.0424
2026-07-27T18:10:00Z,299.0894,5.9717
2026-07-27T18:20:00Z,301.2062,4.928
2026-07-27T18:30:00Z,303.3317,3.9174
2026-07-27T18:40:00Z,305.4669,2.943
2026-07-27T18:50:00Z,307.6129,2.0117
2026-07-27T19:00:00Z,309.7708,1.1334
2026-07-27T19:10:00Z,311.9412,0.3205
2026-07-28T02:10:00Z,49.1166,0.643
2026-07-28T02:20:00Z,51.2832,1.4836
2026-07-28T02:30:00Z,53.4375,2.3842
2026-07-28T02:40:00Z,55.5805,3.3335
2026-07-28T02:50:00Z,57.7133,4.3224
2026-07-28T03:00:00Z,59.8368,5.3465
2026-07-28T03:10:00Z,61.9524,6.4004
2026-07-28T03:20:00Z,64.0612,7.4803
2026-07-28T03:30:00Z,66.1648,8.5834
2026-07-28T03:40:00Z,68.2645,9.7074
2026-07-28T03:50:00Z,70.3619,10.85
2026-07-28T04:00:00Z,72.4588,12.0093
2026-07-28T04:10:00Z,74.5569,13.1835
2026-07-28T04:20:00Z,76.6579,14.3706
2026-07-28T04:30:00Z,78.7638,15.5689
2026-07-28T04:40:00Z,80.8767,16.7767
2026-07-28T04:50:00Z,82.9986,17.9922
2026-07-28T05:00:00Z,85.1316,19.2138
2026-07-28T05:10:00Z,87.2782,20.4396
2026-07-28T05:20:00Z,89.4405,21.6679
2026-07-28T05:30:00Z,91.621,22.8969
2026-07-28T05:40:00Z,93.8223,24.1248
2026-07-28T05:50:00Z,96.047,25.3498
2026-07-28T06:00:00Z,98.2977,26.5698
2026-07-28T06:10:00Z,100.5773,27.7829
2026-07-28T06:20:00Z,102.8885,28.9871
2026-07-28T06:30:00Z,105.2343,30.1803
2026-07-28T06:40:00Z,107.6175,31.3601
2026-07-28T06:50:00Z,110.0413,32.5244
2026-07-28T07:00:00Z,112.5085,33.6707
2026-07-28T07:10:00Z,115.0222,34.7966
2026-07-28T07:20:00Z,117.5852,35.8995
2026-07-28T07:30:00Z,120.2006,36.9766
2026-07-28T07:40:00Z,122.8709,38.0251
2026-07-28T07:50:00Z,125.5987,39.0422
2026-07-28T08:00:00Z,128.3864,40.0247
2026-07-28T08:10:00Z,131.2359,40.9696
2026-07-28T08:20:00Z,134.1488,41.8737
2026-07-28T08:30:00Z,137.1262,42.7337
2026-07-28T08:40:00Z,140.1687,43.5463
2026-07-28T08:50:00Z,143.2761,44.3081
2026-07-28T09:00:00Z,146.4475,45.0157
2026-07-28T09:10:00Z,149.6814,45.666
2026-07-28T09:20:00Z,152.9749,46.2556
2026-07-28T09:30:00Z,156.3247,46.7817
2026-07-28T09:40:00Z,159.726,47.2412
2026-07-28T09:50:00Z,163.1735,47.6317
2026-07-28T10:00:00Z,166.6605,47.9507
2026-07-28T10:10:00Z,170.18,48.1965
2026-07-28T10:20:00Z,173.7237,48.3674
2026-07-28T10:30:00Z,177.2832,48.4624
2026-07-28T10:40:00Z,180.8495,48.4809
2026-07-28T10:50:00Z,184.4134,48.4227
2026-07-28T11:00:00Z,187.9659,48.2882
2026-07-28T11:10:00Z,191.4983,48.0783
2026-07-28T11:20:00Z,195.0021,47.7942
2026-07-28T11:30:00Z,198.4698,47.4378
2026-07-28T11:40:00Z,201.8944,47.011
2026-07-28T11:50:00Z,205.27,46.5164
2026-07-28T12:00:00Z,208.5915,45.9568
2026-07-28T12:10:00Z,211.8549,45.3349
2026-07-28T12:20:00Z,215.057,44.6541
2026-07-28T12:30:00Z,218.1958,43.9174
2026-07-28T12:40:00Z,221.27,43.1283
2026-07-28T12:50:00Z,224.279,42.29
2026-07-28T13:00:00Z,227.2232,41.4059
2026-07-28T13:10:00Z,230.1033,40.4793
2026-07-28T13:20:00Z,232.9207,39.5135
2026-07-28T13:30:00Z,235.6773,38.5116
2026-07-28T13:40:00Z,238.3751,37.4766
2026-07-28T13:50:00Z,241.0166,36.4116
2026-07-28T14:00:00Z,243.6045,35.3194
2026-07-28T14:10:00Z,246.1416,34.2028
2026-07-28T14:20:00Z,248.6307,33.0643
2026-07-28T14:30:00Z,251.0748,31.9066
2026-07-28T14:40:00Z,253.477,30.7321
2026-07-28T14:50:00Z,255.8402,29.5431
2026-07-28T15:00:00Z,258.1674,28.3419
2026-07-28T15:10:00Z,260.4615,27.1306
2026-07-28T15:20:00Z,262.7253,25.9114
2026-07-28T15:30:00Z,264.9618,24.6861
2026-07-28T15:40:00Z,267.1735,23.4569
2026-07-28T15:50:00Z,269.3633,22.2255
2026-07-28T16:00:00Z,271.5335,20.9938
2026-07-28T16:10:00Z,273.6868,19.7637
2026-07-28T16:20:00Z,275.8255,18.5368
2026-07-28T16:30:00Z,277.9519,17.3151
2026-07-28T16:40:00Z,280.0682,16.1001
2026-07-28T16:50:00Z,282.1767,14.8936
2026-07-28T17:00:00Z,284.2792,13.6974
2026-07-28T17:10:00Z,286.3779,12.5132
2026-07-28T17:20:00Z,288.4746,11.3428
2026-07-28T17:30:00Z,290.571,10.188
2026-07-28T17:40:00Z,292.669,9.0509
2026-07-28T17:50:00Z,294.77,7.9336
2026-07-28T18:00:00Z,296.8757,6.8382
2026-07-28T18:10:00Z,298.9876,5.7674
2026-07-28T18:20:00Z,301.1069,4.7242
2026-07-28T18:30:00Z,303.2349,3.7146
2026-07-28T18:40:00Z,305.3728,2.7422
2026-07-28T18:50:00Z,307.5216,1.8147
2026-07-28T19:00:00Z,309.6823,0.9429
2026-07-28T19:10:00Z,311.8558,0.1397
2026-07-29T02:10:00Z,49.214,0.4602
2026-07-29T02:20:00Z,51.3835,1.2927
2026-07-29T02:30:00Z,53.5406,2.1883
2026-07-29T02:40:00Z,55.6864,3.1347
2026-07-29T02:50:00Z,57.8218,4.1222
2026-07-29T03:00:00Z,59.9478,5.145
2026-07-29T03:10:00Z,62.0658,6.1994
2026-07-29T03:20:00Z,64.1769,7.2795
2026-07-29T03:30:00Z,66.2827,8.383
2026-07-29T03:40:00Z,68.3845,9.5075
2026-07-29T03:50:00Z,70.484,10.6507
2026-07-29T04:00:00Z,72.5829,11.8105
2026-07-29T04:10:00Z,74.6828,12.9852
2026-07-29T04:20:00Z,76.7856,14.1728
2026-07-29T04:30:00Z,78.8933,15.3716
2026-07-29T04:40:00Z,81.0078,16.5797
2026-07-29T04:50:00Z,83.1312,17.7956
2026-07-29T05:00:00Z,85.2657,19.0173
2026-07-29T05:10:00Z,87.4136,20.2432
2026-07-29T05:20:00Z,89.5772,21.4716
2026-07-29T05:30:00Z,91.7589,22.7005
2026-07-29T05:40:00Z,93.9613,23.9282
2026-07-29T05:50:00Z,96.1869,25.1528
2026-07-29T06:00:00Z,98.4385,26.3724
2026-07-29T06:10:00Z,100.7187,27.585
2026-07-29T06:20:00Z,103.0304,28.7885
2026-07-29T06:30:00Z,105.3765,29.9809
2026-07-29T06:40:00Z,107.7599,31.1598
2026-07-29T06:50:00Z,110.1836,32.3231
2026-07-29T07:00:00Z,112.6504,33.4683
2026-07-29T07:10:00Z,115.1634,34.5929
2026-07-29T07:20:00Z,117.7255,35.6944
2026-07-29T07:30:00Z,120.3395,36.77
2026-07-29T07:40:00Z,123.0081,37.8169
2026-07-29T07:50:00Z,125.7338,38.8323
2026-07-29T08:00:00Z,128.5188,39.8131
2026-07-29T08:10:00Z,131.3651,40.7562
2026-07-29T08:20:00Z,134.2742,41.6584
2026-07-29T08:30:00Z,137.2473,42.5165
2026-07-29T08:40:00Z,140.2847,43.3271
2026-07-29T08:50:00Z,143.3865,44.0869
2026-07-29T09:00:00Z,146.5516,44.7926
2026-07-29T09:10:00Z,149.7783,45.441
2026-07-29T09:20:00Z,153.0641,46.0289
2026-07-29T09:30:00Z,156.4054,46.5532
2026-07-29T09:40:00Z,159.7976,47.0112
2026-07-29T09:50:00Z,163.2354,47.4003
2026-07-29T10:00:00Z,166.7122,47.7181
2026-07-29T10:10:00Z,170.2209,47.9629
2026-07-29T10:20:00Z,173.7536,48.133
2026-07-29T10:30:00Z,177.3018,48.2275
2026-07-29T10:40:00Z,180.8566,48.2456
2026-07-29T10:50:00Z,184.4091,48.1874
2026-07-29T11:00:00Z,187.9504,48.0531
2026-07-29T11:10:00Z,191.4717,47.8435
2026-07-29T11:20:00Z,194.9648,47.5601
2026-07-29T11:30:00Z,198.4223,47.2045
2026-07-29T11:40:00Z,201.8372,46.7788
2026-07-29T11:50:00Z,205.2036,46.2854
2026-07-29T12:00:00Z,208.5167,45.727
2026-07-29T12:10:00Z,211.7722,45.1066
2026-07-29T12:20:00Z,214.9673,44.4273
2026-07-29T12:30:00Z,218.0996,43.6922
2026-07-29T12:40:00Z,221.1681,42.9046
2026-07-29T12:50:00Z,224.172,42.068
2026-07-29T13:00:00Z,227.1117,41.1855
2026-07-29T13:10:00Z,229.9879,40.2605
2026-07-29T13:20:00Z,232.802,39.2962
2026-07-29T13:30:00Z,235.5558,38.2958
2026-07-29T13:40:00Z,238.2513,37.2622
2026-07-29T13:50:00Z,240.8909,36.1985
2026-07-29T14:00:00Z,243.4773,35.1075
2026-07-29T14:10:00Z,246.0132,33.992
2026-07-29T14:20:00Z,248.5015,32.8546
2026-07-29T14:30:00Z,250.9452,31.6979
2026-07-29T14:40:00Z,253.3471,30.5242
2026-07-29T14:50:00Z,255.7102,29.3359
2026-07-29T15:00:00Z,258.0376,28.1353
2026-07-29T15:10:00Z,260.3321,26.9245
2026-07-29T15:20:00Z,262.5965,25.7057
2026-07-29T15:30:00Z,264.8336,24.4807
2026-07-29T15:40:00Z,267.0462,23.2516
2026-07-29T15:50:00Z,269.2369,22.0203
2026-07-29T16:00:00Z,271.4083,20.7887
2026-07-29T16:10:00Z,273.5628,19.5584
2026-07-29T16:20:00Z,275.7027,18.3314
2026-07-29T16:30:00Z,277.8306,17.1093
2026-07-29T16:40:00Z,279.9484,15.894
2026-07-29T16:50:00Z,282.0585,14.6871
2026-07-29T17:00:00Z,284.1627,13.4904
2026-07-29T17:10:00Z,286.2632,12.3057
2026-07-29T17:20:00Z,288.3617,11.1348
2026-07-29T17:30:00Z,290.4602,9.9795
2026-07-29T17:40:00Z,292.5602,8.8419
2026-07-29T17:50:00Z,294.6634,7.7241
2026-07-29T18:00:00Z,296.7714,6.6285
2026-07-29T18:10:00Z,298.8857,5.5577
2026-07-29T18:20:00Z,301.0074,4.5152
2026-07-29T18:30:00Z,303.138,3.5069
2026-07-29T18:40:00Z,305.2787,2.5369
2026-07-29T18:50:00Z,307.4303,1.6138
2026-07-29T19:00:00Z,309.594,0.7495
2026-07-30T02:10:00Z,49.3156,0.277
2026-07-30T02:20:00Z,51.4881,1.1003
2026-07-30T02:30:00Z,53.6481,1.99
2026-07-30T02:40:00Z,55.7966,2.9332
2026-07-30T02:50:00Z,57.9346,3.9191
2026-07-30T03:00:00Z,60.0632,4.9408
2026-07-30T03:10:00Z,62.1836,5.995
2026-07-30T03:20:00Z,64.2971,7.0754
2026-07-30T03:30:00Z,66.4051,8.1793
2026-07-30T03:40:00Z,68.5091,9.3043
2026-07-30T03:50:00Z,70.6106,10.4481
2026-07-30T04:00:00Z,72.7115,11.6085
2026-07-30T04:10:00Z,74.8133,12.7837
2026-07-30T04:20:00Z,76.9179,13.9718
2026-07-30T04:30:00Z,79.0273,15.1711
2026-07-30T04:40:00Z,81.1434,16.3796
2026-07-30T04:50:00Z,83.2684,17.5957
2026-07-30T05:00:00Z,85.4045,18.8176
2026-07-30T05:10:00Z,87.5537,20.0437
2026-07-30T05:20:00Z,89.7186,21.272
2026-07-30T05:30:00Z,91.9016,22.5008
2026-07-30T05:40:00Z,94.105,23.7283
2026-07-30T05:50:00Z,96.3316,24.9526
2026-07-30T06:00:00Z,98.584,26.1718
2026-07-30T06:10:00Z,100.8649,27.3838
2026-07-30T06:20:00Z,103.1772,28.5866
2026-07-30T06:30:00Z,105.5236,29.7782
2026-07-30T06:40:00Z,107.9071,30.9562
2026-07-30T06:50:00Z,110.3307,32.1184
2026-07-30T07:00:00Z,112.7972,33.2624
2026-07-30T07:10:00Z,115.3095,34.3857
2026-07-30T07:20:00Z,117.8706,35.4857
2026-07-30T07:30:00Z,120.4833,36.5598
2026-07-30T07:40:00Z,123.1501,37.6051
2026-07-30T07:50:00Z,125.8736,38.6187
2026-07-30T08:00:00Z,128.6559,39.5977
2026-07-30T08:10:00Z,131.499,40.5388
2026-07-30T08:20:00Z,134.4043,41.4391
2026-07-30T08:30:00Z,137.373,42.2951
2026-07-30T08:40:00Z,140.4054,43.1037
2026-07-30T08:50:00Z,143.5014,43.8615
2026-07-30T09:00:00Z,146.6601,44.5653
2026-07-30T09:10:00Z,149.8797,45.2117
2026-07-30T09:20:00Z,153.1577,45.7977
2026-07-30T09:30:00Z,156.4904,46.3203
2026-07-30T09:40:00Z,159.8735,46.7766
2026-07-30T09:50:00Z,163.3014,47.1642
2026-07-30T10:00:00Z,166.7678,47.4807
2026-07-30T10:10:00Z,170.2657,47.7244
2026-07-30T10:20:00Z,173.7872,47.8937
2026-07-30T10:30:00Z,177.324,47.9875
2026-07-30T10:40:00Z,180.8672,48.0052
2026-07-30T10:50:00Z,184.4082,47.9468
2026-07-30T11:00:00Z,187.938,47.8126
2026-07-30T11:10:00Z,191.4481,47.6035
2026-07-30T11:20:00Z,194.9304,47.3206
2026-07-30T11:30:00Z,198.3774,46.9658
2026-07-30T11:40:00Z,201.7824,46.541
2026-07-30T11:50:00Z,205.1396,46.0488
2026-07-30T12:00:00Z,208.4439,45.4917
2026-07-30T12:10:00Z,211.6915,44.8727
2026-07-30T12:20:00Z,214.8793,44.1948
2026-07-30T12:30:00Z,218.0051,43.4612
2026-07-30T12:40:00Z,221.0676,42.6753
2026-07-30T12:50:00Z,224.0663,41.8402
2026-07-30T13:00:00Z,227.0013,40.9594
2026-07-30T13:10:00Z,229.8736,40.0359
2026-07-30T13:20:00Z,232.6842,39.0732
2026-07-30T13:30:00Z,235.435,38.0742
2026-07-30T13:40:00Z,238.1281,37.042
2026-07-30T13:50:00Z,240.7657,35.9796
2026-07-30T14:00:00Z,243.3505,34.8899
2026-07-30T14:10:00Z,245.8852,33.7756
2026-07-30T14:20:00Z,248.3726,32.6392
2026-07-30T14:30:00Z,250.8156,31.4834
2026-07-30T14:40:00Z,253.2172,30.3105
2026-07-30T14:50:00Z,255.5802,29.123
2026-07-30T15:00:00Z,257.9077,27.923
2026-07-30T15:10:00Z,260.2025,26.7127
2026-07-30T15:20:00Z,262.4674,25.4942
2026-07-30T15:30:00Z,264.7053,24.2696
2026-07-30T15:40:00Z,266.9187,23.0407
2026-07-30T15:50:00Z,269.1103,21.8095
2026-07-30T16:00:00Z,271.2828,20.5778
2026-07-30T16:10:00Z,273.4384,19.3475
2026-07-30T16:20:00Z,275.5797,18.1203
2026-07-30T16:30:00Z,277.709,16.898
2026-07-30T16:40:00Z,279.8283,15.6823
2026-07-30T16:50:00Z,281.94,14.475
2026-07-30T17:00:00Z,284.046,13.2779
2026-07-30T17:10:00Z,286.1482,12.0927
2026-07-30T17:20:00Z,288.2487,10.9212
2026-07-30T17:30:00Z,290.3491,9.7655
2026-07-30T17:40:00Z,292.4512,8.6274
2026-07-30T17:50:00Z,294.5567,7.5093
2026-07-30T18:00:00Z,296.667,6.4135
2026-07-30T18:10:00Z,298.7836,5.3428
2026-07-30T18:20:00Z,300.908,4.3013
2026-07-30T18:30:00Z,303.0412,3.2945
2026-07-30T18:40:00Z,305.1846,2.3273
2026-07-30T18:50:00Z,307.3392,1.4095
2026-07-30T19:00:00Z,309.5059,0.5537
2026-07-31T02:10:00Z,49.4214,0.0936
2026-07-31T02:20:00Z,51.5969,0.9067
2026-07-31T02:30:00Z,53.7599,1.7897
2026-07-31T02:40:00Z,55.9112,2.7291
2026-07-31T02:50:00Z,58.0519,3.7131
2026-07-31T03:00:00Z,60.183,4.7338
2026-07-31T03:10:00Z,62.3058,5.7876
2026-07-31T03:20:00Z,64.4217,6.8681
2026-07-31T03:30:00Z,66.532,7.9725
2026-07-31T03:40:00Z,68.6381,9.098
2026-07-31T03:50:00Z,70.7418,10.2423
2026-07-31T04:00:00Z,72.8446,11.4033
2026-07-31T04:10:00Z,74.9483,12.5791
2026-07-31T04:20:00Z,77.0548,13.7677
2026-07-31T04:30:00Z,79.1659,14.9674
2026-07-31T04:40:00Z,81.2837,16.1763
2026-07-31T04:50:00Z,83.4103,17.3927
2026-07-31T05:00:00Z,85.5478,18.6148
2026-07-31T05:10:00Z,87.6985,19.841
2026-07-31T05:20:00Z,89.8647,21.0693
2026-07-31T05:30:00Z,92.0489,22.298
2026-07-31T05:40:00Z,94.2534,23.5253
2026-07-31T05:50:00Z,96.481,24.7492
2026-07-31T06:00:00Z,98.7343,25.9679
2026-07-31T06:10:00Z,101.0159,27.1793
2026-07-31T06:20:00Z,103.3286,28.3815
2026-07-31T06:30:00Z,105.6754,29.5721
2026-07-31T06:40:00Z,108.0591,30.7492
2026-07-31T06:50:00Z,110.4825,31.9102
2026-07-31T07:00:00Z,112.9486,33.053
2026-07-31T07:10:00Z,115.4603,34.1749
2026-07-31T07:20:00Z,118.0205,35.2735
2026-07-31T07:30:00Z,120.6317,36.346
2026-07-31T07:40:00Z,123.2968,37.3895
2026-07-31T07:50:00Z,126.0181,38.4014
2026-07-31T08:00:00Z,128.7977,39.3784
2026-07-31T08:10:00Z,131.6375,40.3176
2026-07-31T08:20:00Z,134.5391,41.2158
2026-07-31T08:30:00Z,137.5033,42.0698
2026-07-31T08:40:00Z,140.5306,42.8763
2026-07-31T08:50:00Z,143.6209,43.632
2026-07-31T09:00:00Z,146.7731,44.3336
2026-07-31T09:10:00Z,149.9855,44.978
2026-07-31T09:20:00Z,153.2555,45.5621
2026-07-31T09:30:00Z,156.5796,46.0828
2026-07-31T09:40:00Z,159.9534,46.5374
2026-07-31T09:50:00Z,163.3714,46.9234
2026-07-31T10:00:00Z,166.8274,47.2386
2026-07-31T10:10:00Z,170.3144,47.4811
2026-07-31T10:20:00Z,173.8246,47.6494
2026-07-31T10:30:00Z,177.3498,47.7425
2026-07-31T10:40:00Z,180.8813,47.7598
2026-07-31T10:50:00Z,184.4106,47.7012
2026-07-31T11:00:00Z,187.9288,47.567
2026-07-31T11:10:00Z,191.4275,47.3581
2026-07-31T11:20:00Z,194.8988,47.0758
2026-07-31T11:30:00Z,198.3352,46.7217
2026-07-31T11:40:00Z,201.7302,46.2978
2026-07-31T11:50:00Z,205.0779,45.8067
2026-07-31T12:00:00Z,208.3734,45.2508
2026-07-31T12:10:00Z,211.6129,44.6332
2026-07-31T12:20:00Z,214.7932,43.9567
2026-07-31T12:30:00Z,217.9122,43.2247
2026-07-31T12:40:00Z,220.9686,42.4403
2026-07-31T12:50:00Z,223.9619,41.6068
2026-07-31T13:00:00Z,226.8922,40.7275
2026-07-31T13:10:00Z,229.7603,39.8057
2026-07-31T13:20:00Z,232.5673,38.8444
2026-07-31T13:30:00Z,235.3151,37.8469
2026-07-31T13:40:00Z,238.0055,36.8161
2026-07-31T13:50:00Z,240.6411,35.7551
2026-07-31T14:00:00Z,243.2241,34.6666
2026-07-31T14:10:00Z,245.7575,33.5534
2026-07-31T14:20:00Z,248.2439,32.4181
2026-07-31T14:30:00Z,250.6862,31.2632
2026-07-31T14:40:00Z,253.0874,30.0912
2026-07-31T14:50:00Z,255.4503,28.9044
2026-07-31T15:00:00Z,257.7779,27.705
2026-07-31T15:10:00Z,260.0729,26.4952
2026-07-31T15:20:00Z,262.3383,25.2772
2026-07-31T15:30:00Z,264.5768,24.0528
2026-07-31T15:40:00Z,266.791,22.8241
2026-07-31T15:50:00Z,268.9835,21.593
2026-07-31T16:00:00Z,271.157,20.3614
2026-07-31T16:10:00Z,273.3139,19.1309
2026-07-31T16:20:00Z,275.4565,17.9036
2026-07-31T16:30:00Z,277.5871,16.681
2026-07-31T16:40:00Z,279.708,15.465
2026-07-31T16:50:00Z,281.8213,14.2573
2026-07-31T17:00:00Z,283.929,13.0597
2026-07-31T17:10:00Z,286.0331,11.8741
2026-07-31T17:20:00Z,288.1354,10.7022
2026-07-31T17:30:00Z,290.2379,9.5459
2026-07-31T17:40:00Z,292.3421,8.4075
2026-07-31T17:50:00Z,294.4498,7.2891
2026-07-31T18:00:00Z,296.5625,6.1932
2026-07-31T18:10:00Z,298.6816,5.1222
2026-07-31T18:20:00Z,300.8085,4.0824
2026-07-31T18:30:00Z,302.9445,3.0774
2026-07-31T18:40:00Z,305.0907,2.1137
2026-07-31T18:50:00Z,307.2482,1.2021
2026-07-31T19:00:00Z,309.4181,0.3561
2026-08-01T02:20:00Z,51.71,0.7123
2026-08-01T02:30:00Z,53.8759,1.5878
2026-08-01T02:40:00Z,56.0301,2.5226
2026-08-01T02:50:00Z,58.1734,3.5044
2026-08-01T03:00:00Z,60.3072,4.524
2026-08-01T03:10:00Z,62.4325,5.5771
2026-08-01T03:20:00Z,64.5507,6.6578
2026-08-01T03:30:00Z,66.6633,7.7625
2026-08-01T03:40:00Z,68.7716,8.8885
2026-08-01T03:50:00Z,70.8774,10.0334
2026-08-01T04:00:00Z,72.9822,11.195
2026-08-01T04:10:00Z,75.0878,12.3713
2026-08-01T04:20:00Z,77.1961,13.5605
2026-08-01T04:30:00Z,79.3091,14.7606
2026-08-01T04:40:00Z,81.4286,15.9699
2026-08-01T04:50:00Z,83.5567,17.1866
2026-08-01T05:00:00Z,85.6958,18.409
2026-08-01T05:10:00Z,87.8479,19.6352
2026-08-01T05:20:00Z,90.0154,20.8635
2026-08-01T05:30:00Z,92.2008,22.0921
2026-08-01T05:40:00Z,94.4065,23.3191
2026-08-01T05:50:00Z,96.635,24.5427
2026-08-01T06:00:00Z,98.8891,25.7609
2026-08-01T06:10:00Z,101.1714,26.9717
2026-08-01T06:20:00Z,103.4848,28.173
2026-08-01T06:30:00Z,105.8319,29.3628
2026-08-01T06:40:00Z,108.2157,30.5388
2026-08-01T06:50:00Z,110.639,31.6988
2026-08-01T07:00:00Z,113.1048,32.8402
2026-08-01T07:10:00Z,115.6158,33.9608
2026-08-01T07:20:00Z,118.1749,35.0578
2026-08-01T07:30:00Z,120.7848,36.1286
2026-08-01T07:40:00Z,123.4481,37.1704
2026-08-01T07:50:00Z,126.1671,38.1804
2026-08-01T08:00:00Z,128.944,39.1555
2026-08-01T08:10:00Z,131.7806,40.0926
2026-08-01T08:20:00Z,134.6783,40.9887
2026-08-01T08:30:00Z,137.6381,41.8406
2026-08-01T08:40:00Z,140.6603,42.6448
2026-08-01T08:50:00Z,143.7447,43.3984
2026-08-01T09:00:00Z,146.8904,44.0978
2026-08-01T09:10:00Z,150.0955,44.7401
2026-08-01T09:20:00Z,153.3576,45.3221
2026-08-01T09:30:00Z,156.673,45.8409
2026-08-01T09:40:00Z,160.0374,46.2937
2026-08-01T09:50:00Z,163.4454,46.6781
2026-08-01T10:00:00Z,166.8908,46.9918
2026-08-01T10:10:00Z,170.3668,47.233
2026-08-01T10:20:00Z,173.8656,47.4003
2026-08-01T10:30:00Z,177.3791,47.4926
2026-08-01T10:40:00Z,180.8989,47.5094
2026-08-01T10:50:00Z,184.4163,47.4505
2026-08-01T11:00:00Z,187.9227,47.3163
2026-08-01T11:10:00Z,191.41,47.1076
2026-08-01T11:20:00Z,194.8701,46.8257
2026-08-01T11:30:00Z,198.2958,46.4723
2026-08-01T11:40:00Z,201.6805,46.0493
2026-08-01T11:50:00Z,205.0186,45.5592
2026-08-01T12:00:00Z,208.3051,45.0045
2026-08-01T12:10:00Z,211.5363,44.3882
2026-08-01T12:20:00Z,214.709,43.7132
2026-08-01T12:30:00Z,217.821,42.9826
2026-08-01T12:40:00Z,220.8712,42.1998
2026-08-01T12:50:00Z,223.859,41.3678
2026-08-01T13:00:00Z,226.7844,40.4901
2026-08-01T13:10:00Z,229.6481,39.5698
2026-08-01T13:20:00Z,232.4514,38.61
2026-08-01T13:30:00Z,235.196,37.614
2026-08-01T13:40:00Z,237.8838,36.5846
2026-08-01T13:50:00Z,240.5171,35.5249
2026-08-01T14:00:00Z,243.0983,34.4376
2026-08-01T14:10:00Z,245.6302,33.3255
2026-08-01T14:20:00Z,248.1156,32.1913
2026-08-01T14:30:00Z,250.5571,31.0374
2026-08-01T14:40:00Z,252.9578,29.8662
2026-08-01T14:50:00Z,255.3205,28.6801
2026-08-01T15:00:00Z,257.6481,27.4814
2026-08-01T15:10:00Z,259.9434,26.2722
2026-08-01T15:20:00Z,262.2092,25.0545
2026-08-01T15:30:00Z,264.4482,23.8305
2026-08-01T15:40:00Z,266.6632,22.602
2026-08-01T15:50:00Z,268.8566,21.371
2026-08-01T16:00:00Z,271.0312,20.1393
2026-08-01T16:10:00Z,273.1892,18.9088
2026-08-01T16:20:00Z,275.3331,17.6813
2026-08-01T16:30:00Z,277.4651,16.4585
2026-08-01T16:40:00Z,279.5875,15.2422
2026-08-01T16:50:00Z,281.7024,14.0341
2026-08-01T17:00:00Z,283.8118,12.8361
2026-08-01T17:10:00Z,285.9177,11.65
2026-08-01T17:20:00Z,288.022,10.4777
2026-08-01T17:30:00Z,290.1265,9.321
2026-08-01T17:40:00Z,292.2329,8.1822
2026-08-01T17:50:00Z,294.3429,7.0635
2026-08-01T18:00:00Z,296.4579,5.9676
2026-08-01T18:10:00Z,298.5795,4.8972
2026-08-01T18:20:00Z,300.7091,3.8588
2026-08-01T18:30:00Z,302.8478,2.8559
2026-08-01T18:40:00Z,304.9969,1.8965
2026-08-01T18:50:00Z,307.1575,0.9921
2026-08-01T19:00:00Z,309.3304,0.1571
2026-08-02T02:20:00Z,51.8274,0.5174
2026-08-02T02:30:00Z,53.9962,1.3844
2026-08-02T02:40:00Z,56.1532,2.314
2026-08-02T02:50:00Z,58.2993,3.2931
2026-08-02T03:00:00Z,60.4357,4.3114
2026-08-02T03:10:00Z,62.5635,5.3638
2026-08-02T03:20:00Z,64.6841,6.4445
2026-08-02T03:30:00Z,66.7989,7.5496
2026-08-02T03:40:00Z,68.9095,8.676
2026-08-02T03:50:00Z,71.0174,9.8215
2026-08-02T04:00:00Z,73.1242,10.9837
2026-08-02T04:10:00Z,75.2318,12.1606
2026-08-02T04:20:00Z,77.342,13.3502
2026-08-02T04:30:00Z,79.4567,14.5508
2026-08-02T04:40:00Z,81.5779,15.7605
2026-08-02T04:50:00Z,83.7077,16.9775
2026-08-02T05:00:00Z,85.8482,18.2
2026-08-02T05:10:00Z,88.0018,19.4264
2026-08-02T05:20:00Z,90.1706,20.6547
2026-08-02T05:30:00Z,92.3572,21.8831
2026-08-02T05:40:00Z,94.564,23.1099
2026-08-02T05:50:00Z,96.7936,24.3331
2026-08-02T06:00:00Z,99.0486,25.5508
2026-08-02T06:10:00Z,101.3316,26.7609
2026-08-02T06:20:00Z,103.6454,27.9615
2026-08-02T06:30:00Z,105.9929,29.1504
2026-08-02T06:40:00Z,108.3768,30.3253
2026-08-02T06:50:00Z,110.8001,31.484
2026-08-02T07:00:00Z,113.2655,32.6242
2026-08-02T07:10:00Z,115.7758,33.7433
2026-08-02T07:20:00Z,118.3339,34.8387
2026-08-02T07:30:00Z,120.9425,35.9078
2026-08-02T07:40:00Z,123.604,36.9478
2026-08-02T07:50:00Z,126.3207,37.9558
2026-08-02T08:00:00Z,129.0949,38.9288
2026-08-02T08:10:00Z,131.9282,39.8639
2026-08-02T08:20:00Z,134.822,40.7578
2026-08-02T08:30:00Z,137.7772,41.6074
2026-08-02T08:40:00Z,140.7943,42.4095
2026-08-02T08:50:00Z,143.8728,43.1607
2026-08-02T09:00:00Z,147.0119,43.8579
2026-08-02T09:10:00Z,150.2097,44.498
2026-08-02T09:20:00Z,153.4637,45.0779
2026-08-02T09:30:00Z,156.7704,45.5947
2026-08-02T09:40:00Z,160.1253,46.0456
2026-08-02T09:50:00Z,163.5233,46.4282
2026-08-02T10:00:00Z,166.9581,46.7404
2026-08-02T10:10:00Z,170.4229,46.9803
2026-08-02T10:20:00Z,173.9102,47.1465
2026-08-02T10:30:00Z,177.4119,47.2379
2026-08-02T10:40:00Z,180.9198,47.2541
2026-08-02T10:50:00Z,184.4252,47.1948
2026-08-02T11:00:00Z,187.9198,47.0605
2026-08-02T11:10:00Z,191.3954,46.852
2026-08-02T11:20:00Z,194.8442,46.5705
2026-08-02T11:30:00Z,198.259,46.2177
2026-08-02T11:40:00Z,201.6334,45.7955
2026-08-02T11:50:00Z,204.9617,45.3064
2026-08-02T12:00:00Z,208.2391,44.7529
2026-08-02T12:10:00Z,211.4618,44.1378
2026-08-02T12:20:00Z,214.6267,43.4642
2026-08-02T12:30:00Z,217.7317,42.7351
2026-08-02T12:40:00Z,220.7755,41.9537
2026-08-02T12:50:00Z,223.7575,41.1234
2026-08-02T13:00:00Z,226.6778,40.2472
2026-08-02T13:10:00Z,229.5371,39.3283
2026-08-02T13:20:00Z,232.3366,38.3701
2026-08-02T13:30:00Z,235.0779,37.3755
2026-08-02T13:40:00Z,237.7628,36.3475
2026-08-02T13:50:00Z,240.3938,35.2891
2026-08-02T14:00:00Z,242.9731,34.2031
2026-08-02T14:10:00Z,245.5035,33.0922
2026-08-02T14:20:00Z,247.9877,31.959
2026-08-02T14:30:00Z,250.4284,30.806
2026-08-02T14:40:00Z,252.8285,29.6357
2026-08-02T14:50:00Z,255.1909,28.4503
2026-08-02T15:00:00Z,257.5185,27.2522
2026-08-02T15:10:00Z,259.8139,26.0435
2026-08-02T15:20:00Z,262.0801,24.8263
2026-08-02T15:30:00Z,264.3197,23.6026
2026-08-02T15:40:00Z,266.5353,22.3743
2026-08-02T15:50:00Z,268.7297,21.1435
2026-08-02T16:00:00Z,270.9052,19.9118
2026-08-02T16:10:00Z,273.0644,18.6813
2026-08-02T16:20:00Z,275.2095,17.4536
2026-08-02T16:30:00Z,277.3429,16.2305
2026-08-02T16:40:00Z,279.4668,15.0139
2026-08-02T16:50:00Z,281.5833,13.8055
2026-08-02T17:00:00Z,283.6945,12.6071
2026-08-02T17:10:00Z,285.8023,11.4206
2026-08-02T17:20:00Z,287.9085,10.2478
2026-08-02T17:30:00Z,290.0151,9.0908
2026-08-02T17:40:00Z,292.1237,7.9516
2026-08-02T17:50:00Z,294.2359,6.8328
2026-08-02T18:00:00Z,296.3534,5.737
2026-08-02T18:10:00Z,298.4775,4.6674
2026-08-02T18:20:00Z,300.6097,3.6305
2026-08-02T18:30:00Z,302.7513,2.6303
2026-08-02T18:40:00Z,304.9033,1.6758
2026-08-02T18:50:00Z,307.0669,0.7798
2026-08-03T02:20:00Z,51.9489,0.3225
2026-08-03T02:30:00Z,54.1208,1.1799
2026-08-03T02:40:00Z,56.2806,2.1035
2026-08-03T02:50:00Z,58.4295,3.0794
2026-08-03T03:00:00Z,60.5685,4.0961
2026-08-03T03:10:00Z,62.6988,5.1471
2026-08-03T03:20:00Z,64.8218,6.2283
2026-08-03T03:30:00Z,66.939,7.3337
2026-08-03T03:40:00Z,69.0518,8.4606
2026-08-03T03:50:00Z,71.1618,9.6066
2026-08-03T04:00:00Z,73.2707,10.7694
2026-08-03T04:10:00Z,75.3802,11.9468
2026-08-03T04:20:00Z,77.4923,13.137
2026-08-03T04:30:00Z,79.6087,14.3381
2026-08-03T04:40:00Z,81.7316,15.5481
2026-08-03T04:50:00Z,83.863,16.7654
2026-08-03T05:00:00Z,86.0051,17.9882
2026-08-03T05:10:00Z,88.1601,19.2146
2026-08-03T05:20:00Z,90.3303,20.4429
2026-08-03T05:30:00Z,92.5182,21.6712
2026-08-03T05:40:00Z,94.7261,22.8977
2026-08-03T05:50:00Z,96.9567,24.1205
2026-08-03T06:00:00Z,99.2125,25.3376
2026-08-03T06:10:00Z,101.4962,26.5471
2026-08-03T06:20:00Z,103.8106,27.7468
2026-08-03T06:30:00Z,106.1584,28.9347
2026-08-03T06:40:00Z,108.5425,30.1086
2026-08-03T06:50:00Z,110.9656,31.2661
2026-08-03T07:00:00Z,113.4306,32.4049
2026-08-03T07:10:00Z,115.9403,33.5224
2026-08-03T07:20:00Z,118.4974,34.6162
2026-08-03T07:30:00Z,121.1046,35.6835
2026-08-03T07:40:00Z,123.7643,36.7216
2026-08-03T07:50:00Z,126.4788,37.7276
2026-08-03T08:00:00Z,129.2501,38.6986
2026-08-03T08:10:00Z,132.0801,39.6315
2026-08-03T08:20:00Z,134.97,40.5232
2026-08-03T08:30:00Z,137.9207,41.3705
2026-08-03T08:40:00Z,140.9325,42.1702
2026-08-03T08:50:00Z,144.0051,42.9191
2026-08-03T09:00:00Z,147.1376,43.614
2026-08-03T09:10:00Z,150.328,44.2518
2026-08-03T09:20:00Z,153.5739,44.8295
2026-08-03T09:30:00Z,156.8718,45.3442
2026-08-03T09:40:00Z,160.2172,45.7931
2026-08-03T09:50:00Z,163.605,46.174
2026-08-03T10:00:00Z,167.0291,46.4845
2026-08-03T10:10:00Z,170.4827,46.723
2026-08-03T10:20:00Z,173.9584,46.888
2026-08-03T10:30:00Z,177.4482,46.9785
2026-08-03T10:40:00Z,180.944,46.994
2026-08-03T10:50:00Z,184.4374,46.9343
2026-08-03T11:00:00Z,187.92,46.7998
2026-08-03T11:10:00Z,191.3839,46.5914
2026-08-03T11:20:00Z,194.8212,46.3102
2026-08-03T11:30:00Z,198.225,45.958
2026-08-03T11:40:00Z,201.5889,45.5366
2026-08-03T11:50:00Z,204.9072,45.0484
2026-08-03T12:00:00Z,208.1754,44.496
2026-08-03T12:10:00Z,211.3894,43.8821
2026-08-03T12:20:00Z,214.5464,43.2098
2026-08-03T12:30:00Z,217.6441,42.4822
2026-08-03T12:40:00Z,220.6814,41.7023
2026-08-03T12:50:00Z,223.6576,40.8734
2026-08-03T13:00:00Z,226.5727,39.9987
2026-08-03T13:10:00Z,229.4274,39.0815
2026-08-03T13:20:00Z,232.2229,38.1247
2026-08-03T13:30:00Z,234.9607,37.1315
2026-08-03T13:40:00Z,237.6428,36.1049
2026-08-03T13:50:00Z,240.2713,35.0478
2026-08-03T14:00:00Z,242.8486,33.9631
2026-08-03T14:10:00Z,245.3774,32.8533
2026-08-03T14:20:00Z,247.8603,31.7211
2026-08-03T14:30:00Z,250.3001,30.5691
2026-08-03T14:40:00Z,252.6996,29.3997
2026-08-03T14:50:00Z,255.0616,28.2151
2026-08-03T15:00:00Z,257.389,27.0176
2026-08-03T15:10:00Z,259.6846,25.8095
2026-08-03T15:20:00Z,261.9511,24.5927
2026-08-03T15:30:00Z,264.1912,23.3693
2026-08-03T15:40:00Z,266.4075,22.1413
2026-08-03T15:50:00Z,268.6027,20.9105
2026-08-03T16:00:00Z,270.7792,19.6789
2026-08-03T16:10:00Z,272.9395,18.4483
2026-08-03T16:20:00Z,275.0859,17.2205
2026-08-03T16:30:00Z,277.2207,15.9972
2026-08-03T16:40:00Z,279.3461,14.7803
2026-08-03T16:50:00Z,281.4643,13.5716
2026-08-03T17:00:00Z,283.5772,12.3728
2026-08-03T17:10:00Z,285.6868,11.1858
2026-08-03T17:20:00Z,287.795,10.0126
2026-08-03T17:30:00Z,289.9037,8.8553
2026-08-03T17:40:00Z,292.0144,7.7159
2026-08-03T17:50:00Z,294.129,6.597
2026-08-03T18:00:00Z,296.2489,5.5014
2026-08-03T18:10:00Z,298.3756,4.433
2026-08-03T18:20:00Z,300.5105,3.3978
2026-08-03T18:30:00Z,302.6549,2.4008
2026-08-03T18:40:00Z,304.8099,1.4522
2026-08-03T18:50:00Z,306.9767,0.5659
2026-08-04T02:20:00Z,52.0746,0.1281
2026-08-04T02:30:00Z,54.2495,0.9746
2026-08-04T02:40:00Z,56.4123,1.8914
2026-08-04T02:50:00Z,58.5639,2.8635
2026-08-04T03:00:00Z,60.7055,3.8784
2026-08-04T03:10:00Z,62.8384,4.9283
2026-08-04T03:20:00Z,64.9639,6.0094
2026-08-04T03:30:00Z,67.0834,7.1149
2026-08-04T03:40:00Z,69.1984,8.2423
2026-08-04T03:50:00Z,71.3105,9.3888
2026-08-04T04:00:00Z,73.4215,10.5522
2026-08-04T04:10:00Z,75.533,11.7302
2026-08-04T04:20:00Z,77.6469,12.9209
2026-08-04T04:30:00Z,79.7652,14.1224
2026-08-04T04:40:00Z,81.8898,15.3329
2026-08-04T04:50:00Z,84.0228,16.5505
2026-08-04T05:00:00Z,86.1664,17.7734
2026-08-04T05:10:00Z,88.3229,18.9999
2026-08-04T05:20:00Z,90.4944,20.2282
2026-08-04T05:30:00Z,92.6835,21.4563
2026-08-04T05:40:00Z,94.8926,22.6825
2026-08-04T05:50:00Z,97.1242,23.9049
2026-08-04T06:00:00Z,99.3808,25.1214
2026-08-04T06:10:00Z,101.6653,26.3302
2026-08-04T06:20:00Z,103.9802,27.5291
2026-08-04T06:30:00Z,106.3284,28.716
2026-08-04T06:40:00Z,108.7126,29.8888
2026-08-04T06:50:00Z,111.1356,31.045
2026-08-04T07:00:00Z,113.6002,32.1823
2026-08-04T07:10:00Z,116.1092,33.2983
2026-08-04T07:20:00Z,118.6653,34.3904
2026-08-04T07:30:00Z,121.271,35.4559
2026-08-04T07:40:00Z,123.9289,36.4921
2026-08-04T07:50:00Z,126.6411,37.496
2026-08-04T08:00:00Z,129.4096,38.4648
2026-08-04T08:10:00Z,132.2363,39.3955
2026-08-04T08:20:00Z,135.1222,40.2848
2026-08-04T08:30:00Z,138.0683,41.1298
2026-08-04T08:40:00Z,141.0749,41.9271
2026-08-04T08:50:00Z,144.1415,42.6736
2026-08-04T09:00:00Z,147.2673,43.3661
2026-08-04T09:10:00Z,150.4503,44.0016
2026-08-04T09:20:00Z,153.6881,44.577
2026-08-04T09:30:00Z,156.977,45.0895
2026-08-04T09:40:00Z,160.3129,45.5364
2026-08-04T09:50:00Z,163.6904,45.9153
2026-08-04T10:00:00Z,167.1037,46.2242
2026-08-04T10:10:00Z,170.546,46.4612
2026-08-04T10:20:00Z,174.01,46.6249
2026-08-04T10:30:00Z,177.4879,46.7144
2026-08-04T10:40:00Z,180.9716,46.7291
2026-08-04T10:50:00Z,184.4528,46.669
2026-08-04T11:00:00Z,187.9233,46.5343
2026-08-04T11:10:00Z,191.3753,46.3259
2026-08-04T11:20:00Z,194.801,46.0449
2026-08-04T11:30:00Z,198.1937,45.6932
2026-08-04T11:40:00Z,201.5469,45.2725
2026-08-04T11:50:00Z,204.8552,44.7852
2026-08-04T12:00:00Z,208.1139,44.2338
2026-08-04T12:10:00Z,211.3192,43.6212
2026-08-04T12:20:00Z,214.4681,42.9502
2026-08-04T12:30:00Z,217.5585,42.224
2026-08-04T12:40:00Z,220.5891,41.4455
2026-08-04T12:50:00Z,223.5592,40.6182
2026-08-04T13:00:00Z,226.469,39.745
2026-08-04T13:10:00Z,229.319,38.8292
2026-08-04T13:20:00Z,232.1104,37.8739
2026-08-04T13:30:00Z,234.8447,36.8821
2026-08-04T13:40:00Z,237.5237,35.8569
2026-08-04T13:50:00Z,240.1496,34.8012
2026-08-04T14:00:00Z,242.7248,33.7176
2026-08-04T14:10:00Z,245.2519,32.609
2026-08-04T14:20:00Z,247.7334,31.4779
2026-08-04T14:30:00Z,250.1722,30.3268
2026-08-04T14:40:00Z,252.571,29.1582
2026-08-04T14:50:00Z,254.9327,27.9744
2026-08-04T15:00:00Z,257.2599,26.7776
2026-08-04T15:10:00Z,259.5555,25.57
2026-08-04T15:20:00Z,261.8223,24.3536
2026-08-04T15:30:00Z,264.0628,23.1306
2026-08-04T15:40:00Z,266.2798,21.9028
2026-08-04T15:50:00Z,268.4758,20.6722
2026-08-04T16:00:00Z,270.6533,19.4406
2026-08-04T16:10:00Z,272.8147,18.21
2026-08-04T16:20:00Z,274.9623,16.982
2026-08-04T16:30:00Z,277.0985,15.7585
2026-08-04T16:40:00Z,279.2254,14.5414
2026-08-04T16:50:00Z,281.3451,13.3323
2026-08-04T17:00:00Z,283.4598,12.1332
2026-08-04T17:10:00Z,285.5713,10.9459
2026-08-04T17:20:00Z,287.6815,9.7723
2026-08-04T17:30:00Z,289.7922,8.6146
2026-08-04T17:40:00Z,291.9052,7.4751
2026-08-04T17:50:00Z,294.0222,6.3562
2026-08-04T18:00:00Z,296.1445,5.261
2026-08-04T18:10:00Z,298.2739,4.194
2026-08-04T18:20:00Z,300.4115,3.1608
2026-08-04T18:30:00Z,302.5588,2.1678
2026-08-04T18:40:00Z,304.7168,1.2261
2026-08-04T18:50:00Z,306.8867,0.3508
2026-08-05T02:30:00Z,54.3825,0.769
2026-08-05T02:40:00Z,56.5481,1.678
2026-08-05T02:50:00Z,58.7025,2.6455
2026-08-05T03:00:00Z,60.8468,3.6583
2026-08-05T03:10:00Z,62.9823,4.7071
2026-08-05T03:20:00Z,65.1102,5.7877
2026-08-05T03:30:00Z,67.232,6.8934
2026-08-05T03:40:00Z,69.3493,8.0212
2026-08-05T03:50:00Z,71.4635,9.1683
2026-08-05T04:00:00Z,73.5765,10.3322
2026-08-05T04:10:00Z,75.69,11.5108
2026-08-05T04:20:00Z,77.8058,12.702
2026-08-05T04:30:00Z,79.9259,13.904
2026-08-05T04:40:00Z,82.0522,15.1149
2026-08-05T04:50:00Z,84.1869,16.3327
2026-08-05T05:00:00Z,86.3321,17.5559
2026-08-05T05:10:00Z,88.49,18.7824
2026-08-05T05:20:00Z,90.6629,20.0106
2026-08-05T05:30:00Z,92.8532,21.2386
2026-08-05T05:40:00Z,95.0634,22.4645
2026-08-05T05:50:00Z,97.296,23.6864
2026-08-05T06:00:00Z,99.5535,24.9023
2026-08-05T06:10:00Z,101.8387,26.1104
2026-08-05T06:20:00Z,104.1542,27.3084
2026-08-05T06:30:00Z,106.5027,28.4943
2026-08-05T06:40:00Z,108.887,29.6659
2026-08-05T06:50:00Z,111.3099,30.8208
2026-08-05T07:00:00Z,113.7741,31.9566
2026-08-05T07:10:00Z,116.2824,33.071
2026-08-05T07:20:00Z,118.8374,34.1614
2026-08-05T07:30:00Z,121.4417,35.225
2026-08-05T07:40:00Z,124.0977,36.2592
2026-08-05T07:50:00Z,126.8076,37.261
2026-08-05T08:00:00Z,129.5734,38.2276
2026-08-05T08:10:00Z,132.3966,39.1559
2026-08-05T08:20:00Z,135.2785,40.0429
2026-08-05T08:30:00Z,138.22,40.8854
2026-08-05T08:40:00Z,141.2213,41.6802
2026-08-05T08:50:00Z,144.2819,42.4242
2026-08-05T09:00:00Z,147.4009,43.1143
2026-08-05T09:10:00Z,150.5765,43.7473
2026-08-05T09:20:00Z,153.806,44.3204
2026-08-05T09:30:00Z,157.086,44.8306
2026-08-05T09:40:00Z,160.4122,45.2754
2026-08-05T09:50:00Z,163.7795,45.6524
2026-08-05T10:00:00Z,167.1819,45.9595
2026-08-05T10:10:00Z,170.6129,46.1949
2026-08-05T10:20:00Z,174.0651,46.3573
2026-08-05T10:30:00Z,177.5309,46.4457
2026-08-05T10:40:00Z,181.0024,46.4596
2026-08-05T10:50:00Z,184.4713,46.3989
2026-08-05T11:00:00Z,187.9297,46.2639
2026-08-05T11:10:00Z,191.3696,46.0555
2026-08-05T11:20:00Z,194.7837,45.7748
2026-08-05T11:30:00Z,198.1651,45.4234
2026-08-05T11:40:00Z,201.5075,45.0034
2026-08-05T11:50:00Z,204.8056,44.517
2026-08-05T12:00:00Z,208.0547,43.9666
2026-08-05T12:10:00Z,211.2511,43.3551
2026-08-05T12:20:00Z,214.3918,42.6854
2026-08-05T12:30:00Z,217.4747,41.9605
2026-08-05T12:40:00Z,220.4985,41.1835
2026-08-05T12:50:00Z,223.4625,40.3576
2026-08-05T13:00:00Z,226.3668,39.4859
2026-08-05T13:10:00Z,229.212,38.5716
2026-08-05T13:20:00Z,231.9991,37.6178
2026-08-05T13:30:00Z,234.7297,36.6274
2026-08-05T13:40:00Z,237.4056,35.6036
2026-08-05T13:50:00Z,240.0288,34.5491
2026-08-05T14:00:00Z,242.6018,33.4668
2026-08-05T14:10:00Z,245.1271,32.3593
2026-08-05T14:20:00Z,247.6072,31.2293
2026-08-05T14:30:00Z,250.0449,30.0792
2026-08-05T14:40:00Z,252.4429,28.9115
2026-08-05T14:50:00Z,254.8041,27.7284
2026-08-05T15:00:00Z,257.1311,26.5323
2026-08-05T15:10:00Z,259.4267,25.3252
2026-08-05T15:20:00Z,261.6937,24.1093
2026-08-05T15:30:00Z,263.9347,22.8866
2026-08-05T15:40:00Z,266.1523,21.659
2026-08-05T15:50:00Z,268.349,20.4286
2026-08-05T16:00:00Z,270.5274,19.1971
2026-08-05T16:10:00Z,272.6899,17.9664
2026-08-05T16:20:00Z,274.8388,16.7383
2026-08-05T16:30:00Z,276.9763,15.5146
2026-08-05T16:40:00Z,279.1047,14.2972
2026-08-05T16:50:00Z,281.2261,13.0879
2026-08-05T17:00:00Z,283.3424,11.8884
2026-08-05T17:10:00Z,285.4558,10.7007
2026-08-05T17:20:00Z,287.568,9.5268
2026-08-05T17:30:00Z,289.6808,8.3689
2026-08-05T17:40:00Z,291.7961,7.2293
2026-08-05T17:50:00Z,293.9154,6.1105
2026-08-05T18:00:00Z,296.0403,5.0154
2026-08-05T18:10:00Z,298.1722,3.9505
2026-08-05T18:20:00Z,300.3127,2.9199
2026-08-05T18:30:00Z,302.4629,1.9315
2026-08-05T18:40:00Z,304.624,0.998
2026-08-05T18:50:00Z,306.7972,0.1353
2026-08-06T02:30:00Z,54.5195,0.5635
2026-08-06T02:40:00Z,56.6881,1.4636
2026-08-06T02:50:00Z,58.8453,2.4259
2026-08-06T03:00:00Z,60.9923,3.436
2026-08-06T03:10:00Z,63.1303,4.4835
2026-08-06T03:20:00Z,65.2607,5.5634
2026-08-06T03:30:00Z,67.3849,6.6693
2026-08-06T03:40:00Z,69.5044,7.7974
2026-08-06T03:50:00Z,71.6208,8.945
2026-08-06T04:00:00Z,73.7359,10.1095
2026-08-06T04:10:00Z,75.8513,11.2886
2026-08-06T04:20:00Z,77.969,12.4804
2026-08-06T04:30:00Z,80.0909,13.6828
2026-08-06T04:40:00Z,82.219,14.8941
2026-08-06T04:50:00Z,84.3553,16.1122
2026-08-06T05:00:00Z,86.502,17.3355
2026-08-06T05:10:00Z,88.6613,18.5621
2026-08-06T05:20:00Z,90.8356,19.7903
2026-08-06T05:30:00Z,93.0272,21.018
2026-08-06T05:40:00Z,95.2385,22.2436
2026-08-06T05:50:00Z,97.4721,23.465
2026-08-06T06:00:00Z,99.7305,24.6804
2026-08-06T06:10:00Z,102.0164,25.8877
2026-08-06T06:20:00Z,104.3324,27.0848
2026-08-06T06:30:00Z,106.6812,28.2696
2026-08-06T06:40:00Z,109.0657,29.44
2026-08-06T06:50:00Z,111.4884,30.5935
2026-08-06T07:00:00Z,113.9522,31.7279
2026-08-06T07:10:00Z,116.4598,32.8406
2026-08-06T07:20:00Z,119.0138,33.9291
2026-08-06T07:30:00Z,121.6166,34.9908
2026-08-06T07:40:00Z,124.2707,36.0229
2026-08-06T07:50:00Z,126.9783,37.0226
2026-08-06T08:00:00Z,129.7412,37.9869
2026-08-06T08:10:00Z,132.561,38.9128
2026-08-06T08:20:00Z,135.4389,39.7974
2026-08-06T08:30:00Z,138.3757,40.6373
2026-08-06T08:40:00Z,141.3716,41.4296
2026-08-06T08:50:00Z,144.4262,42.1711
2026-08-06T09:00:00Z,147.5384,42.8586
2026-08-06T09:10:00Z,150.7065,43.4892
2026-08-06T09:20:00Z,153.9277,44.0598
2026-08-06T09:30:00Z,157.1987,44.5677
2026-08-06T09:40:00Z,160.5152,45.0103
2026-08-06T09:50:00Z,163.8721,45.3853
2026-08-06T10:00:00Z,167.2636,45.6905
2026-08-06T10:10:00Z,170.6831,45.9243
2026-08-06T10:20:00Z,174.1235,46.0853
2026-08-06T10:30:00Z,177.5772,46.1726
2026-08-06T10:40:00Z,181.0364,46.1856
2026-08-06T10:50:00Z,184.4929,46.1242
2026-08-06T11:00:00Z,187.939,45.9888
2026-08-06T11:10:00Z,191.3668,45.7803
2026-08-06T11:20:00Z,194.7691,45.4997
2026-08-06T11:30:00Z,198.1391,45.1488
2026-08-06T11:40:00Z,201.4707,44.7294
2026-08-06T11:50:00Z,204.7585,44.2437
2026-08-06T12:00:00Z,207.9979,43.6944
2026-08-06T12:10:00Z,211.1852,43.084
2026-08-06T12:20:00Z,214.3176,42.4155
2026-08-06T12:30:00Z,217.3928,41.692
2026-08-06T12:40:00Z,220.4097,40.9164
2026-08-06T12:50:00Z,223.3674,40.0919
2026-08-06T13:00:00Z,226.2662,39.2216
2026-08-06T13:10:00Z,229.1064,38.3088
2026-08-06T13:20:00Z,231.8891,37.3564
2026-08-06T13:30:00Z,234.6159,36.3675
2026-08-06T13:40:00Z,237.2885,35.345
2026-08-06T13:50:00Z,239.909,34.2918
2026-08-06T14:00:00Z,242.4797,33.2107
2026-08-06T14:10:00Z,245.003,32.1044
2026-08-06T14:20:00Z,247.4817,30.9754
2026-08-06T14:30:00Z,249.9182,29.8263
2026-08-06T14:40:00Z,252.3154,28.6594
2026-08-06T14:50:00Z,254.6759,27.4771
2026-08-06T15:00:00Z,257.0027,26.2817
2026-08-06T15:10:00Z,259.2983,25.0751
2026-08-06T15:20:00Z,261.5654,23.8597
2026-08-06T15:30:00Z,263.8068,22.6373
2026-08-06T15:40:00Z,266.0249,21.4101
2026-08-06T15:50:00Z,268.2224,20.1798
2026-08-06T16:00:00Z,270.4017,18.9483
2026-08-06T16:10:00Z,272.5653,17.7176
2026-08-06T16:20:00Z,274.7153,16.4894
2026-08-06T16:30:00Z,276.8542,15.2656
2026-08-06T16:40:00Z,278.9841,14.0479
2026-08-06T16:50:00Z,281.107,12.8383
2026-08-06T17:00:00Z,283.2252,11.6385
2026-08-06T17:10:00Z,285.3404,10.4505
2026-08-06T17:20:00Z,287.4546,9.2764
2026-08-06T17:30:00Z,289.5696,8.1182
2026-08-06T17:40:00Z,291.6871,6.9786
2026-08-06T17:50:00Z,293.8088,5.8601
2026-08-06T18:00:00Z,295.9362,4.7659
2026-08-06T18:10:00Z,298.0708,3.7028
2026-08-06T18:20:00Z,300.2141,2.6752
2026-08-06T18:30:00Z,302.3672,1.6924
2026-08-06T18:40:00Z,304.5315,0.7683
2026-08-07T02:30:00Z,54.6607,0.3586
2026-08-07T02:40:00Z,56.8322,1.2485
2026-08-07T02:50:00Z,58.9923,2.2046
2026-08-07T03:00:00Z,61.142,3.2116
2026-08-07T03:10:00Z,63.2825,4.2576
2026-08-07T03:20:00Z,65.4154,5.3366
2026-08-07T03:30:00Z,67.5419,6.4426
2026-08-07T03:40:00Z,69.6637,7.571
2026-08-07T03:50:00Z,71.7823,8.7191
2026-08-07T04:00:00Z,73.8994,9.8841
2026-08-07T04:10:00Z,76.0168,11.0638
2026-08-07T04:20:00Z,78.1364,12.2561
2026-08-07T04:30:00Z,80.2601,13.459
2026-08-07T04:40:00Z,82.3899,14.6706
2026-08-07T04:50:00Z,84.5278,15.889
2026-08-07T05:00:00Z,86.6761,17.1125
2026-08-07T05:10:00Z,88.8369,18.3391
2026-08-07T05:20:00Z,91.0125,19.5672
2026-08-07T05:30:00Z,93.2053,20.7947
2026-08-07T05:40:00Z,95.4178,22.0199
2026-08-07T05:50:00Z,97.6524,23.2409
2026-08-07T06:00:00Z,99.9116,24.4556
2026-08-07T06:10:00Z,102.1982,25.6621
2026-08-07T06:20:00Z,104.5147,26.8583
2026-08-07T06:30:00Z,106.8639,28.042
2026-08-07T06:40:00Z,109.2485,29.2111
2026-08-07T06:50:00Z,111.6711,30.3632
2026-08-07T07:00:00Z,114.1345,31.496
2026-08-07T07:10:00Z,116.6413,32.6071
2026-08-07T07:20:00Z,119.1942,33.6938
2026-08-07T07:30:00Z,121.7956,34.7535
2026-08-07T07:40:00Z,124.4478,35.7835
2026-08-07T07:50:00Z,127.1529,36.7809
2026-08-07T08:00:00Z,129.9129,37.7428
2026-08-07T08:10:00Z,132.7293,38.6663
2026-08-07T08:20:00Z,135.6032,39.5483
2026-08-07T08:30:00Z,138.5353,40.3857
2026-08-07T08:40:00Z,141.5258,41.1754
2026-08-07T08:50:00Z,144.5743,41.9142
2026-08-07T09:00:00Z,147.6797,42.5992
2026-08-07T09:10:00Z,150.8401,43.2271
2026-08-07T09:20:00Z,154.053,43.7953
2026-08-07T09:30:00Z,157.315,44.3008
2026-08-07T09:40:00Z,160.6217,44.7411
2026-08-07T09:50:00Z,163.9682,45.114
2026-08-07T10:00:00Z,167.3487,45.4173
2026-08-07T10:10:00Z,170.7567,45.6494
2026-08-07T10:20:00Z,174.1852,45.8089
2026-08-07T10:30:00Z,177.6267,45.895
2026-08-07T10:40:00Z,181.0735,45.907
2026-08-07T10:50:00Z,184.5176,45.8449
2026-08-07T11:00:00Z,187.9513,45.7092
2026-08-07T11:10:00Z,191.3669,45.5004
2026-08-07T11:20:00Z,194.7573,45.22
2026-08-07T11:30:00Z,198.1158,44.8694
2026-08-07T11:40:00Z,201.4364,44.4505
2026-08-07T11:50:00Z,204.7137,43.9656
2026-08-07T12:00:00Z,207.9434,43.4172
2026-08-07T12:10:00Z,211.1215,42.8079
2026-08-07T12:20:00Z,214.2454,42.1406
2026-08-07T12:30:00Z,217.3129,41.4183
2026-08-07T12:40:00Z,220.3227,40.6441
2026-08-07T12:50:00Z,223.274,39.821
2026-08-07T13:00:00Z,226.167,38.9522
2026-08-07T13:10:00Z,229.0022,38.0408
2026-08-07T13:20:00Z,231.7805,37.0899
2026-08-07T13:30:00Z,234.5033,36.1024
2026-08-07T13:40:00Z,237.1726,35.0813
2026-08-07T13:50:00Z,239.7902,34.0294
2026-08-07T14:00:00Z,242.3585,32.9495
2026-08-07T14:10:00Z,244.8798,31.8443
2026-08-07T14:20:00Z,247.3568,30.7164
2026-08-07T14:30:00Z,249.7921,29.5682
2026-08-07T14:40:00Z,252.1884,28.4022
2026-08-07T14:50:00Z,254.5483,27.2207
2026-08-07T15:00:00Z,256.8747,26.0259
2026-08-07T15:10:00Z,259.1702,24.8199
2026-08-07T15:20:00Z,261.4374,23.605
2026-08-07T15:30:00Z,263.6791,22.383
2026-08-07T15:40:00Z,265.8978,21.1559
2026-08-07T15:50:00Z,268.096,19.9258
2026-08-07T16:00:00Z,270.2762,18.6944
2026-08-07T16:10:00Z,272.4408,17.4637
2026-08-07T16:20:00Z,274.592,16.2354
2026-08-07T16:30:00Z,276.7322,15.0114
2026-08-07T16:40:00Z,278.8636,13.7936
2026-08-07T16:50:00Z,280.9881,12.5836
2026-08-07T17:00:00Z,283.108,11.3836
2026-08-07T17:10:00Z,285.2251,10.1953
2026-08-07T17:20:00Z,287.3413,9.0209
2026-08-07T17:30:00Z,289.4584,7.8627
2026-08-07T17:40:00Z,291.5782,6.7231
2026-08-07T17:50:00Z,293.7023,5.6049
2026-08-07T18:00:00Z,295.8323,4.5121
2026-08-07T18:10:00Z,297.9696,3.4511
2026-08-07T18:20:00Z,300.1157,2.4271
2026-08-07T18:30:00Z,302.2719,1.4509
2026-08-07T18:40:00Z,304.4393,0.5378
2026-08-08T02:30:00Z,54.806,0.1546
2026-08-08T02:40:00Z,56.9805,1.0331
2026-08-08T02:50:00Z,59.1433,1.9822
2026-08-08T03:00:00Z,61.2957,2.9853
2026-08-08T03:10:00Z,63.4389,4.0295
2026-08-08T03:20:00Z,65.5742,5.1069
2026-08-08T03:30:00Z,67.7031,6.2133
2026-08-08T03:40:00Z,69.8271,7.3421
2026-08-08T03:50:00Z,71.9479,8.4906
2026-08-08T04:00:00Z,74.0671,9.6561
2026-08-08T04:10:00Z,76.1865,10.8363
2026-08-08T04:20:00Z,78.308,12.0291
2026-08-08T04:30:00Z,80.4335,13.2325
2026-08-08T04:40:00Z,82.565,14.4444
2026-08-08T04:50:00Z,84.7045,15.6632
2026-08-08T05:00:00Z,86.8543,16.8868
2026-08-08T05:10:00Z,89.0166,18.1135
2026-08-08T05:20:00Z,91.1935,19.3414
2026-08-08T05:30:00Z,93.3876,20.5688
2026-08-08T05:40:00Z,95.6012,21.7936
2026-08-08T05:50:00Z,97.8368,23.014
2026-08-08T06:00:00Z,100.0969,24.2281
2026-08-08T06:10:00Z,102.3841,25.4337
2026-08-08T06:20:00Z,104.7012,26.6289
2026-08-08T06:30:00Z,107.0507,27.8116
2026-08-08T06:40:00Z,109.4353,28.9793
2026-08-08T06:50:00Z,111.8578,30.13
2026-08-08T07:00:00Z,114.3207,31.2612
2026-08-08T07:10:00Z,116.8268,32.3705
2026-08-08T07:20:00Z,119.3786,33.4553
2026-08-08T07:30:00Z,121.9785,34.513
2026-08-08T07:40:00Z,124.6288,35.5408
2026-08-08T07:50:00Z,127.3315,36.5359
2026-08-08T08:00:00Z,130.0886,37.4955
2026-08-08T08:10:00Z,132.9014,38.4164
2026-08-08T08:20:00Z,135.7712,39.2959
2026-08-08T08:30:00Z,138.6986,40.1306
2026-08-08T08:40:00Z,141.6837,40.9176
2026-08-08T08:50:00Z,144.726,41.6538
2026-08-08T09:00:00Z,147.8245,42.336
2026-08-08T09:10:00Z,150.9774,42.9613
2026-08-08T09:20:00Z,154.1819,43.5269
2026-08-08T09:30:00Z,157.4347,44.03
2026-08-08T09:40:00Z,160.7316,44.468
2026-08-08T09:50:00Z,164.0677,44.8386
2026-08-08T10:00:00Z,167.4371,45.14
2026-08-08T10:10:00Z,170.8336,45.3703
2026-08-08T10:20:00Z,174.2501,45.5283
2026-08-08T10:30:00Z,177.6793,45.613
2026-08-08T10:40:00Z,181.1136,45.624
2026-08-08T10:50:00Z,184.5452,45.5612
2026-08-08T11:00:00Z,187.9665,45.4249
2026-08-08T11:10:00Z,191.3698,45.216
2026-08-08T11:20:00Z,194.7483,44.9356
2026-08-08T11:30:00Z,198.0952,44.5852
2026-08-08T11:40:00Z,201.4046,44.1669
2026-08-08T11:50:00Z,204.6714,43.6827
2026-08-08T12:00:00Z,207.8911,43.1351
2026-08-08T12:10:00Z,211.06,42.5269
2026-08-08T12:20:00Z,214.1753,41.8608
2026-08-08T12:30:00Z,217.2349,41.1397
2026-08-08T12:40:00Z,220.2375,40.3669
2026-08-08T12:50:00Z,223.1824,39.5452
2026-08-08T13:00:00Z,226.0695,38.6778
2026-08-08T13:10:00Z,228.8994,37.7678
2026-08-08T13:20:00Z,231.6731,36.8183
2026-08-08T13:30:00Z,234.392,35.8322
2026-08-08T13:40:00Z,237.0578,34.8124
2026-08-08T13:50:00Z,239.6724,33.7618
2026-08-08T14:00:00Z,242.2382,32.6831
2026-08-08T14:10:00Z,244.7574,31.5791
2026-08-08T14:20:00Z,247.2327,30.4522
2026-08-08T14:30:00Z,249.6667,29.305
2026-08-08T14:40:00Z,252.062,28.1399
2026-08-08T14:50:00Z,254.4212,26.9591
2026-08-08T15:00:00Z,256.7472,25.765
2026-08-08T15:10:00Z,259.0425,24.5596
2026-08-08T15:20:00Z,261.3098,23.3451
2026-08-08T15:30:00Z,263.5518,22.1235
2026-08-08T15:40:00Z,265.771,20.8967
2026-08-08T15:50:00Z,267.9699,19.6668
2026-08-08T16:00:00Z,270.1509,18.4355
2026-08-08T16:10:00Z,272.3165,17.2048
2026-08-08T16:20:00Z,274.4689,15.9764
2026-08-08T16:30:00Z,276.6104,14.7523
2026-08-08T16:40:00Z,278.7432,13.5342
2026-08-08T16:50:00Z,280.8694,12.3241
2026-08-08T17:00:00Z,282.991,11.1237
2026-08-08T17:10:00Z,285.1099,9.9352
2026-08-08T17:20:00Z,287.2281,8.7607
2026-08-08T17:30:00Z,289.3474,7.6024
2026-08-08T17:40:00Z,291.4695,6.4629
2026-08-08T17:50:00Z,293.5961,5.3453
2026-08-08T18:00:00Z,295.7286,4.2541
2026-08-08T18:10:00Z,297.8687,3.1955
2026-08-08T18:20:00Z,300.0177,2.1759
2026-08-08T18:30:00Z,302.1769,1.2076
2026-08-08T18:40:00Z,304.3475,0.307
2026-08-09T02:40:00Z,57.1327,0.8178
2026-08-09T02:50:00Z,59.2984,1.7587
2026-08-09T03:00:00Z,61.4535,2.7573
2026-08-09T03:10:00Z,63.5993,3.7994
2026-08-09T03:20:00Z,65.737,4.8756
2026-08-09T03:30:00Z,67.8683,5.9817
2026-08-09T03:40:00Z,69.9946,7.1107
2026-08-09T03:50:00Z,72.1175,8.2595
2026-08-09T04:00:00Z,74.2388,9.4256
2026-08-09T04:10:00Z,76.3602,10.6063
2026-08-09T04:20:00Z,78.4836,11.7996
2026-08-09T04:30:00Z,80.6109,13.0034
2026-08-09T04:40:00Z,82.7441,14.2158
2026-08-09T04:50:00Z,84.8853,15.4347
2026-08-09T05:00:00Z,87.0366,16.6585
2026-08-09T05:10:00Z,89.2003,17.8852
2026-08-09T05:20:00Z,91.3786,19.1131
2026-08-09T05:30:00Z,93.5739,20.3402
2026-08-09T05:40:00Z,95.7886,21.5646
2026-08-09T05:50:00Z,98.0252,22.7845
2026-08-09T06:00:00Z,100.2861,23.9978
2026-08-09T06:10:00Z,102.5741,25.2027
2026-08-09T06:20:00Z,104.8916,26.3969
2026-08-09T06:30:00Z,107.2414,27.5783
2026-08-09T06:40:00Z,109.6261,28.7447
2026-08-09T06:50:00Z,112.0484,29.8939
2026-08-09T07:00:00Z,114.5109,31.0235
2026-08-09T07:10:00Z,117.0162,32.131
2026-08-09T07:20:00Z,119.5669,33.2138
2026-08-09T07:30:00Z,122.1652,34.2694
2026-08-09T07:40:00Z,124.8136,35.295
2026-08-09T07:50:00Z,127.5139,36.2877
2026-08-09T08:00:00Z,130.268,37.2448
2026-08-09T08:10:00Z,133.0773,38.1632
2026-08-09T08:20:00Z,135.943,39.04
2026-08-09T08:30:00Z,138.8655,39.8721
2026-08-09T08:40:00Z,141.8452,40.6563
2026-08-09T08:50:00Z,144.8813,41.3897
2026-08-09T09:00:00Z,147.9729,42.0692
2026-08-09T09:10:00Z,151.1181,42.6918
2026-08-09T09:20:00Z,154.3141,43.2547
2026-08-09T09:30:00Z,157.5578,43.7553
2026-08-09T09:40:00Z,160.8449,44.1909
2026-08-09T09:50:00Z,164.1704,44.5593
2026-08-09T10:00:00Z,167.5287,44.8586
2026-08-09T10:10:00Z,170.9136,45.087
2026-08-09T10:20:00Z,174.3181,45.2434
2026-08-09T10:30:00Z,177.735,45.3268
2026-08-09T10:40:00Z,181.1568,45.3367
2026-08-09T10:50:00Z,184.5758,45.2731
2026-08-09T11:00:00Z,187.9845,45.1363
2026-08-09T11:10:00Z,191.3755,44.9271
2026-08-09T11:20:00Z,194.7419,44.6466
2026-08-09T11:30:00Z,198.0771,44.2965
2026-08-09T11:40:00Z,201.3754,43.8786
2026-08-09T11:50:00Z,204.6315,43.395
2026-08-09T12:00:00Z,207.8412,42.8483
2026-08-09T12:10:00Z,211.0007,42.2411
2026-08-09T12:20:00Z,214.1073,41.5761
2026-08-09T12:30:00Z,217.1589,40.8563
2026-08-09T12:40:00Z,220.1541,40.0847
2026-08-09T12:50:00Z,223.0924,39.2644
2026-08-09T13:00:00Z,225.9736,38.3984
2026-08-09T13:10:00Z,228.7982,37.4899
2026-08-09T13:20:00Z,231.5672,36.5417
2026-08-09T13:30:00Z,234.282,35.557
2026-08-09T13:40:00Z,236.9441,34.5385
2026-08-09T13:50:00Z,239.5557,33.4892
2026-08-09T14:00:00Z,242.1188,32.4118
2026-08-09T14:10:00Z,244.636,31.3089
2026-08-09T14:20:00Z,247.1095,30.1831
2026-08-09T14:30:00Z,249.542,29.0368
2026-08-09T14:40:00Z,251.9362,27.8726
2026-08-09T14:50:00Z,254.2947,26.6926
2026-08-09T15:00:00Z,256.6202,25.4991
2026-08-09T15:10:00Z,258.9153,24.2943
2026-08-09T15:20:00Z,261.1827,23.0803
2026-08-09T15:30:00Z,263.4249,21.8591
2026-08-09T15:40:00Z,265.6445,20.6326
2026-08-09T15:50:00Z,267.844,19.4028
2026-08-09T16:00:00Z,270.0259,18.1716
2026-08-09T16:10:00Z,272.1924,16.9409
2026-08-09T16:20:00Z,274.346,15.7125
2026-08-09T16:30:00Z,276.4888,14.4882
2026-08-09T16:40:00Z,278.623,13.27
2026-08-09T16:50:00Z,280.7508,12.0596
2026-08-09T17:00:00Z,282.8741,10.8591
2026-08-09T17:10:00Z,284.995,9.6704
2026-08-09T17:20:00Z,287.1152,8.4957
2026-08-09T17:30:00Z,289.2366,7.3374
2026-08-09T17:40:00Z,291.361,6.1982
2026-08-09T17:50:00Z,293.49,5.0808
2026-08-09T18:00:00Z,295.6252,3.9921
2026-08-09T18:10:00Z,297.768,2.9363
2026-08-09T18:20:00Z,299.9199,1.922
2026-08-09T18:30:00Z,302.0822,0.9629
2026-08-09T18:40:00Z,304.2561,0.0767
2026-08-10T02:40:00Z,57.289,0.603
2026-08-10T02:50:00Z,59.4575,1.5346
2026-08-10T03:00:00Z,61.6153,2.5279
2026-08-10T03:10:00Z,63.7637,3.5674
2026-08-10T03:20:00Z,65.9039,4.6423
2026-08-10T03:30:00Z,68.0376,5.7478
2026-08-10T03:40:00Z,70.1661,6.8769
2026-08-10T03:50:00Z,72.2912,8.0261
2026-08-10T04:00:00Z,74.4146,9.1926
2026-08-10T04:10:00Z,76.5379,10.3739
2026-08-10T04:20:00Z,78.6632,11.5677
2026-08-10T04:30:00Z,80.7923,12.7719
2026-08-10T04:40:00Z,82.9272,13.9846
2026-08-10T04:50:00Z,85.07,15.2038
2026-08-10T05:00:00Z,87.2229,16.4277
2026-08-10T05:10:00Z,89.388,17.6545
2026-08-10T05:20:00Z,91.5677,18.8822
2026-08-10T05:30:00Z,93.7642,20.109
2026-08-10T05:40:00Z,95.98,21.333
2026-08-10T05:50:00Z,98.2175,22.5523
2026-08-10T06:00:00Z,100.4793,23.765
2026-08-10T06:10:00Z,102.7679,24.9689
2026-08-10T06:20:00Z,105.086,26.162
2026-08-10T06:30:00Z,107.4361,27.3423
2026-08-10T06:40:00Z,109.8208,28.5074
2026-08-10T06:50:00Z,112.2429,29.655
2026-08-10T07:00:00Z,114.7049,30.7829
2026-08-10T07:10:00Z,117.2094,31.8885
2026-08-10T07:20:00Z,119.7589,32.9693
2026-08-10T07:30:00Z,122.3557,34.0228
2026-08-10T07:40:00Z,125.0021,35.0461
2026-08-10T07:50:00Z,127.6999,36.0364
2026-08-10T08:00:00Z,130.451,36.991
2026-08-10T08:10:00Z,133.2568,37.9068
2026-08-10T08:20:00Z,136.1183,38.7808
2026-08-10T08:30:00Z,139.036,39.6101
2026-08-10T08:40:00Z,142.0101,40.3915
2026-08-10T08:50:00Z,145.0401,41.1221
2026-08-10T09:00:00Z,148.1247,41.7988
2026-08-10T09:10:00Z,151.2621,42.4186
2026-08-10T09:20:00Z,154.4497,42.9789
2026-08-10T09:30:00Z,157.6842,43.4768
2026-08-10T09:40:00Z,160.9613,43.9099
2026-08-10T09:50:00Z,164.2763,44.276
2026-08-10T10:00:00Z,167.6235,44.5732
2026-08-10T10:10:00Z,170.9967,44.7997
2026-08-10T10:20:00Z,174.3891,44.9545
2026-08-10T10:30:00Z,177.7936,45.0364
2026-08-10T10:40:00Z,181.2028,45.0452
2026-08-10T10:50:00Z,184.6092,44.9807
2026-08-10T11:00:00Z,188.0053,44.8432
2026-08-10T11:10:00Z,191.3839,44.6337
2026-08-10T11:20:00Z,194.7381,44.3532
2026-08-10T11:30:00Z,198.0616,44.0032
2026-08-10T11:40:00Z,201.3486,43.5857
2026-08-10T11:50:00Z,204.594,43.1028
2026-08-10T12:00:00Z,207.7935,42.5569
2026-08-10T12:10:00Z,210.9436,41.9505
2026-08-10T12:20:00Z,214.0414,41.2867
2026-08-10T12:30:00Z,217.0848,40.5681
2026-08-10T12:40:00Z,220.0727,39.7978
2026-08-10T12:50:00Z,223.0042,38.9788
2026-08-10T13:00:00Z,225.8793,38.1142
2026-08-10T13:10:00Z,228.6985,37.207
2026-08-10T13:20:00Z,231.4627,36.2602
2026-08-10T13:30:00Z,234.1732,35.2769
2026-08-10T13:40:00Z,236.8317,34.2597
2026-08-10T13:50:00Z,239.4401,33.2117
2026-08-10T14:00:00Z,242.0006,32.1355
2026-08-10T14:10:00Z,244.5154,31.0337
2026-08-10T14:20:00Z,246.9871,29.9089
2026-08-10T14:30:00Z,249.4182,28.7637
2026-08-10T14:40:00Z,251.8112,27.6003
2026-08-10T14:50:00Z,254.1689,26.4211
2026-08-10T15:00:00Z,256.4938,25.2283
2026-08-10T15:10:00Z,258.7886,24.0241
2026-08-10T15:20:00Z,261.056,22.8106
2026-08-10T15:30:00Z,263.2984,21.5897
2026-08-10T15:40:00Z,265.5184,20.3635
2026-08-10T15:50:00Z,267.7185,19.1339
2026-08-10T16:00:00Z,269.9011,17.9029
2026-08-10T16:10:00Z,272.0686,16.6722
2026-08-10T16:20:00Z,274.2233,15.4437
2026-08-10T16:30:00Z,276.3674,14.2193
2026-08-10T16:40:00Z,278.5031,13.0009
2026-08-10T16:50:00Z,280.6324,11.7904
2026-08-10T17:00:00Z,282.7575,10.5896
2026-08-10T17:10:00Z,284.8802,9.4008
2026-08-10T17:20:00Z,287.0025,8.226
2026-08-10T17:30:00Z,289.1261,7.0679
2026-08-10T17:40:00Z,291.2528,5.9291
2026-08-10T17:50:00Z,293.3843,4.8128
2026-08-10T18:00:00Z,295.5221,3.7262
2026-08-10T18:10:00Z,297.6677,2.6739
2026-08-10T18:20:00Z,299.8225,1.6659
2026-08-10T18:30:00Z,301.9879,0.7175
2026-08-11T02:40:00Z,57.4492,0.3893
2026-08-11T02:50:00Z,59.6206,1.3103
2026-08-11T03:00:00Z,61.7811,2.2973
2026-08-11T03:10:00Z,63.9321,3.3336
2026-08-11T03:20:00Z,66.0748,4.407
2026-08-11T03:30:00Z,68.2108,5.5116
2026-08-11T03:40:00Z,70.3416,6.6408
2026-08-11T03:50:00Z,72.4688,7.7903
2026-08-11T04:00:00Z,74.5943,8.9573
2026-08-11T04:10:00Z,76.7196,10.139
2026-08-11T04:20:00Z,78.8468,11.3333
2026-08-11T04:30:00Z,80.9776,12.5379
2026-08-11T04:40:00Z,83.1143,13.7509
2026-08-11T04:50:00Z,85.2587,14.9704
2026-08-11T05:00:00Z,87.4131,16.1944
2026-08-11T05:10:00Z,89.5796,17.4212
2026-08-11T05:20:00Z,91.7606,18.6487
2026-08-11T05:30:00Z,93.9583,19.8753
2026-08-11T05:40:00Z,96.1752,21.0989
2026-08-11T05:50:00Z,98.4137,22.3176
2026-08-11T06:00:00Z,100.6763,23.5295
2026-08-11T06:10:00Z,102.9656,24.7325
2026-08-11T06:20:00Z,105.2841,25.9246
2026-08-11T06:30:00Z,107.6345,27.1035
2026-08-11T06:40:00Z,110.0193,28.2672
2026-08-11T06:50:00Z,112.4412,29.4133
2026-08-11T07:00:00Z,114.9027,30.5394
2026-08-11T07:10:00Z,117.4064,31.6432
2026-08-11T07:20:00Z,119.9547,32.7219
2026-08-11T07:30:00Z,122.5499,33.7732
2026-08-11T07:40:00Z,125.1942,34.7941
2026-08-11T07:50:00Z,127.8895,35.782
2026-08-11T08:00:00Z,130.6376,36.734
2026-08-11T08:10:00Z,133.4398,37.6471
2026-08-11T08:20:00Z,136.2971,38.5184
2026-08-11T08:30:00Z,139.21,39.3448
2026-08-11T08:40:00Z,142.1785,40.1234
2026-08-11T08:50:00Z,145.2022,40.8511
2026-08-11T09:00:00Z,148.2798,41.5249
2026-08-11T09:10:00Z,151.4094,42.1419
2026-08-11T09:20:00Z,154.5885,42.6993
2026-08-11T09:30:00Z,157.8137,43.1946
2026-08-11T09:40:00Z,161.0809,43.6252
2026-08-11T09:50:00Z,164.3853,43.9889
2026-08-11T10:00:00Z,167.7213,44.2839
2026-08-11T10:10:00Z,171.0828,44.5085
2026-08-11T10:20:00Z,174.4631,44.6615
2026-08-11T10:30:00Z,177.8552,44.7419
2026-08-11T10:40:00Z,181.2517,44.7495
2026-08-11T10:50:00Z,184.6454,44.684
2026-08-11T11:00:00Z,188.0289,44.5459
2026-08-11T11:10:00Z,191.395,44.336
2026-08-11T11:20:00Z,194.737,44.0553
2026-08-11T11:30:00Z,198.0487,43.7055
2026-08-11T11:40:00Z,201.3243,43.2883
2026-08-11T11:50:00Z,204.5589,42.806
2026-08-11T12:00:00Z,207.7481,42.2608
2026-08-11T12:10:00Z,210.8886,41.6554
2026-08-11T12:20:00Z,213.9775,40.9926
2026-08-11T12:30:00Z,217.0127,40.2751
2026-08-11T12:40:00Z,219.993,39.5061
2026-08-11T12:50:00Z,222.9177,38.6884
2026-08-11T13:00:00Z,225.7867,37.8252
2026-08-11T13:10:00Z,228.6003,36.9194
2026-08-11T13:20:00Z,231.3596,35.974
2026-08-11T13:30:00Z,234.0658,34.9919
2026-08-11T13:40:00Z,236.7205,33.9761
2026-08-11T13:50:00Z,239.3256,32.9293
2026-08-11T14:00:00Z,241.8833,31.8543
2026-08-11T14:10:00Z,244.3958,30.7537
2026-08-11T14:20:00Z,246.8656,29.63
2026-08-11T14:30:00Z,249.2951,28.4857
2026-08-11T14:40:00Z,251.6869,27.3232
2026-08-11T14:50:00Z,254.0437,26.1448
2026-08-11T15:00:00Z,256.368,24.9527
2026-08-11T15:10:00Z,258.6625,23.749
2026-08-11T15:20:00Z,260.9297,22.536
2026-08-11T15:30:00Z,263.1723,21.3155
2026-08-11T15:40:00Z,265.3927,20.0896
2026-08-11T15:50:00Z,267.5934,18.8603
2026-08-11T16:00:00Z,269.7767,17.6293
2026-08-11T16:10:00Z,271.9452,16.3987
2026-08-11T16:20:00Z,274.1009,15.1702
2026-08-11T16:30:00Z,276.2463,13.9457
2026-08-11T16:40:00Z,278.3834,12.7271
2026-08-11T16:50:00Z,280.5143,11.5164
2026-08-11T17:00:00Z,282.6411,10.3155
2026-08-11T17:10:00Z,284.7657,9.1266
2026-08-11T17:20:00Z,286.89,7.9518
2026-08-11T17:30:00Z,289.0157,6.7939
2026-08-11T17:40:00Z,291.1448,5.6556
2026-08-11T17:50:00Z,293.2787,4.5409
2026-08-11T18:00:00Z,295.4192,3.4567
2026-08-11T18:10:00Z,297.5676,2.4085
2026-08-11T18:20:00Z,299.7255,1.4081
2026-08-11T18:30:00Z,301.894,0.4722
2026-08-12T02:40:00Z,57.6133,0.1771
2026-08-12T02:50:00Z,59.7875,1.086
2026-08-12T03:00:00Z,61.9508,2.0658
2026-08-12T03:10:00Z,64.1043,3.0983
2026-08-12T03:20:00Z,66.2495,4.1699
2026-08-12T03:30:00Z,68.3879,5.2734
2026-08-12T03:40:00Z,70.521,6.4025
2026-08-12T03:50:00Z,72.6504,7.5523
2026-08-12T04:00:00Z,74.7778,8.7196
2026-08-12T04:10:00Z,76.9052,9.9018
2026-08-12T04:20:00Z,79.0342,11.0965
2026-08-12T04:30:00Z,81.1668,12.3016
2026-08-12T04:40:00Z,83.3052,13.5149
2026-08-12T04:50:00Z,85.4512,14.7346
2026-08-12T05:00:00Z,87.6071,15.9588
2026-08-12T05:10:00Z,89.775,17.1855
2026-08-12T05:20:00Z,91.9573,18.4129
2026-08-12T05:30:00Z,94.1563,19.6391
2026-08-12T05:40:00Z,96.3742,20.8622
2026-08-12T05:50:00Z,98.6137,22.0803
2026-08-12T06:00:00Z,100.8771,23.2914
2026-08-12T06:10:00Z,103.167,24.4935
2026-08-12T06:20:00Z,105.486,25.6845
2026-08-12T06:30:00Z,107.8366,26.8622
2026-08-12T06:40:00Z,110.2214,28.0244
2026-08-12T06:50:00Z,112.643,29.1689
2026-08-12T07:00:00Z,115.104,30.2932
2026-08-12T07:10:00Z,117.6069,31.395
2026-08-12T07:20:00Z,120.1539,32.4717
2026-08-12T07:30:00Z,122.7475,33.5206
2026-08-12T07:40:00Z,125.3898,34.5392
2026-08-12T07:50:00Z,128.0826,35.5245
2026-08-12T08:00:00Z,130.8276,36.4739
2026-08-12T08:10:00Z,133.6262,37.3842
2026-08-12T08:20:00Z,136.4792,38.2527
2026-08-12T08:30:00Z,139.3872,39.0763
2026-08-12T08:40:00Z,142.3501,39.8519
2026-08-12T08:50:00Z,145.3675,40.5766
2026-08-12T09:00:00Z,148.438,41.2475
2026-08-12T09:10:00Z,151.5598,41.8616
2026-08-12T09:20:00Z,154.7304,42.4162
2026-08-12T09:30:00Z,157.9463,42.9087
2026-08-12T09:40:00Z,161.2035,43.3367
2026-08-12T09:50:00Z,164.4972,43.698
2026-08-12T10:00:00Z,167.822,43.9908
2026-08-12T10:10:00Z,171.1717,44.2133
2026-08-12T10:20:00Z,174.5399,44.3645
2026-08-12T10:30:00Z,177.9195,44.4434
2026-08-12T10:40:00Z,181.3034,44.4497
2026-08-12T10:50:00Z,184.6843,44.3832
2026-08-12T11:00:00Z,188.0551,44.2444
2026-08-12T11:10:00Z,191.4087,44.034
2026-08-12T11:20:00Z,194.7384,43.7532
2026-08-12T11:30:00Z,198.0382,43.4034
2026-08-12T11:40:00Z,201.3023,42.9866
2026-08-12T11:50:00Z,204.526,42.5047
2026-08-12T12:00:00Z,207.705,41.9602
2026-08-12T12:10:00Z,210.8358,41.3557
2026-08-12T12:20:00Z,213.9157,40.6939
2026-08-12T12:30:00Z,216.9426,39.9776
2026-08-12T12:40:00Z,219.9153,39.2098
2026-08-12T12:50:00Z,222.833,38.3934
2026-08-12T13:00:00Z,225.6957,37.5315
2026-08-12T13:10:00Z,228.5037,36.627
2026-08-12T13:20:00Z,231.258,35.683
2026-08-12T13:30:00Z,233.9597,34.7023
2026-08-12T13:40:00Z,236.6106,33.6878
2026-08-12T13:50:00Z,239.2123,32.6422
2026-08-12T14:00:00Z,241.7671,31.5684
2026-08-12T14:10:00Z,244.2772,30.4689
2026-08-12T14:20:00Z,246.7449,29.3462
2026-08-12T14:30:00Z,249.1728,28.2029
2026-08-12T14:40:00Z,251.5634,27.0413
2026-08-12T14:50:00Z,253.9192,25.8637
2026-08-12T15:00:00Z,256.2428,24.6723
2026-08-12T15:10:00Z,258.5369,23.4692
2026-08-12T15:20:00Z,260.8041,22.2567
2026-08-12T15:30:00Z,263.0467,21.0366
2026-08-12T15:40:00Z,265.2674,19.811
2026-08-12T15:50:00Z,267.4686,18.5819
2026-08-12T16:00:00Z,269.6527,17.3511
2026-08-12T16:10:00Z,271.822,16.1205
2026-08-12T16:20:00Z,273.9789,14.892
2026-08-12T16:30:00Z,276.1255,13.6674
2026-08-12T16:40:00Z,278.264,12.4488
2026-08-12T16:50:00Z,280.3964,11.2379
2026-08-12T17:00:00Z,282.5249,10.0369
2026-08-12T17:10:00Z,284.6514,8.8479
2026-08-12T17:20:00Z,286.7777,7.6732
2026-08-12T17:30:00Z,288.9057,6.5156
2026-08-12T17:40:00Z,291.0371,5.378
2026-08-12T17:50:00Z,293.1735,4.2653
2026-08-12T18:00:00Z,295.3166,3.1838
2026-08-12T18:10:00Z,297.4679,2.1406
2026-08-12T18:20:00Z,299.6288,1.1492
2026-08-12T18:30:00Z,301.8005,0.2276
2026-08-13T02:50:00Z,59.9584,0.8623
2026-08-13T03:00:00Z,62.1243,1.8336
2026-08-13T03:10:00Z,64.2805,2.8615
2026-08-13T03:20:00Z,66.4282,3.931
2026-08-13T03:30:00Z,68.5689,5.0327
2026-08-13T03:40:00Z,70.7042,6.1621
2026-08-13T03:50:00Z,72.8357,7.3121
2026-08-13T04:00:00Z,74.9652,8.4797
2026-08-13T04:10:00Z,77.0945,9.6624
2026-08-13T04:20:00Z,79.2254,10.8575
2026-08-13T04:30:00Z,81.3598,12.0629
2026-08-13T04:40:00Z,83.4998,13.2766
2026-08-13T04:50:00Z,85.6475,14.4965
2026-08-13T05:00:00Z,87.8048,15.7207
2026-08-13T05:10:00Z,89.9742,16.9474
2026-08-13T05:20:00Z,92.1578,18.1746
2026-08-13T05:30:00Z,94.3579,19.4005
2026-08-13T05:40:00Z,96.5769,20.6232
2026-08-13T05:50:00Z,98.8173,21.8406
2026-08-13T06:00:00Z,101.0815,23.0509
2026-08-13T06:10:00Z,103.372,24.252
2026-08-13T06:20:00Z,105.6914,25.4418
2026-08-13T06:30:00Z,108.0423,26.6182
2026-08-13T06:40:00Z,110.4271,27.7789
2026-08-13T06:50:00Z,112.8484,28.9217
2026-08-13T07:00:00Z,115.3089,30.0442
2026-08-13T07:10:00Z,117.8108,31.144
2026-08-13T07:20:00Z,120.3567,32.2186
2026-08-13T07:30:00Z,122.9486,33.2652
2026-08-13T07:40:00Z,125.5888,34.2813
2026-08-13T07:50:00Z,128.279,35.2641
2026-08-13T08:00:00Z,131.021,36.2107
2026-08-13T08:10:00Z,133.8158,37.1183
2026-08-13T08:20:00Z,136.6645,37.9839
2026-08-13T08:30:00Z,139.5676,38.8045
2026-08-13T08:40:00Z,142.5249,39.5771
2026-08-13T08:50:00Z,145.5358,40.2988
2026-08-13T09:00:00Z,148.5993,40.9667
2026-08-13T09:10:00Z,151.7133,41.5779
2026-08-13T09:20:00Z,154.8752,42.1296
2026-08-13T09:30:00Z,158.0818,42.6193
2026-08-13T09:40:00Z,161.329,43.0446
2026-08-13T09:50:00Z,164.612,43.4035
2026-08-13T10:00:00Z,167.9255,43.6939
2026-08-13T10:10:00Z,171.2635,43.9143
2026-08-13T10:20:00Z,174.6194,44.0637
2026-08-13T10:30:00Z,177.9865,44.141
2026-08-13T10:40:00Z,181.3578,44.1459
2026-08-13T10:50:00Z,184.7259,44.0784
2026-08-13T11:00:00Z,188.0839,43.9388
2026-08-13T11:10:00Z,191.4249,43.7279
2026-08-13T11:20:00Z,194.7423,43.4468
2026-08-13T11:30:00Z,198.0301,43.0971
2026-08-13T11:40:00Z,201.2828,42.6805
2026-08-13T11:50:00Z,204.4955,42.1991
2026-08-13T12:00:00Z,207.664,41.6553
2026-08-13T12:10:00Z,210.7851,41.0516
2026-08-13T12:20:00Z,213.8559,40.3908
2026-08-13T12:30:00Z,216.8744,39.6756
2026-08-13T12:40:00Z,219.8394,38.9089
2026-08-13T12:50:00Z,222.7501,38.0938
2026-08-13T13:00:00Z,225.6064,37.2332
2026-08-13T13:10:00Z,228.4087,36.3301
2026-08-13T13:20:00Z,231.1578,35.3874
2026-08-13T13:30:00Z,233.8551,34.408
2026-08-13T13:40:00Z,236.5019,33.3947
2026-08-13T13:50:00Z,239.1002,32.3505
2026-08-13T14:00:00Z,241.6521,31.2778
2026-08-13T14:10:00Z,244.1596,30.1794
2026-08-13T14:20:00Z,246.6253,29.0578
2026-08-13T14:30:00Z,249.0514,27.9155
2026-08-13T14:40:00Z,251.4406,26.7547
2026-08-13T14:50:00Z,253.7954,25.5779
2026-08-13T15:00:00Z,256.1183,24.3872
2026-08-13T15:10:00Z,258.412,23.1848
2026-08-13T15:20:00Z,260.6789,21.9727
2026-08-13T15:30:00Z,262.9216,20.7531
2026-08-13T15:40:00Z,265.1426,19.5278
2026-08-13T15:50:00Z,267.3443,18.2989
2026-08-13T16:00:00Z,269.5291,17.0682
2026-08-13T16:10:00Z,271.6993,15.8377
2026-08-13T16:20:00Z,273.8572,14.6092
2026-08-13T16:30:00Z,276.005,13.3846
2026-08-13T16:40:00Z,278.1448,12.1658
2026-08-13T16:50:00Z,280.2789,10.9549
2026-08-13T17:00:00Z,282.4091,9.7538
2026-08-13T17:10:00Z,284.5374,8.5648
2026-08-13T17:20:00Z,286.6657,7.3903
2026-08-13T17:30:00Z,288.7959,6.2331
2026-08-13T17:40:00Z,290.9296,5.096
2026-08-13T17:50:00Z,293.0686,3.986
2026-08-13T18:00:00Z,295.2144,2.9078
2026-08-13T18:10:00Z,297.3686,1.8707
2026-08-13T18:20:00Z,299.5324,0.8897
2026-08-14T02:50:00Z,60.133,0.6396
2026-08-14T03:00:00Z,62.3017,1.6012
2026-08-14T03:10:00Z,64.4604,2.6236
2026-08-14T03:20:00Z,66.6105,3.6905
2026-08-14T03:30:00Z,68.7536,4.7908
2026-08-14T03:40:00Z,70.8912,5.9197
2026-08-14T03:50:00Z,73.0248,7.0697
2026-08-14T04:00:00Z,75.1564,8.2377
2026-08-14T04:10:00Z,77.2876,9.4207
2026-08-14T04:20:00Z,79.4203,10.6163
2026-08-14T04:30:00Z,81.5565,11.8221
2026-08-14T04:40:00Z,83.6982,13.036
2026-08-14T04:50:00Z,85.8474,14.2561
2026-08-14T05:00:00Z,88.0063,15.4804
2026-08-14T05:10:00Z,90.177,16.707
2026-08-14T05:20:00Z,92.3619,17.934
2026-08-14T05:30:00Z,94.5632,19.1596
2026-08-14T05:40:00Z,96.7832,20.3817
2026-08-14T05:50:00Z,99.0245,21.5985
2026-08-14T06:00:00Z,101.2895,22.8079
2026-08-14T06:10:00Z,103.5806,24.008
2026-08-14T06:20:00Z,105.9004,25.1966
2026-08-14T06:30:00Z,108.2514,26.3717
2026-08-14T06:40:00Z,110.6362,27.5309
2026-08-14T06:50:00Z,113.0573,28.672
2026-08-14T07:00:00Z,115.5171,29.7926
2026-08-14T07:10:00Z,118.0182,30.8903
2026-08-14T07:20:00Z,120.5627,31.9627
2026-08-14T07:30:00Z,123.153,33.007
2026-08-14T07:40:00Z,125.7911,34.0206
2026-08-14T07:50:00Z,128.4787,35.0007
2026-08-14T08:00:00Z,131.2175,35.9446
2026-08-14T08:10:00Z,134.0086,36.8493
2026-08-14T08:20:00Z,136.853,37.712
2026-08-14T08:30:00Z,139.751,38.5295
2026-08-14T08:40:00Z,142.7026,39.2991
2026-08-14T08:50:00Z,145.7072,40.0178
2026-08-14T09:00:00Z,148.7635,40.6826
2026-08-14T09:10:00Z,151.8696,41.2907
2026-08-14T09:20:00Z,155.0229,41.8395
2026-08-14T09:30:00Z,158.2201,42.3264
2026-08-14T09:40:00Z,161.4573,42.749
2026-08-14T09:50:00Z,164.7296,43.1052
2026-08-14T10:00:00Z,168.0318,43.3933
2026-08-14T10:10:00Z,171.3579,43.6116
2026-08-14T10:20:00Z,174.7016,43.759
2026-08-14T10:30:00Z,178.0562,43.8347
2026-08-14T10:40:00Z,181.4147,43.8383
2026-08-14T10:50:00Z,184.77,43.7696
2026-08-14T11:00:00Z,188.1152,43.6292
2026-08-14T11:10:00Z,191.4436,43.4177
2026-08-14T11:20:00Z,194.7486,43.1364
2026-08-14T11:30:00Z,198.0244,42.7866
2026-08-14T11:40:00Z,201.2655,42.3702
2026-08-14T11:50:00Z,204.4672,41.8892
2026-08-14T12:00:00Z,207.6253,41.3461
2026-08-14T12:10:00Z,210.7365,40.7432
2026-08-14T12:20:00Z,213.7981,40.0833
2026-08-14T12:30:00Z,216.8081,39.3691
2026-08-14T12:40:00Z,219.7653,38.6036
2026-08-14T12:50:00Z,222.6689,37.7898
2026-08-14T13:00:00Z,225.5187,36.9304
2026-08-14T13:10:00Z,228.3152,36.0286
2026-08-14T13:20:00Z,231.0591,35.0872
2026-08-14T13:30:00Z,233.7518,34.1091
2026-08-14T13:40:00Z,236.3946,33.0972
2026-08-14T13:50:00Z,238.9893,32.0541
2026-08-14T14:00:00Z,241.5381,30.9827
2026-08-14T14:10:00Z,244.0431,29.8854
2026-08-14T14:20:00Z,246.5065,28.7649
2026-08-14T14:30:00Z,248.9309,27.6235
2026-08-14T14:40:00Z,251.3187,26.4636
2026-08-14T14:50:00Z,253.6724,25.2876
2026-08-14T15:00:00Z,255.9945,24.0976
2026-08-14T15:10:00Z,258.2877,22.8957
2026-08-14T15:20:00Z,260.5544,21.6842
2026-08-14T15:30:00Z,262.7971,20.465
2026-08-14T15:40:00Z,265.0183,19.24
2026-08-14T15:50:00Z,267.2204,18.0113
2026-08-14T16:00:00Z,269.4058,16.7808
2026-08-14T16:10:00Z,271.5769,15.5504
2026-08-14T16:20:00Z,273.7358,14.3219
2026-08-14T16:30:00Z,275.8848,13.0973
2026-08-14T16:40:00Z,278.026,11.8785
2026-08-14T16:50:00Z,280.1616,10.6675
2026-08-14T17:00:00Z,282.2935,9.4664
2026-08-14T17:10:00Z,284.4237,8.2775
2026-08-14T17:20:00Z,286.5541,7.1032
2026-08-14T17:30:00Z,288.6864,5.9466
2026-08-14T17:40:00Z,290.8225,4.8108
2026-08-14T17:50:00Z,292.964,3.7033
2026-08-14T18:00:00Z,295.1125,2.6291
2026-08-14T18:10:00Z,297.2696,1.5992
2026-08-14T18:20:00Z,299.4365,0.6306
2026-08-15T02:50:00Z,60.3113,0.4182
2026-08-15T03:00:00Z,62.4827,1.3688
2026-08-15T03:10:00Z,64.644,2.3849
2026-08-15T03:20:00Z,66.7966,3.4485
2026-08-15T03:30:00Z,68.942,4.5473
2026-08-15T03:40:00Z,71.0818,5.6753
2026-08-15T03:50:00Z,73.2176,6.8253
2026-08-15T04:00:00Z,75.3512,7.9936
2026-08-15T04:10:00Z,77.4843,9.1769
2026-08-15T04:20:00Z,79.6189,10.3728
2026-08-15T04:30:00Z,81.7569,11.579
2026-08-15T04:40:00Z,83.9002,12.7932
2026-08-15T04:50:00Z,86.0509,14.0135
2026-08-15T05:00:00Z,88.2113,15.2378
2026-08-15T05:10:00Z,90.3834,16.4644
2026-08-15T05:20:00Z,92.5695,17.6912
2026-08-15T05:30:00Z,94.7719,18.9163
2026-08-15T05:40:00Z,96.993,20.1379
2026-08-15T05:50:00Z,99.2352,21.354
2026-08-15T06:00:00Z,101.5009,22.5626
2026-08-15T06:10:00Z,103.7926,23.7616
2026-08-15T06:20:00Z,106.1128,24.949
2026-08-15T06:30:00Z,108.464,26.1226
2026-08-15T06:40:00Z,110.8487,27.2803
2026-08-15T06:50:00Z,113.2695,28.4196
2026-08-15T07:00:00Z,115.7287,29.5383
2026-08-15T07:10:00Z,118.2288,30.634
2026-08-15T07:20:00Z,120.772,31.7041
2026-08-15T07:30:00Z,123.3606,32.746
2026-08-15T07:40:00Z,125.9965,33.757
2026-08-15T07:50:00Z,128.6815,34.7345
2026-08-15T08:00:00Z,131.417,35.6756
2026-08-15T08:10:00Z,134.2044,36.5774
2026-08-15T08:20:00Z,137.0444,37.437
2026-08-15T08:30:00Z,139.9374,38.2515
2026-08-15T08:40:00Z,142.8833,39.018
2026-08-15T08:50:00Z,145.8814,39.7335
2026-08-15T09:00:00Z,148.9305,40.3952
2026-08-15T09:10:00Z,152.0287,41.0003
2026-08-15T09:20:00Z,155.1733,41.546
2026-08-15T09:30:00Z,158.3612,42.03
2026-08-15T09:40:00Z,161.5882,42.4498
2026-08-15T09:50:00Z,164.8498,42.8035
2026-08-15T10:00:00Z,168.1406,43.0891
2026-08-15T10:10:00Z,171.4549,43.3052
2026-08-15T10:20:00Z,174.7864,43.4507
2026-08-15T10:30:00Z,178.1284,43.5246
2026-08-15T10:40:00Z,181.4741,43.5267
2026-08-15T10:50:00Z,184.8166,43.457
2026-08-15T11:00:00Z,188.149,43.3156
2026-08-15T11:10:00Z,191.4647,43.1036
2026-08-15T11:20:00Z,194.7573,42.8219
2026-08-15T11:30:00Z,198.021,42.472
2026-08-15T11:40:00Z,201.2505,42.0558
2026-08-15T11:50:00Z,204.4411,41.5752
2026-08-15T12:00:00Z,207.5887,41.0326
2026-08-15T12:10:00Z,210.69,40.4305
2026-08-15T12:20:00Z,213.7423,39.7715
2026-08-15T12:30:00Z,216.7438,39.0584
2026-08-15T12:40:00Z,219.6931,38.294
2026-08-15T12:50:00Z,222.5894,37.4813
2026-08-15T13:00:00Z,225.4327,36.6233
2026-08-15T13:10:00Z,228.2233,35.7227
2026-08-15T13:20:00Z,230.9619,34.7826
2026-08-15T13:30:00Z,233.6498,33.8058
2026-08-15T13:40:00Z,236.2885,32.7952
2026-08-15T13:50:00Z,238.8797,31.7533
2026-08-15T14:00:00Z,241.4253,30.6831
2026-08-15T14:10:00Z,243.9276,29.5869
2026-08-15T14:20:00Z,246.3888,28.4674
2026-08-15T14:30:00Z,248.8113,27.327
2026-08-15T14:40:00Z,251.1976,26.168
2026-08-15T14:50:00Z,253.5501,24.9927
2026-08-15T15:00:00Z,255.8714,23.8034
2026-08-15T15:10:00Z,258.164,22.6022
2026-08-15T15:20:00Z,260.4304,21.3912
2026-08-15T15:30:00Z,262.6731,20.1724
2026-08-15T15:40:00Z,264.8945,18.9478
2026-08-15T15:50:00Z,267.097,17.7194
2026-08-15T16:00:00Z,269.2831,16.489
2026-08-15T16:10:00Z,271.4549,15.2587
2026-08-15T16:20:00Z,273.6148,14.0302
2026-08-15T16:30:00Z,275.765,12.8056
2026-08-15T16:40:00Z,277.9076,11.5868
2026-08-15T16:50:00Z,280.0447,10.3758
2026-08-15T17:00:00Z,282.1783,9.1747
2026-08-15T17:10:00Z,284.3103,7.9859
2026-08-15T17:20:00Z,286.4427,6.8121
2026-08-15T17:30:00Z,288.5773,5.6562
2026-08-15T17:40:00Z,290.7157,4.5222
2026-08-15T17:50:00Z,292.8598,3.4175
2026-08-15T18:00:00Z,295.011,2.348
2026-08-15T18:10:00Z,297.1709,1.3268
2026-08-15T18:20:00Z,299.341,0.3724
2026-08-16T02:50:00Z,60.4934,0.1989
2026-08-16T03:00:00Z,62.6675,1.1368
2026-08-16T03:10:00Z,64.8314,2.1454
2026-08-16T03:20:00Z,66.9864,3.2053
2026-08-16T03:30:00Z,69.1341,4.3022
2026-08-16T03:40:00Z,71.2761,5.4291
2026-08-16T03:50:00Z,73.4141,6.579
2026-08-16T04:00:00Z,75.5496,7.7474
2026-08-16T04:10:00Z,77.6847,8.9311
2026-08-16T04:20:00Z,79.8211,10.1273
2026-08-16T04:30:00Z,81.9607,11.3338
2026-08-16T04:40:00Z,84.1057,12.5482
2026-08-16T04:50:00Z,86.258,13.7687
2026-08-16T05:00:00Z,88.4198,14.9931
2026-08-16T05:10:00Z,90.5932,16.2195
2026-08-16T05:20:00Z,92.7806,17.4461
2026-08-16T05:30:00Z,94.9842,18.6708
2026-08-16T05:40:00Z,97.2063,19.8918
2026-08-16T05:50:00Z,99.4493,21.1072
2026-08-16T06:00:00Z,101.7157,22.3149
2026-08-16T06:10:00Z,104.008,23.5128
2026-08-16T06:20:00Z,106.3285,24.699
2026-08-16T06:30:00Z,108.6798,25.8711
2026-08-16T06:40:00Z,111.0645,27.0272
2026-08-16T06:50:00Z,113.4849,28.1647
2026-08-16T07:00:00Z,115.9434,29.2815
2026-08-16T07:10:00Z,118.4426,30.375
2026-08-16T07:20:00Z,120.9844,31.4428
2026-08-16T07:30:00Z,123.5713,32.4822
2026-08-16T07:40:00Z,126.2049,33.4907
2026-08-16T07:50:00Z,128.8872,34.4654
2026-08-16T08:00:00Z,131.6196,35.4036
2026-08-16T08:10:00Z,134.4031,36.3025
2026-08-16T08:20:00Z,137.2387,37.159
2026-08-16T08:30:00Z,140.1266,37.9704
2026-08-16T08:40:00Z,143.0667,38.7337
2026-08-16T08:50:00Z,146.0584,39.4461
2026-08-16T09:00:00Z,149.1003,40.1046
2026-08-16T09:10:00Z,152.1905,40.7065
2026-08-16T09:20:00Z,155.3264,41.2492
2026-08-16T09:30:00Z,158.5048,41.7303
2026-08-16T09:40:00Z,161.7217,42.1473
2026-08-16T09:50:00Z,164.9725,42.4982
2026-08-16T10:00:00Z,168.252,42.7814
2026-08-16T10:10:00Z,171.5545,42.9953
2026-08-16T10:20:00Z,174.8737,43.1387
2026-08-16T10:30:00Z,178.2031,43.2109
2026-08-16T10:40:00Z,181.536,43.2115
2026-08-16T10:50:00Z,184.8656,43.1405
2026-08-16T11:00:00Z,188.1852,42.9982
2026-08-16T11:10:00Z,191.4881,42.7855
2026-08-16T11:20:00Z,194.7683,42.5034
2026-08-16T11:30:00Z,198.0199,42.1534
2026-08-16T11:40:00Z,201.2377,41.7373
2026-08-16T11:50:00Z,204.4171,41.2571
2026-08-16T12:00:00Z,207.5542,40.715
2026-08-16T12:10:00Z,210.6455,40.1136
2026-08-16T12:20:00Z,213.6885,39.4555
2026-08-16T12:30:00Z,216.6813,38.7434
2026-08-16T12:40:00Z,219.6226,37.9801
2026-08-16T12:50:00Z,222.5117,37.1686
2026-08-16T13:00:00Z,225.3483,36.3118
2026-08-16T13:10:00Z,228.1329,35.4125
2026-08-16T13:20:00Z,230.8662,34.4737
2026-08-16T13:30:00Z,233.5493,33.4982
2026-08-16T13:40:00Z,236.1837,32.4888
2026-08-16T13:50:00Z,238.7712,31.4482
2026-08-16T14:00:00Z,241.3136,30.3791
2026-08-16T14:10:00Z,243.8132,29.284
2026-08-16T14:20:00Z,246.2721,28.1656
2026-08-16T14:30:00Z,248.6927,27.0261
2026-08-16T14:40:00Z,251.0774,25.868
2026-08-16T14:50:00Z,253.4287,24.6935
2026-08-16T15:00:00Z,255.7491,23.5049
2026-08-16T15:10:00Z,258.0411,22.3044
2026-08-16T15:20:00Z,260.3071,21.0939
2026-08-16T15:30:00Z,262.5497,19.8755
2026-08-16T15:40:00Z,264.7712,18.6512
2026-08-16T15:50:00Z,266.9741,17.4231
2026-08-16T16:00:00Z,269.1607,16.1929
2026-08-16T16:10:00Z,271.3334,14.9627
2026-08-16T16:20:00Z,273.4942,13.7343
2026-08-16T16:30:00Z,275.6456,12.5097
2026-08-16T16:40:00Z,277.7895,11.2909
2026-08-16T16:50:00Z,279.9281,10.0799
2026-08-16T17:00:00Z,282.0633,8.8789
2026-08-16T17:10:00Z,284.1973,7.6904
2026-08-16T17:20:00Z,286.3317,6.517
2026-08-16T17:30:00Z,288.4684,5.362
2026-08-16T17:40:00Z,290.6093,4.2303
2026-08-16T17:50:00Z,292.7559,3.1288
2026-08-16T18:00:00Z,294.9098,2.0651
2026-08-16T18:10:00Z,297.0727,1.0541
2026-08-16T18:20:00Z,299.2458,0.1162
2026-08-17T03:00:00Z,62.8558,0.9058
2026-08-17T03:10:00Z,65.0223,1.9057
2026-08-17T03:20:00Z,67.1798,2.9609
2026-08-17T03:30:00Z,69.3298,4.0556
2026-08-17T03:40:00Z,71.474,5.1811
2026-08-17T03:50:00Z,73.614,6.3308
2026-08-17T04:00:00Z,75.7516,7.4993
2026-08-17T04:10:00Z,77.8885,8.6832
2026-08-17T04:20:00Z,80.0267,9.8798
2026-08-17T04:30:00Z,82.1681,11.0865
2026-08-17T04:40:00Z,84.3147,12.3012
2026-08-17T04:50:00Z,86.4685,13.5218
2026-08-17T05:00:00Z,88.6317,14.7462
2026-08-17T05:10:00Z,90.8065,15.9725
2026-08-17T05:20:00Z,92.9951,17.1988
2026-08-17T05:30:00Z,95.1997,18.4231
2026-08-17T05:40:00Z,97.4228,19.6435
2026-08-17T05:50:00Z,99.6667,20.8581
2026-08-17T06:00:00Z,101.9338,22.0649
2026-08-17T06:10:00Z,104.2265,23.2617
2026-08-17T06:20:00Z,106.5474,24.4465
2026-08-17T06:30:00Z,108.8989,25.6172
2026-08-17T06:40:00Z,111.2834,26.7716
2026-08-17T06:50:00Z,113.7034,27.9073
2026-08-17T07:00:00Z,116.1613,29.0221
2026-08-17T07:10:00Z,118.6593,30.1134
2026-08-17T07:20:00Z,121.1999,31.1789
2026-08-17T07:30:00Z,123.7849,32.2158
2026-08-17T07:40:00Z,126.4163,33.2216
2026-08-17T07:50:00Z,129.0958,34.1936
2026-08-17T08:00:00Z,131.8249,35.1289
2026-08-17T08:10:00Z,134.6046,36.0247
2026-08-17T08:20:00Z,137.4357,36.8781
2026-08-17T08:30:00Z,140.3185,37.6864
2026-08-17T08:40:00Z,143.2528,38.4465
2026-08-17T08:50:00Z,146.238,39.1556
2026-08-17T09:00:00Z,149.2726,39.8109
2026-08-17T09:10:00Z,152.3548,40.4096
2026-08-17T09:20:00Z,155.482,40.9492
2026-08-17T09:30:00Z,158.6509,41.4272
2026-08-17T09:40:00Z,161.8576,41.8413
2026-08-17T09:50:00Z,165.0976,42.1896
2026-08-17T10:00:00Z,168.3658,42.4702
2026-08-17T10:10:00Z,171.6563,42.6818
2026-08-17T10:20:00Z,174.9633,42.8231
2026-08-17T10:30:00Z,178.2801,42.8935
2026-08-17T10:40:00Z,181.6002,42.8926
2026-08-17T10:50:00Z,184.9169,42.8203
2026-08-17T11:00:00Z,188.2236,42.6771
2026-08-17T11:10:00Z,191.5139,42.4637
2026-08-17T11:20:00Z,194.7816,42.1812
2026-08-17T11:30:00Z,198.021,41.831
2026-08-17T11:40:00Z,201.2271,41.4149
2026-08-17T11:50:00Z,204.3953,40.935
2026-08-17T12:00:00Z,207.5217,40.3935
2026-08-17T12:10:00Z,210.603,39.7927
2026-08-17T12:20:00Z,213.6367,39.1354
2026-08-17T12:30:00Z,216.6208,38.4243
2026-08-17T12:40:00Z,219.554,37.6621
2026-08-17T12:50:00Z,222.4357,36.8518
2026-08-17T13:00:00Z,225.2656,35.9961
2026-08-17T13:10:00Z,228.0441,35.0981
2026-08-17T13:20:00Z,230.7719,34.1606
2026-08-17T13:30:00Z,233.4502,33.1863
2026-08-17T13:40:00Z,236.0803,32.1781
2026-08-17T13:50:00Z,238.664,31.1387
2026-08-17T14:00:00Z,241.2031,30.0708
2026-08-17T14:10:00Z,243.6998,28.9768
2026-08-17T14:20:00Z,246.1563,27.8594
2026-08-17T14:30:00Z,248.5749,26.7209
2026-08-17T14:40:00Z,250.958,25.5637
2026-08-17T14:50:00Z,253.308,24.3901
2026-08-17T15:00:00Z,255.6275,23.2022
2026-08-17T15:10:00Z,257.9188,22.0022
2026-08-17T15:20:00Z,260.1844,20.7922
2026-08-17T15:30:00Z,262.4269,19.5743
2026-08-17T15:40:00Z,264.6485,18.3504
2026-08-17T15:50:00Z,266.8517,17.1225
2026-08-17T16:00:00Z,269.0389,15.8926
2026-08-17T16:10:00Z,271.2122,14.6625
2026-08-17T16:20:00Z,273.3741,13.4342
2026-08-17T16:30:00Z,275.5265,12.2096
2026-08-17T16:40:00Z,277.6718,10.9908
2026-08-17T16:50:00Z,279.8118,9.7799
2026-08-17T17:00:00Z,281.9488,8.5791
2026-08-17T17:10:00Z,284.0845,7.3909
2026-08-17T17:20:00Z,286.221,6.2182
2026-08-17T17:30:00Z,288.3599,5.0638
2026-08-17T17:40:00Z,290.5031,3.9353
2026-08-17T17:50:00Z,292.6523,2.8375
2026-08-17T18:00:00Z,294.809,1.7808
2026-08-17T18:10:00Z,296.9748,0.7819
2026-08-18T03:00:00Z,63.0477,0.6761
2026-08-18T03:10:00Z,65.2167,1.666
2026-08-18T03:20:00Z,67.3766,2.7156
2026-08-18T03:30:00Z,69.529,3.8077
2026-08-18T03:40:00Z,71.6754,4.9311
2026-08-18T03:50:00Z,73.8174,6.0809
2026-08-18T04:00:00Z,75.957,7.2494
2026-08-18T04:10:00Z,78.0958,8.4335
2026-08-18T04:20:00Z,80.2358,9.6303
2026-08-18T04:30:00Z,82.3789,10.8373
2026-08-18T04:40:00Z,84.527,12.0521
2026-08-18T04:50:00Z,86.6823,13.2728
2026-08-18T05:00:00Z,88.847,14.4972
2026-08-18T05:10:00Z,91.023,15.7233
2026-08-18T05:20:00Z,93.2128,16.9493
2026-08-18T05:30:00Z,95.4185,18.1732
2026-08-18T05:40:00Z,97.6426,19.393
2026-08-18T05:50:00Z,99.8873,20.6068
2026-08-18T06:00:00Z,102.155,21.8126
2026-08-18T06:10:00Z,104.4483,23.0083
2026-08-18T06:20:00Z,106.7694,24.1918
2026-08-18T06:30:00Z,109.121,25.361
2026-08-18T06:40:00Z,111.5053,26.5137
2026-08-18T06:50:00Z,113.9249,27.6475
2026-08-18T07:00:00Z,116.382,28.7602
2026-08-18T07:10:00Z,118.8791,29.8494
2026-08-18T07:20:00Z,121.4181,30.9124
2026-08-18T07:30:00Z,124.0013,31.9468
2026-08-18T07:40:00Z,126.6304,32.9499
2026-08-18T07:50:00Z,129.3072,33.919
2026-08-18T08:00:00Z,132.033,34.8513
2026-08-18T08:10:00Z,134.8088,35.7441
2026-08-18T08:20:00Z,137.6354,36.5944
2026-08-18T08:30:00Z,140.513,37.3994
2026-08-18T08:40:00Z,143.4415,38.1562
2026-08-18T08:50:00Z,146.42,38.862
2026-08-18T09:00:00Z,149.4473,39.514
2026-08-18T09:10:00Z,152.5215,40.1096
2026-08-18T09:20:00Z,155.6399,40.646
2026-08-18T09:30:00Z,158.7993,41.1209
2026-08-18T09:40:00Z,161.9959,41.5321
2026-08-18T09:50:00Z,165.2251,41.8776
2026-08-18T10:00:00Z,168.4818,42.1557
2026-08-18T10:10:00Z,171.7605,42.3649
2026-08-18T10:20:00Z,175.0551,42.5041
2026-08-18T10:30:00Z,178.3594,42.5726
2026-08-18T10:40:00Z,181.6667,42.5701
2026-08-18T10:50:00Z,184.9705,42.4965
2026-08-18T11:00:00Z,188.2643,42.3523
2026-08-18T11:10:00Z,191.5418,42.1381
2026-08-18T11:20:00Z,194.797,41.8551
2026-08-18T11:30:00Z,198.0243,41.5047
2026-08-18T11:40:00Z,201.2186,41.0887
2026-08-18T11:50:00Z,204.3756,40.609
2026-08-18T12:00:00Z,207.4913,40.0679
2026-08-18T12:10:00Z,210.5625,39.4679
2026-08-18T12:20:00Z,213.5867,38.8114
2026-08-18T12:30:00Z,216.562,38.1012
2026-08-18T12:40:00Z,219.4871,37.34
2026-08-18T12:50:00Z,222.3614,36.5308
2026-08-18T13:00:00Z,225.1845,35.6764
2026-08-18T13:10:00Z,227.9569,34.7796
2026-08-18T13:20:00Z,230.6791,33.8433
2026-08-18T13:30:00Z,233.3524,32.8703
2026-08-18T13:40:00Z,235.9782,31.8633
2026-08-18T13:50:00Z,238.558,30.8251
2026-08-18T14:00:00Z,241.0938,29.7583
2026-08-18T14:10:00Z,243.5876,28.6655
2026-08-18T14:20:00Z,246.0416,27.5491
2026-08-18T14:30:00Z,248.4581,26.4115
2026-08-18T14:40:00Z,250.8395,25.2552
2026-08-18T14:50:00Z,253.1882,24.0824
2026-08-18T15:00:00Z,255.5066,22.8952
2026-08-18T15:10:00Z,257.7972,21.6959
2026-08-18T15:20:00Z,260.0624,20.4864
2026-08-18T15:30:00Z,262.3046,19.269
2026-08-18T15:40:00Z,264.5263,18.0454
2026-08-18T15:50:00Z,266.7299,16.8178
2026-08-18T16:00:00Z,268.9175,15.5881
2026-08-18T16:10:00Z,271.0916,14.3581
2026-08-18T16:20:00Z,273.2543,13.1299
2026-08-18T16:30:00Z,275.4079,11.9055
2026-08-18T16:40:00Z,277.5544,10.6867
2026-08-18T16:50:00Z,279.696,9.4759
2026-08-18T17:00:00Z,281.8346,8.2754
2026-08-18T17:10:00Z,283.9721,7.0876
2026-08-18T17:20:00Z,286.1106,5.9157
2026-08-18T17:30:00Z,288.2517,4.763
2026-08-18T17:40:00Z,290.3973,3.6373
2026-08-18T17:50:00Z,292.5491,2.5441
2026-08-18T18:00:00Z,294.7085,1.4957
2026-08-18T18:10:00Z,296.8773,0.511
2026-08-19T03:00:00Z,63.2431,0.4482
2026-08-19T03:10:00Z,65.4146,1.4266
2026-08-19T03:20:00Z,67.5769,2.4697
2026-08-19T03:30:00Z,69.7316,3.5586
2026-08-19T03:40:00Z,71.8801,4.6803
2026-08-19T03:50:00Z,74.0243,5.8292
2026-08-19T04:00:00Z,76.1658,6.9976
2026-08-19T04:10:00Z,78.3064,8.1818
2026-08-19T04:20:00Z,80.4482,9.3788
2026-08-19T04:30:00Z,82.5929,10.586
2026-08-19T04:40:00Z,84.7426,11.8011
2026-08-19T04:50:00Z,86.8994,13.0218
2026-08-19T05:00:00Z,89.0654,14.2462
2026-08-19T05:10:00Z,91.2428,15.4722
2026-08-19T05:20:00Z,93.4337,16.6978
2026-08-19T05:30:00Z,95.6405,17.9212
2026-08-19T05:40:00Z,97.8655,19.1404
2026-08-19T05:50:00Z,100.1109,20.3534
2026-08-19T06:00:00Z,102.3793,21.5581
2026-08-19T06:10:00Z,104.673,22.7526
2026-08-19T06:20:00Z,106.9944,23.9348
2026-08-19T06:30:00Z,109.346,25.1024
2026-08-19T06:40:00Z,111.7302,26.2534
2026-08-19T06:50:00Z,114.1493,27.3853
2026-08-19T07:00:00Z,116.6057,28.4959
2026-08-19T07:10:00Z,119.1016,29.5828
2026-08-19T07:20:00Z,121.6392,30.6434
2026-08-19T07:30:00Z,124.2205,31.6752
2026-08-19T07:40:00Z,126.8473,32.6755
2026-08-19T07:50:00Z,129.5212,33.6417
2026-08-19T08:00:00Z,132.2436,34.5711
2026-08-19T08:10:00Z,135.0155,35.4607
2026-08-19T08:20:00Z,137.8375,36.3078
2026-08-19T08:30:00Z,140.7099,37.1095
2026-08-19T08:40:00Z,143.6325,37.863
2026-08-19T08:50:00Z,146.6044,38.5655
2026-08-19T09:00:00Z,149.6244,39.2142
2026-08-19T09:10:00Z,152.6905,39.8064
2026-08-19T09:20:00Z,155.8001,40.3397
2026-08-19T09:30:00Z,158.95,40.8115
2026-08-19T09:40:00Z,162.1364,41.2197
2026-08-19T09:50:00Z,165.3548,41.5624
2026-08-19T10:00:00Z,168.6001,41.8378
2026-08-19T10:10:00Z,171.8669,42.0446
2026-08-19T10:20:00Z,175.1492,42.1817
2026-08-19T10:30:00Z,178.4408,42.2483
2026-08-19T10:40:00Z,181.7353,42.2442
2026-08-19T10:50:00Z,185.0262,42.1692
2026-08-19T11:00:00Z,188.3071,42.0239
2026-08-19T11:10:00Z,191.5718,41.8089
2026-08-19T11:20:00Z,194.8145,41.5254
2026-08-19T11:30:00Z,198.0296,41.1748
2026-08-19T11:40:00Z,201.2122,40.7587
2026-08-19T11:50:00Z,204.3578,40.2793
2026-08-19T12:00:00Z,207.4628,39.7386
2026-08-19T12:10:00Z,210.5239,39.1391
2026-08-19T12:20:00Z,213.5386,38.4834
2026-08-19T12:30:00Z,216.5051,37.7741
2026-08-19T12:40:00Z,219.422,37.014
2026-08-19T12:50:00Z,222.2887,36.2059
2026-08-19T13:00:00Z,225.105,35.3526
2026-08-19T13:10:00Z,227.8711,34.457
2026-08-19T13:20:00Z,230.5878,33.5219
2026-08-19T13:30:00Z,233.2561,32.5502
2026-08-19T13:40:00Z,235.8774,31.5444
2026-08-19T13:50:00Z,238.4532,30.5074
2026-08-19T14:00:00Z,240.9856,29.4418
2026-08-19T14:10:00Z,243.4764,28.35
2026-08-19T14:20:00Z,245.9279,27.2347
2026-08-19T14:30:00Z,248.3423,26.0981
2026-08-19T14:40:00Z,250.7219,24.9426
2026-08-19T14:50:00Z,253.0692,23.7706
2026-08-19T15:00:00Z,255.3865,22.5841
2026-08-19T15:10:00Z,257.6763,21.3854
2026-08-19T15:20:00Z,259.941,20.1766
2026-08-19T15:30:00Z,262.183,18.9595
2026-08-19T15:40:00Z,264.4047,17.7364
2026-08-19T15:50:00Z,266.6085,16.5091
2026-08-19T16:00:00Z,268.7966,15.2796
2026-08-19T16:10:00Z,270.9714,14.0498
2026-08-19T16:20:00Z,273.135,12.8217
2026-08-19T16:30:00Z,275.2896,11.5974
2026-08-19T16:40:00Z,277.4374,10.3788
2026-08-19T16:50:00Z,279.5804,9.1682
2026-08-19T17:00:00Z,281.7207,7.9679
2026-08-19T17:10:00Z,283.8601,6.7807
2026-08-19T17:20:00Z,286.0006,5.6097
2026-08-19T17:30:00Z,288.1439,4.4592
2026-08-19T17:40:00Z,290.2919,3.3367
2026-08-19T17:50:00Z,292.4462,2.249
2026-08-19T18:00:00Z,294.6084,1.2106
2026-08-19T18:10:00Z,296.7801,0.2422
2026-08-20T03:00:00Z,63.4419,0.2228
2026-08-20T03:10:00Z,65.616,1.188
2026-08-20T03:20:00Z,67.7806,2.2235
2026-08-20T03:30:00Z,69.9375,3.3084
2026-08-20T03:40:00Z,72.0882,4.4282
2026-08-20T03:50:00Z,74.2344,5.5759
2026-08-20T04:00:00Z,76.3778,6.7441
2026-08-20T04:10:00Z,78.5204,7.9284
2026-08-20T04:20:00Z,80.6638,9.1256
2026-08-20T04:30:00Z,82.8102,10.3329
2026-08-20T04:40:00Z,84.9615,11.5481
2026-08-20T04:50:00Z,87.1197,12.7689
2026-08-20T05:00:00Z,89.287,13.9932
2026-08-20T05:10:00Z,91.4656,15.219
2026-08-20T05:20:00Z,93.6577,16.4443
2026-08-20T05:30:00Z,95.8655,17.6672
2026-08-20T05:40:00Z,98.0914,18.8857
2026-08-20T05:50:00Z,100.3376,20.0978
2026-08-20T06:00:00Z,102.6066,21.3015
2026-08-20T06:10:00Z,104.9007,22.4948
2026-08-20T06:20:00Z,107.2223,23.6756
2026-08-20T06:30:00Z,109.5739,24.8416
2026-08-20T06:40:00Z,111.9578,25.9908
2026-08-20T06:50:00Z,114.3764,27.1208
2026-08-20T07:00:00Z,116.832,28.2292
2026-08-20T07:10:00Z,119.3268,29.3138
2026-08-20T07:20:00Z,121.8629,30.3719
2026-08-20T07:30:00Z,124.4422,31.401
2026-08-20T07:40:00Z,127.0667,32.3986
2026-08-20T07:50:00Z,129.7377,33.3619
2026-08-20T08:00:00Z,132.4567,34.2881
2026-08-20T08:10:00Z,135.2246,35.1746
2026-08-20T08:20:00Z,138.042,36.0184
2026-08-20T08:30:00Z,140.9092,36.8169
2026-08-20T08:40:00Z,143.8258,37.567
2026-08-20T08:50:00Z,146.7911,38.2661
2026-08-20T09:00:00Z,149.8037,38.9114
2026-08-20T09:10:00Z,152.8617,39.5003
2026-08-20T09:20:00Z,155.9625,40.0303
2026-08-20T09:30:00Z,159.1028,40.499
2026-08-20T09:40:00Z,162.279,40.9042
2026-08-20T09:50:00Z,165.4865,41.244
2026-08-20T10:00:00Z,168.7204,41.5168
2026-08-20T10:10:00Z,171.9753,41.7211
2026-08-20T10:20:00Z,175.2453,41.856
2026-08-20T10:30:00Z,178.5243,41.9206
2026-08-20T10:40:00Z,181.8059,41.9148
2026-08-20T10:50:00Z,185.0839,41.8385
2026-08-20T11:00:00Z,188.3519,41.692
2026-08-20T11:10:00Z,191.6039,41.4762
2026-08-20T11:20:00Z,194.834,41.1921
2026-08-20T11:30:00Z,198.0369,40.8412
2026-08-20T11:40:00Z,201.2077,40.4251
2026-08-20T11:50:00Z,204.3421,39.9458
2026-08-20T12:00:00Z,207.4363,39.4056
2026-08-20T12:10:00Z,210.4872,38.8067
2026-08-20T12:20:00Z,213.4924,38.1517
2026-08-20T12:30:00Z,216.4499,37.4433
2026-08-20T12:40:00Z,219.3586,36.6841
2026-08-20T12:50:00Z,222.2178,35.8771
2026-08-20T13:00:00Z,225.0271,35.025
2026-08-20T13:10:00Z,227.7869,34.1306
2026-08-20T13:20:00Z,230.4979,33.1967
2026-08-20T13:30:00Z,233.1611,32.2261
2026-08-20T13:40:00Z,235.7778,31.2216
2026-08-20T13:50:00Z,238.3497,30.1858
2026-08-20T14:00:00Z,240.8785,29.1212
2026-08-20T14:10:00Z,243.3663,28.0306
2026-08-20T14:20:00Z,245.8152,26.9162
2026-08-20T14:30:00Z,248.2274,25.7806
2026-08-20T14:40:00Z,250.6052,24.6261
2026-08-20T14:50:00Z,252.951,23.4548
2026-08-20T15:00:00Z,255.2672,22.2691
2026-08-20T15:10:00Z,257.5562,21.071
2026-08-20T15:20:00Z,259.8203,19.8627
2026-08-20T15:30:00Z,262.062,18.6462
2026-08-20T15:40:00Z,264.2837,17.4234
2026-08-20T15:50:00Z,266.4877,16.1964
2026-08-20T16:00:00Z,268.6762,14.9671
2026-08-20T16:10:00Z,270.8517,13.7376
2026-08-20T16:20:00Z,273.0161,12.5097
2026-08-20T16:30:00Z,275.1718,11.2854
2026-08-20T16:40:00Z,277.3209,10.067
2026-08-20T16:50:00Z,279.4653,8.8566
2026-08-20T17:00:00Z,281.6072,7.6568
2026-08-20T17:10:00Z,283.7484,6.4703
2026-08-20T17:20:00Z,285.8909,5.3004
2026-08-20T17:30:00Z,288.0364,4.1525
2026-08-20T17:40:00Z,290.1868,3.0337
2026-08-20T17:50:00Z,292.3437,1.9527
2026-08-20T18:00:00Z,294.5087,0.9262
2026-08-21T03:00:00Z,63.6441,0.0002
2026-08-21T03:10:00Z,65.8206,0.9506
2026-08-21T03:20:00Z,67.9876,1.9772
2026-08-21T03:30:00Z,70.1468,3.0574
2026-08-21T03:40:00Z,72.2996,4.1749
2026-08-21T03:50:00Z,74.4478,5.3211
2026-08-21T04:00:00Z,76.5931,6.489
2026-08-21T04:10:00Z,78.7374,7.6732
2026-08-21T04:20:00Z,80.8826,8.8705
2026-08-21T04:30:00Z,83.0306,10.078
2026-08-21T04:40:00Z,85.1834,11.2933
2026-08-21T04:50:00Z,87.3431,12.5141
2026-08-21T05:00:00Z,89.5117,13.7383
2026-08-21T05:10:00Z,91.6915,14.9638
2026-08-21T05:20:00Z,93.8847,16.1888
2026-08-21T05:30:00Z,96.0935,17.4111
2026-08-21T05:40:00Z,98.3202,18.6289
2026-08-21T05:50:00Z,100.5671,19.8401
2026-08-21T06:00:00Z,102.8367,21.0428
2026-08-21T06:10:00Z,105.1312,22.2348
2026-08-21T06:20:00Z,107.453,23.4141
2026-08-21T06:30:00Z,109.8046,24.5786
2026-08-21T06:40:00Z,112.1882,25.7259
2026-08-21T06:50:00Z,114.6063,26.8539
2026-08-21T07:00:00Z,117.061,27.9602
2026-08-21T07:10:00Z,119.5546,29.0424
2026-08-21T07:20:00Z,122.0891,30.098
2026-08-21T07:30:00Z,124.6665,31.1244
2026-08-21T07:40:00Z,127.2885,32.1191
2026-08-21T07:50:00Z,129.9566,33.0794
2026-08-21T08:00:00Z,132.6721,34.0026
2026-08-21T08:10:00Z,135.436,34.8858
2026-08-21T08:20:00Z,138.2488,35.7264
2026-08-21T08:30:00Z,141.1106,36.5214
2026-08-21T08:40:00Z,144.0213,37.2682
2026-08-21T08:50:00Z,146.9799,37.9638
2026-08-21T09:00:00Z,149.9851,38.6057
2026-08-21T09:10:00Z,153.0349,39.1913
2026-08-21T09:20:00Z,156.1268,39.7179
2026-08-21T09:30:00Z,159.2576,40.1834
2026-08-21T09:40:00Z,162.4235,40.5856
2026-08-21T09:50:00Z,165.6202,40.9225
2026-08-21T10:00:00Z,168.8427,41.1925
2026-08-21T10:10:00Z,172.0856,41.3944
2026-08-21T10:20:00Z,175.3433,41.527
2026-08-21T10:30:00Z,178.6097,41.5897
2026-08-21T10:40:00Z,181.8785,41.5821
2026-08-21T10:50:00Z,185.1436,41.5043
2026-08-21T11:00:00Z,188.3987,41.3567
2026-08-21T11:10:00Z,191.6379,41.14
2026-08-21T11:20:00Z,194.8555,40.8554
2026-08-21T11:30:00Z,198.0462,40.5041
2026-08-21T11:40:00Z,201.2052,40.0879
2026-08-21T11:50:00Z,204.3282,39.6088
2026-08-21T12:00:00Z,207.4116,39.0689
2026-08-21T12:10:00Z,210.4523,38.4705
2026-08-21T12:20:00Z,213.4479,37.8162
2026-08-21T12:30:00Z,216.3965,37.1087
2026-08-21T12:40:00Z,219.2969,36.3505
2026-08-21T12:50:00Z,222.1484,35.5445
2026-08-21T13:00:00Z,224.9508,34.6935
2026-08-21T13:10:00Z,227.7042,33.8003
2026-08-21T13:20:00Z,230.4095,32.8676
2026-08-21T13:30:00Z,233.0675,31.8982
2026-08-21T13:40:00Z,235.6796,30.8949
2026-08-21T13:50:00Z,238.2474,29.8602
2026-08-21T14:00:00Z,240.7726,28.7968
2026-08-21T14:10:00Z,243.2573,27.7073
2026-08-21T14:20:00Z,245.7035,26.5939
2026-08-21T14:30:00Z,248.1134,25.4593
2026-08-21T14:40:00Z,250.4894,24.3056
2026-08-21T14:50:00Z,252.8337,23.1352
2026-08-21T15:00:00Z,255.1486,21.9502
2026-08-21T15:10:00Z,257.4367,20.7528
2026-08-21T15:20:00Z,259.7003,19.545
2026-08-21T15:30:00Z,261.9417,18.3289
2026-08-21T15:40:00Z,264.1633,17.1066
2026-08-21T15:50:00Z,266.3674,15.8799
2026-08-21T16:00:00Z,268.5564,14.6509
2026-08-21T16:10:00Z,270.7324,13.4215
2026-08-21T16:20:00Z,272.8977,12.1938
2026-08-21T16:30:00Z,275.0544,10.9698
2026-08-21T16:40:00Z,277.2047,9.7516
2026-08-21T16:50:00Z,279.3505,8.5415
2026-08-21T17:00:00Z,281.494,7.3422
2026-08-21T17:10:00Z,283.637,6.1565
2026-08-21T17:20:00Z,285.7815,4.9876
2026-08-21T17:30:00Z,287.9293,3.8432
2026-08-21T17:40:00Z,290.082,2.7288
2026-08-21T17:50:00Z,292.2415,1.6559
2026-08-21T18:00:00Z,294.4093,0.6433
2026-08-22T03:10:00Z,66.0285,0.7149
2026-08-22T03:20:00Z,68.1979,1.7311
2026-08-22T03:30:00Z,70.3592,2.8057
2026-08-22T03:40:00Z,72.5141,3.9205
2026-08-22T03:50:00Z,74.6643,5.0645
2026-08-22T04:00:00Z,76.8115,6.2323
2026-08-22T04:10:00Z,78.9576,7.4164
2026-08-22T04:20:00Z,81.1045,8.6137
2026-08-22T04:30:00Z,83.254,9.8213
2026-08-22T04:40:00Z,85.4083,11.0367
2026-08-22T04:50:00Z,87.5694,12.2574
2026-08-22T05:00:00Z,89.7393,13.4815
2026-08-22T05:10:00Z,91.9203,14.7068
2026-08-22T05:20:00Z,94.1146,15.9313
2026-08-22T05:30:00Z,96.3243,17.1531
2026-08-22T05:40:00Z,98.5519,18.3701
2026-08-22T05:50:00Z,100.7995,19.5804
2026-08-22T06:00:00Z,103.0695,20.782
2026-08-22T06:10:00Z,105.3644,21.9728
2026-08-22T06:20:00Z,107.6864,23.1506
2026-08-22T06:30:00Z,110.0378,24.3134
2026-08-22T06:40:00Z,112.4212,25.4588
2026-08-22T06:50:00Z,114.8386,26.5848
2026-08-22T07:00:00Z,117.2925,27.6889
2026-08-22T07:10:00Z,119.7848,28.7686
2026-08-22T07:20:00Z,122.3177,29.8217
2026-08-22T07:30:00Z,124.8931,30.8454
2026-08-22T07:40:00Z,127.5126,31.8372
2026-08-22T07:50:00Z,130.1778,32.7945
2026-08-22T08:00:00Z,132.8898,33.7145
2026-08-22T08:10:00Z,135.6496,34.5945
2026-08-22T08:20:00Z,138.4576,35.4317
2026-08-22T08:30:00Z,141.3142,36.2233
2026-08-22T08:40:00Z,144.2188,36.9666
2026-08-22T08:50:00Z,147.1706,37.6588
2026-08-22T09:00:00Z,150.1684,38.2972
2026-08-22T09:10:00Z,153.2101,38.8793
2026-08-22T09:20:00Z,156.2931,39.4027
2026-08-22T09:30:00Z,159.4143,39.8649
2026-08-22T09:40:00Z,162.57,40.264
2026-08-22T09:50:00Z,165.7558,40.5979
2026-08-22T10:00:00Z,168.9668,40.8652
2026-08-22T10:10:00Z,172.1979,41.0646
2026-08-22T10:20:00Z,175.4432,41.1949
2026-08-22T10:30:00Z,178.697,41.2555
2026-08-22T10:40:00Z,181.953,41.2462
2026-08-22T10:50:00Z,185.2052,41.1669
2026-08-22T11:00:00Z,188.4474,41.0181
2026-08-22T11:10:00Z,191.6738,40.8005
2026-08-22T11:20:00Z,194.8788,40.5152
2026-08-22T11:30:00Z,198.0573,40.1636
2026-08-22T11:40:00Z,201.2045,39.7473
2026-08-22T11:50:00Z,204.3161,39.2683
2026-08-22T12:00:00Z,207.3887,38.7287
2026-08-22T12:10:00Z,210.4192,38.1308
2026-08-22T12:20:00Z,213.4051,37.4772
2026-08-22T12:30:00Z,216.3448,36.7704
2026-08-22T12:40:00Z,219.2368,36.0132
2026-08-22T12:50:00Z,222.0806,35.2083
2026-08-22T13:00:00Z,224.8759,34.3583
2026-08-22T13:10:00Z,227.623,33.4663
2026-08-22T13:20:00Z,230.3224,32.5348
2026-08-22T13:30:00Z,232.9752,31.5666
2026-08-22T13:40:00Z,235.5826,30.5644
2026-08-22T13:50:00Z,238.1463,29.5309
2026-08-22T14:00:00Z,240.6679,28.4687
2026-08-22T14:10:00Z,243.1494,27.3802
2026-08-22T14:20:00Z,245.5929,26.2679
2026-08-22T14:30:00Z,248.0005,25.1342
2026-08-22T14:40:00Z,250.3744,23.9814
2026-08-22T14:50:00Z,252.7171,22.8118
2026-08-22T15:00:00Z,255.0309,21.6275
2026-08-22T15:10:00Z,257.318,20.4307
2026-08-22T15:20:00Z,259.5809,19.2235
2026-08-22T15:30:00Z,261.8219,18.0079
2026-08-22T15:40:00Z,264.0434,16.786
2026-08-22T15:50:00Z,266.2477,15.5597
2026-08-22T16:00:00Z,268.437,14.331
2026-08-22T16:10:00Z,270.6136,13.1018
2026-08-22T16:20:00Z,272.7797,11.8743
2026-08-22T16:30:00Z,274.9374,10.6505
2026-08-22T16:40:00Z,277.0889,9.4326
2026-08-22T16:50:00Z,279.2361,8.2229
2026-08-22T17:00:00Z,281.3812,7.0242
2026-08-22T17:10:00Z,283.526,5.8395
2026-08-22T17:20:00Z,285.6725,4.6726
2026-08-22T17:30:00Z,287.8224,3.5315
2026-08-22T17:40:00Z,289.9776,2.4224
2026-08-22T17:50:00Z,292.1396,1.3592
2026-08-22T18:00:00Z,294.3103,0.3628
2026-08-23T03:10:00Z,66.2395,0.4814
2026-08-23T03:20:00Z,68.4112,1.4857
2026-08-23T03:30:00Z,70.5748,2.5536
2026-08-23T03:40:00Z,72.7318,3.6651
2026-08-23T03:50:00Z,74.8839,4.8072
2026-08-23T04:00:00Z,77.033,5.9742
2026-08-23T04:10:00Z,79.1808,7.158
2026-08-23T04:20:00Z,81.3293,8.3553
2026-08-23T04:30:00Z,83.4805,9.5629
2026-08-23T04:40:00Z,85.6362,10.7783
2026-08-23T04:50:00Z,87.7986,11.999
2026-08-23T05:00:00Z,89.9698,13.2229
2026-08-23T05:10:00Z,92.152,14.4479
2026-08-23T05:20:00Z,94.3473,15.672
2026-08-23T05:30:00Z,96.5579,16.8932
2026-08-23T05:40:00Z,98.7862,18.1094
2026-08-23T05:50:00Z,101.0345,19.3188
2026-08-23T06:00:00Z,103.305,20.5192
2026-08-23T06:10:00Z,105.6002,21.7086
2026-08-23T06:20:00Z,107.9223,22.8849
2026-08-23T06:30:00Z,110.2737,24.046
2026-08-23T06:40:00Z,112.6566,25.1896
2026-08-23T06:50:00Z,115.0735,26.3135
2026-08-23T07:00:00Z,117.5263,27.4153
2026-08-23T07:10:00Z,120.0174,28.4926
2026-08-23T07:20:00Z,122.5487,29.543
2026-08-23T07:30:00Z,125.122,30.564
2026-08-23T07:40:00Z,127.7389,31.5529
2026-08-23T07:50:00Z,130.4011,32.5071
2026-08-23T08:00:00Z,133.1095,33.4239
2026-08-23T08:10:00Z,135.8652,34.3006
2026-08-23T08:20:00Z,138.6685,35.1344
2026-08-23T08:30:00Z,141.5196,35.9225
2026-08-23T08:40:00Z,144.4182,36.6623
2026-08-23T08:50:00Z,147.3633,37.351
2026-08-23T09:00:00Z,150.3536,37.986
2026-08-23T09:10:00Z,153.387,38.5646
2026-08-23T09:20:00Z,156.4611,39.0846
2026-08-23T09:30:00Z,159.5728,39.5435
2026-08-23T09:40:00Z,162.7182,39.9394
2026-08-23T09:50:00Z,165.8931,40.2704
2026-08-23T10:00:00Z,169.0927,40.535
2026-08-23T10:10:00Z,172.3118,40.7317
2026-08-23T10:20:00Z,175.5449,40.8597
2026-08-23T10:30:00Z,178.786,40.9183
2026-08-23T10:40:00Z,182.0292,40.9072
2026-08-23T10:50:00Z,185.2685,40.8264
2026-08-23T11:00:00Z,188.4978,40.6763
2026-08-23T11:10:00Z,191.7115,40.4578
2026-08-23T11:20:00Z,194.904,40.1718
2026-08-23T11:30:00Z,198.0702,39.8197
2026-08-23T11:40:00Z,201.2055,39.4033
2026-08-23T11:50:00Z,204.3058,38.9243
2026-08-23T12:00:00Z,207.3676,38.385
2026-08-23T12:10:00Z,210.3878,37.7876
2026-08-23T12:20:00Z,213.3641,37.1347
2026-08-23T12:30:00Z,216.2947,36.4287
2026-08-23T12:40:00Z,219.1784,35.6724
2026-08-23T12:50:00Z,222.0144,34.8684
2026-08-23T13:00:00Z,224.8026,34.0196
2026-08-23T13:10:00Z,227.5432,33.1286
2026-08-23T13:20:00Z,230.2367,32.1983
2026-08-23T13:30:00Z,232.8842,31.2313
2026-08-23T13:40:00Z,235.4869,30.2303
2026-08-23T13:50:00Z,238.0464,29.1979
2026-08-23T14:00:00Z,240.5643,28.1368
2026-08-23T14:10:00Z,243.0425,27.0494
2026-08-23T14:20:00Z,245.4832,25.9381
2026-08-23T14:30:00Z,247.8884,24.8054
2026-08-23T14:40:00Z,250.2604,23.6535
2026-08-23T14:50:00Z,252.6014,22.4847
2026-08-23T15:00:00Z,254.9139,21.3011
2026-08-23T15:10:00Z,257.2,20.105
2026-08-23T15:20:00Z,259.4622,18.8984
2026-08-23T15:30:00Z,261.7028,17.6833
2026-08-23T15:40:00Z,263.9242,16.4618
2026-08-23T15:50:00Z,266.1285,15.2358
2026-08-23T16:00:00Z,268.3181,14.0074
2026-08-23T16:10:00Z,270.4953,12.7786
2026-08-23T16:20:00Z,272.6621,11.5513
2026-08-23T16:30:00Z,274.8208,10.3277
2026-08-23T16:40:00Z,276.9735,9.1101
2026-08-23T16:50:00Z,279.1221,7.901
2026-08-23T17:00:00Z,281.2688,6.703
2026-08-23T17:10:00Z,283.4154,5.5195
2026-08-23T17:20:00Z,285.5638,4.3552
2026-08-23T17:30:00Z,287.7159,3.2177
2026-08-23T17:40:00Z,289.8735,2.1151
2026-08-23T17:50:00Z,292.0381,1.0634
2026-08-23T18:00:00Z,294.2116,0.0859
2026-08-24T03:10:00Z,66.4537,0.2505
2026-08-24T03:20:00Z,68.6277,1.2413
2026-08-24T03:30:00Z,70.7934,2.3014
2026-08-24T03:40:00Z,72.9524,3.4089
2026-08-24T03:50:00Z,75.1065,4.5489
2026-08-24T04:00:00Z,77.2574,5.7146
2026-08-24T04:10:00Z,79.407,6.8981
2026-08-24T04:20:00Z,81.5571,8.0953
2026-08-24T04:30:00Z,83.7097,9.3028
2026-08-24T04:40:00Z,85.8669,10.5182
2026-08-24T04:50:00Z,88.0306,11.7388
2026-08-24T05:00:00Z,90.2031,12.9625
2026-08-24T05:10:00Z,92.3863,14.1872
2026-08-24T05:20:00Z,94.5826,15.4108
2026-08-24T05:30:00Z,96.7942,16.6314
2026-08-24T05:40:00Z,99.0232,17.8468
2026-08-24T05:50:00Z,101.2721,19.0552
2026-08-24T06:00:00Z,103.5431,20.2544
2026-08-24T06:10:00Z,105.8385,21.4425
2026-08-24T06:20:00Z,108.1606,22.6173
2026-08-24T06:30:00Z,110.5119,23.7766
2026-08-24T06:40:00Z,112.8944,24.9183
2026-08-24T06:50:00Z,115.3106,26.04
2026-08-24T07:00:00Z,117.7625,27.1395
2026-08-24T07:10:00Z,120.2522,28.2143
2026-08-24T07:20:00Z,122.7818,29.2621
2026-08-24T07:30:00Z,125.3529,30.2802
2026-08-24T07:40:00Z,127.9673,31.2661
2026-08-24T07:50:00Z,130.6264,32.2172
2026-08-24T08:00:00Z,133.3313,33.1308
2026-08-24T08:10:00Z,136.0827,34.0041
2026-08-24T08:20:00Z,138.8813,34.8345
2026-08-24T08:30:00Z,141.7269,35.6192
2026-08-24T08:40:00Z,144.6194,36.3554
2026-08-24T08:50:00Z,147.5577,37.0406
2026-08-24T09:00:00Z,150.5404,37.672
2026-08-24T09:10:00Z,153.5657,38.2472
2026-08-24T09:20:00Z,156.6309,38.7637
2026-08-24T09:30:00Z,159.7328,39.2193
2026-08-24T09:40:00Z,162.868,39.6121
2026-08-24T09:50:00Z,166.032,39.94
2026-08-24T10:00:00Z,169.2202,40.2018
2026-08-24T10:10:00Z,172.4274,40.3959
2026-08-24T10:20:00Z,175.6482,40.5215
2026-08-24T10:30:00Z,178.8767,40.578
2026-08-24T10:40:00Z,182.1071,40.565
2026-08-24T10:50:00Z,185.3335,40.4827
2026-08-24T11:00:00Z,188.55,40.3314
2026-08-24T11:10:00Z,191.7509,40.1119
2026-08-24T11:20:00Z,194.9309,39.8251
2026-08-24T11:30:00Z,198.0849,39.4726
2026-08-24T11:40:00Z,201.2083,39.056
2026-08-24T11:50:00Z,204.2973,38.5771
2026-08-24T12:00:00Z,207.3481,38.038
2026-08-24T12:10:00Z,210.3581,37.4411
2026-08-24T12:20:00Z,213.3247,36.7888
2026-08-24T12:30:00Z,216.2462,36.0836
2026-08-24T12:40:00Z,219.1215,35.3281
2026-08-24T12:50:00Z,221.9497,34.5251
2026-08-24T13:00:00Z,224.7308,33.6774
2026-08-24T13:10:00Z,227.4648,32.7875
2026-08-24T13:20:00Z,230.1524,31.8583
2026-08-24T13:30:00Z,232.7945,30.8925
2026-08-24T13:40:00Z,235.3924,29.8926
2026-08-24T13:50:00Z,237.9476,28.8614
2026-08-24T14:00:00Z,240.4617,27.8014
2026-08-24T14:10:00Z,242.9367,26.715
2026-08-24T14:20:00Z,245.3745,25.6048
2026-08-24T14:30:00Z,247.7773,24.473
2026-08-24T14:40:00Z,250.1472,23.322
2026-08-24T14:50:00Z,252.4866,22.154
2026-08-24T15:00:00Z,254.7976,20.9712
2026-08-24T15:10:00Z,257.0827,19.7757
2026-08-24T15:20:00Z,259.3442,18.5697
2026-08-24T15:30:00Z,261.5843,17.3551
2026-08-24T15:40:00Z,263.8054,16.134
2026-08-24T15:50:00Z,266.0098,14.9085
2026-08-24T16:00:00Z,268.1998,13.6804
2026-08-24T16:10:00Z,270.3774,12.4518
2026-08-24T16:20:00Z,272.545,11.2248
2026-08-24T16:30:00Z,274.7046,10.0016
2026-08-24T16:40:00Z,276.8584,8.7844
2026-08-24T16:50:00Z,279.0085,7.5758
2026-08-24T17:00:00Z,281.1567,6.3787
2026-08-24T17:10:00Z,283.3051,5.1966
2026-08-24T17:20:00Z,285.4555,4.0354
2026-08-24T17:30:00Z,287.6097,2.9022
2026-08-24T17:40:00Z,289.7697,1.8073
2026-08-24T17:50:00Z,291.9369,0.7694
2026-08-25T03:10:00Z,66.6708,0.023
2026-08-25T03:20:00Z,68.8471,0.9984
2026-08-25T03:30:00Z,71.015,2.0493
2026-08-25T03:40:00Z,73.176,3.1521
2026-08-25T03:50:00Z,75.332,4.2897
2026-08-25T04:00:00Z,77.4847,5.4538
2026-08-25T04:10:00Z,79.6359,6.6368
2026-08-25T04:20:00Z,81.7876,7.8337
2026-08-25T04:30:00Z,83.9418,9.0412
2026-08-25T04:40:00Z,86.1003,10.2564
2026-08-25T04:50:00Z,88.2654,11.4769
2026-08-25T05:00:00Z,90.439,12.7004
2026-08-25T05:10:00Z,92.6233,13.9247
2026-08-25T05:20:00Z,94.8206,15.1479
2026-08-25T05:30:00Z,97.033,16.3677
2026-08-25T05:40:00Z,99.2627,17.5823
2026-08-25T05:50:00Z,101.5122,18.7897
2026-08-25T06:00:00Z,103.7836,19.9877
2026-08-25T06:10:00Z,106.0792,21.1744
2026-08-25T06:20:00Z,108.4014,22.3476
2026-08-25T06:30:00Z,110.7524,23.5051
2026-08-25T06:40:00Z,113.1345,24.6448
2026-08-25T06:50:00Z,115.5499,25.7644
2026-08-25T07:00:00Z,118.0008,26.8615
2026-08-25T07:10:00Z,120.4891,27.9339
2026-08-25T07:20:00Z,123.0169,28.9789
2026-08-25T07:30:00Z,125.5859,29.9942
2026-08-25T07:40:00Z,128.1977,30.9771
2026-08-25T07:50:00Z,130.8536,31.925
2026-08-25T08:00:00Z,133.5548,32.8353
2026-08-25T08:10:00Z,136.302,33.7053
2026-08-25T08:20:00Z,139.0957,34.5322
2026-08-25T08:30:00Z,141.9359,35.3133
2026-08-25T08:40:00Z,144.8222,36.046
2026-08-25T08:50:00Z,147.7537,36.7276
2026-08-25T09:00:00Z,150.7289,37.3554
2026-08-25T09:10:00Z,153.7459,37.927
2026-08-25T09:20:00Z,156.8021,38.4401
2026-08-25T09:30:00Z,159.8945,38.8924
2026-08-25T09:40:00Z,163.0193,39.2819
2026-08-25T09:50:00Z,166.1724,39.6069
2026-08-25T10:00:00Z,169.3492,39.8657
2026-08-25T10:10:00Z,172.5445,40.0572
2026-08-25T10:20:00Z,175.753,40.1805
2026-08-25T10:30:00Z,178.9689,40.2348
2026-08-25T10:40:00Z,182.1866,40.22
2026-08-25T10:50:00Z,185.4001,40.136
2026-08-25T11:00:00Z,188.6037,39.9834
2026-08-25T11:10:00Z,191.7919,39.7629
2026-08-25T11:20:00Z,194.9593,39.4754
2026-08-25T11:30:00Z,198.1011,39.1224
2026-08-25T11:40:00Z,201.2128,38.7056
2026-08-25T11:50:00Z,204.2903,38.2267
2026-08-25T12:00:00Z,207.3303,37.6878
2026-08-25T12:10:00Z,210.3299,37.0913
2026-08-25T12:20:00Z,213.2868,36.4396
2026-08-25T12:30:00Z,216.1993,35.7351
2026-08-25T12:40:00Z,219.0661,34.9805
2026-08-25T12:50:00Z,221.8865,34.1785
2026-08-25T13:00:00Z,224.6603,33.3318
2026-08-25T13:10:00Z,227.3878,32.443
2026-08-25T13:20:00Z,230.0694,31.5149
2026-08-25T13:30:00Z,232.7061,30.5502
2026-08-25T13:40:00Z,235.2992,29.5515
2026-08-25T13:50:00Z,237.85,28.5215
2026-08-25T14:00:00Z,240.3603,27.4625
2026-08-25T14:10:00Z,242.8319,26.3772
2026-08-25T14:20:00Z,245.2668,25.268
2026-08-25T14:30:00Z,247.6671,24.1371
2026-08-25T14:40:00Z,250.0349,22.987
2026-08-25T14:50:00Z,252.3725,21.8198
2026-08-25T15:00:00Z,254.6821,20.6378
2026-08-25T15:10:00Z,256.9661,19.443
2026-08-25T15:20:00Z,259.2268,18.2376
2026-08-25T15:30:00Z,261.4664,17.0235
2026-08-25T15:40:00Z,263.6873,15.8029
2026-08-25T15:50:00Z,265.8917,14.5777
2026-08-25T16:00:00Z,268.0819,13.35
2026-08-25T16:10:00Z,270.26,12.1217
2026-08-25T16:20:00Z,272.4283,10.8951
2026-08-25T16:30:00Z,274.5889,9.6722
2026-08-25T16:40:00Z,276.7438,8.4555
2026-08-25T16:50:00Z,278.8951,7.2476
2026-08-25T17:00:00Z,281.0449,6.0515
2026-08-25T17:10:00Z,283.195,4.8708
2026-08-25T17:20:00Z,285.3474,3.7135
2026-08-25T17:30:00Z,287.5039,2.5854
2026-08-25T17:40:00Z,289.6662,1.5
2026-08-25T17:50:00Z,291.836,0.4781
2026-08-26T03:20:00Z,69.0695,0.7574
2026-08-26T03:30:00Z,71.2394,1.7977
2026-08-26T03:40:00Z,73.4025,2.8947
2026-08-26T03:50:00Z,75.5603,4.0295
2026-08-26T04:00:00Z,77.7148,5.1917
2026-08-26T04:10:00Z,79.8677,6.3741
2026-08-26T04:20:00Z,82.0209,7.5707
2026-08-26T04:30:00Z,84.1765,8.778
2026-08-26T04:40:00Z,86.3364,9.9931
2026-08-26T04:50:00Z,88.5027,11.2134
2026-08-26T05:00:00Z,90.6775,12.4366
2026-08-26T05:10:00Z,92.8628,13.6606
2026-08-26T05:20:00Z,95.061,14.8832
2026-08-26T05:30:00Z,97.2742,16.1023
2026-08-26T05:40:00Z,99.5047,17.3161
2026-08-26T05:50:00Z,101.7546,18.5224
2026-08-26T06:00:00Z,104.0264,19.7192
2026-08-26T06:10:00Z,106.3222,20.9044
2026-08-26T06:20:00Z,108.6443,22.0759
2026-08-26T06:30:00Z,110.9951,23.2317
2026-08-26T06:40:00Z,113.3767,24.3693
2026-08-26T06:50:00Z,115.7913,25.4867
2026-08-26T07:00:00Z,118.2411,26.5815
2026-08-26T07:10:00Z,120.728,27.6513
2026-08-26T07:20:00Z,123.254,28.6936
2026-08-26T07:30:00Z,125.8208,29.7059
2026-08-26T07:40:00Z,128.4299,30.6858
2026-08-26T07:50:00Z,131.0826,31.6305
2026-08-26T08:00:00Z,133.7801,32.5375
2026-08-26T08:10:00Z,136.523,33.404
2026-08-26T08:20:00Z,139.3119,34.2274
2026-08-26T08:30:00Z,142.1465,35.005
2026-08-26T08:40:00Z,145.0266,35.7341
2026-08-26T08:50:00Z,147.9512,36.412
2026-08-26T09:00:00Z,150.9188,37.0362
2026-08-26T09:10:00Z,153.9275,37.6043
2026-08-26T09:20:00Z,156.9748,38.1139
2026-08-26T09:30:00Z,160.0575,38.5628
2026-08-26T09:40:00Z,163.172,38.9491
2026-08-26T09:50:00Z,166.3143,39.2709
2026-08-26T10:00:00Z,169.4796,39.5269
2026-08-26T10:10:00Z,172.663,39.7157
2026-08-26T10:20:00Z,175.8592,39.8366
2026-08-26T10:30:00Z,179.0626,39.8887
2026-08-26T10:40:00Z,182.2675,39.872
2026-08-26T10:50:00Z,185.4682,39.7865
2026-08-26T11:00:00Z,188.659,39.6325
2026-08-26T11:10:00Z,191.8345,39.4109
2026-08-26T11:20:00Z,194.9894,39.1227
2026-08-26T11:30:00Z,198.119,38.7692
2026-08-26T11:40:00Z,201.2188,38.352
2026-08-26T11:50:00Z,204.2849,37.8731
2026-08-26T12:00:00Z,207.3141,37.3345
2026-08-26T12:10:00Z,210.3034,36.7384
2026-08-26T12:20:00Z,213.2505,36.0872
2026-08-26T12:30:00Z,216.1539,35.3834
2026-08-26T12:40:00Z,219.0122,34.6297
2026-08-26T12:50:00Z,221.8247,33.8286
2026-08-26T13:00:00Z,224.5913,32.9829
2026-08-26T13:10:00Z,227.3121,32.0952
2026-08-26T13:20:00Z,229.9877,31.1682
2026-08-26T13:30:00Z,232.619,30.2047
2026-08-26T13:40:00Z,235.2071,29.2071
2026-08-26T13:50:00Z,237.7536,28.1781
2026-08-26T14:00:00Z,240.26,27.1203
2026-08-26T14:10:00Z,242.7282,26.0361
2026-08-26T14:20:00Z,245.1601,24.9278
2026-08-26T14:30:00Z,247.5578,23.7979
2026-08-26T14:40:00Z,249.9234,22.6487
2026-08-26T14:50:00Z,252.2592,21.4823
2026-08-26T15:00:00Z,254.5674,20.301
2026-08-26T15:10:00Z,256.8503,19.1069
2026-08-26T15:20:00Z,259.1101,17.9021
2026-08-26T15:30:00Z,261.3492,16.6886
2026-08-26T15:40:00Z,263.5697,15.4684
2026-08-26T15:50:00Z,265.7741,14.2437
2026-08-26T16:00:00Z,267.9645,13.0163
2026-08-26T16:10:00Z,270.1431,11.7884
2026-08-26T16:20:00Z,272.312,10.5621
2026-08-26T16:30:00Z,274.4735,9.3397
2026-08-26T16:40:00Z,276.6295,8.1235
2026-08-26T16:50:00Z,278.7822,6.9164
2026-08-26T17:00:00Z,280.9335,5.7216
2026-08-26T17:10:00Z,283.0853,4.5434
2026-08-26T17:20:00Z,285.2397,3.3897
2026-08-26T17:30:00Z,287.3983,2.2679
2026-08-26T17:40:00Z,289.563,1.1937
2026-08-26T17:50:00Z,291.7354,0.1906
2026-08-27T03:20:00Z,69.2947,0.5188
2026-08-27T03:30:00Z,71.4667,1.547
2026-08-27T03:40:00Z,73.6317,2.6372
2026-08-27T03:50:00Z,75.7913,3.7686
2026-08-27T04:00:00Z,77.9475,4.9282
2026-08-27T04:10:00Z,80.102,6.1101
2026-08-27T04:20:00Z,82.2568,7.3063
2026-08-27T04:30:00Z,84.4138,8.5134
2026-08-27T04:40:00Z,86.575,9.7283
2026-08-27T04:50:00Z,88.7425,10.9483
2026-08-27T05:00:00Z,90.9184,12.1712
2026-08-27T05:10:00Z,93.1048,13.3948
2026-08-27T05:20:00Z,95.3039,14.6168
2026-08-27T05:30:00Z,97.5178,15.8352
2026-08-27T05:40:00Z,99.7489,17.048
2026-08-27T05:50:00Z,101.9993,18.2532
2026-08-27T06:00:00Z,104.2714,19.4487
2026-08-27T06:10:00Z,106.5673,20.6325
2026-08-27T06:20:00Z,108.8894,21.8024
2026-08-27T06:30:00Z,111.2399,22.9563
2026-08-27T06:40:00Z,113.6209,24.0919
2026-08-27T06:50:00Z,116.0347,25.207
2026-08-27T07:00:00Z,118.4834,26.2994
2026-08-27T07:10:00Z,120.9688,27.3665
2026-08-27T07:20:00Z,123.4929,28.4061
2026-08-27T07:30:00Z,126.0574,29.4155
2026-08-27T07:40:00Z,128.6637,30.3922
2026-08-27T07:50:00Z,131.3133,31.3337
2026-08-27T08:00:00Z,134.007,32.2374
2026-08-27T08:10:00Z,136.7456,33.1004
2026-08-27T08:20:00Z,139.5295,33.9203
2026-08-27T08:30:00Z,142.3586,34.6943
2026-08-27T08:40:00Z,145.2324,35.4197
2026-08-27T08:50:00Z,148.1501,36.0939
2026-08-27T09:00:00Z,151.1101,36.7145
2026-08-27T09:10:00Z,154.1105,37.279
2026-08-27T09:20:00Z,157.1487,37.7851
2026-08-27T09:30:00Z,160.2218,38.2306
2026-08-27T09:40:00Z,163.326,38.6136
2026-08-27T09:50:00Z,166.4574,38.9323
2026-08-27T10:00:00Z,169.6113,39.1854
2026-08-27T10:10:00Z,172.7829,39.3716
2026-08-27T10:20:00Z,175.9668,39.4899
2026-08-27T10:30:00Z,179.1577,39.5399
2026-08-27T10:40:00Z,182.3499,39.5213
2026-08-27T10:50:00Z,185.5377,39.4341
2026-08-27T11:00:00Z,188.7157,39.2788
2026-08-27T11:10:00Z,191.8785,39.0561
2026-08-27T11:20:00Z,195.0209,38.767
2026-08-27T11:30:00Z,198.1383,38.413
2026-08-27T11:40:00Z,201.2263,37.9956
2026-08-27T11:50:00Z,204.2811,37.5166
2026-08-27T12:00:00Z,207.2993,36.9781
2026-08-27T12:10:00Z,210.2783,36.3824
2026-08-27T12:20:00Z,213.2157,35.7317
2026-08-27T12:30:00Z,216.1099,35.0286
2026-08-27T12:40:00Z,218.9597,34.2757
2026-08-27T12:50:00Z,221.7643,33.4755
2026-08-27T13:00:00Z,224.5236,32.6308
2026-08-27T13:10:00Z,227.2377,31.7442
2026-08-27T13:20:00Z,229.9073,30.8183
2026-08-27T13:30:00Z,232.533,29.8559
2026-08-27T13:40:00Z,235.1162,28.8594
2026-08-27T13:50:00Z,237.6582,27.8316
2026-08-27T14:00:00Z,240.1607,26.7748
2026-08-27T14:10:00Z,242.6254,25.6917
2026-08-27T14:20:00Z,245.0543,24.5844
2026-08-27T14:30:00Z,247.4494,23.4555
2026-08-27T14:40:00Z,249.8128,22.3071
2026-08-27T14:50:00Z,252.1467,21.1416
2026-08-27T15:00:00Z,254.4534,19.9611
2026-08-27T15:10:00Z,256.7351,18.7676
2026-08-27T15:20:00Z,258.994,17.5634
2026-08-27T15:30:00Z,261.2325,16.3504
2026-08-27T15:40:00Z,263.4527,15.1308
2026-08-27T15:50:00Z,265.657,13.9064
2026-08-27T16:00:00Z,267.8475,12.6795
2026-08-27T16:10:00Z,270.0265,11.452
2026-08-27T16:20:00Z,272.1961,10.2261
2026-08-27T16:30:00Z,274.3585,9.0042
2026-08-27T16:40:00Z,276.5156,7.7887
2026-08-27T16:50:00Z,278.6695,6.5825
2026-08-27T17:00:00Z,280.8224,5.3892
2026-08-27T17:10:00Z,282.9759,4.2139
2026-08-27T17:20:00Z,285.1322,3.0645
2026-08-27T17:30:00Z,287.293,1.9502
2026-08-27T17:40:00Z,289.46,0.8895
2026-08-28T03:20:00Z,69.5226,0.2833
2026-08-28T03:30:00Z,71.6966,1.2975
2026-08-28T03:40:00Z,73.8635,2.3798
2026-08-28T03:50:00Z,76.025,3.5071
2026-08-28T04:00:00Z,78.1829,4.6644
2026-08-28T04:10:00Z,80.339,5.8449
2026-08-28T04:20:00Z,82.4952,7.0406
2026-08-28T04:30:00Z,84.6536,8.2473
2026-08-28T04:40:00Z,86.8161,9.4619
2026-08-28T04:50:00Z,88.9848,10.6817
2026-08-28T05:00:00Z,91.1617,11.9043
2026-08-28T05:10:00Z,93.3491,13.1273
2026-08-28T05:20:00Z,95.549,14.3487
2026-08-28T05:30:00Z,97.7637,15.5664
2026-08-28T05:40:00Z,99.9953,16.7783
2026-08-28T05:50:00Z,102.2462,17.9823
2026-08-28T06:00:00Z,104.5185,19.1765
2026-08-28T06:10:00Z,106.8145,20.3588
2026-08-28T06:20:00Z,109.1365,21.527
2026-08-28T06:30:00Z,111.4866,22.6789
2026-08-28T06:40:00Z,113.867,23.8125
2026-08-28T06:50:00Z,116.28,24.9254
2026-08-28T07:00:00Z,118.7274,26.0152
2026-08-28T07:10:00Z,121.2113,27.0797
2026-08-28T07:20:00Z,123.7335,28.1165
2026-08-28T07:30:00Z,126.2956,29.1229
2026-08-28T07:40:00Z,128.8992,30.0965
2026-08-28T07:50:00Z,131.5454,31.0348
2026-08-28T08:00:00Z,134.2353,31.935
2026-08-28T08:10:00Z,136.9696,32.7946
2026-08-28T08:20:00Z,139.7484,33.6108
2026-08-28T08:30:00Z,142.5719,34.3812
2026-08-28T08:40:00Z,145.4395,35.1029
2026-08-28T08:50:00Z,148.3502,35.7735
2026-08-28T09:00:00Z,151.3026,36.3904
2026-08-28T09:10:00Z,154.2946,36.9513
2026-08-28T09:20:00Z,157.3239,37.4538
2026-08-28T09:30:00Z,160.3873,37.8959
2026-08-28T09:40:00Z,163.4812,38.2756
2026-08-28T09:50:00Z,166.6017,38.5912
2026-08-28T10:00:00Z,169.7442,38.8413
2026-08-28T10:10:00Z,172.9039,39.0248
2026-08-28T10:20:00Z,176.0756,39.1406
2026-08-28T10:30:00Z,179.254,39.1884
2026-08-28T10:40:00Z,182.4334,39.1678
2026-08-28T10:50:00Z,185.6085,39.0789
2026-08-28T11:00:00Z,188.7737,38.9222
2026-08-28T11:10:00Z,191.9238,38.6984
2026-08-28T11:20:00Z,195.0538,38.4085
2026-08-28T11:30:00Z,198.159,38.0539
2026-08-28T11:40:00Z,201.2352,37.6362
2026-08-28T11:50:00Z,204.2786,37.1572
2026-08-28T12:00:00Z,207.286,36.6188
2026-08-28T12:10:00Z,210.2546,36.0234
2026-08-28T12:20:00Z,213.1823,35.3733
2026-08-28T12:30:00Z,216.0673,34.6709
2026-08-28T12:40:00Z,218.9085,33.9187
2026-08-28T12:50:00Z,221.7052,33.1195
2026-08-28T13:00:00Z,224.4572,32.2757
2026-08-28T13:10:00Z,227.1646,31.3901
2026-08-28T13:20:00Z,229.828,30.4653
2026-08-28T13:30:00Z,232.4482,29.504
2026-08-28T13:40:00Z,235.0264,28.5087
2026-08-28T13:50:00Z,237.5639,27.4819
2026-08-28T14:00:00Z,240.0624,26.4263
2026-08-28T14:10:00Z,242.5236,25.3441
2026-08-28T14:20:00Z,244.9494,24.2379
2026-08-28T14:30:00Z,247.3418,23.1099
2026-08-28T14:40:00Z,249.703,21.9625
2026-08-28T14:50:00Z,252.035,20.7977
2026-08-28T15:00:00Z,254.3401,19.618
2026-08-28T15:10:00Z,256.6205,18.4252
2026-08-28T15:20:00Z,258.8785,17.2216
2026-08-28T15:30:00Z,261.1163,16.0092
2026-08-28T15:40:00Z,263.3362,14.79
2026-08-28T15:50:00Z,265.5404,13.5662
2026-08-28T16:00:00Z,267.7311,12.3396
2026-08-28T16:10:00Z,269.9104,11.1126
2026-08-28T16:20:00Z,272.0806,9.8872
2026-08-28T16:30:00Z,274.2438,8.6658
2026-08-28T16:40:00Z,276.402,7.4511
2026-08-28T16:50:00Z,278.5572,6.246
2026-08-28T17:00:00Z,280.7115,5.0539
2026-08-28T17:10:00Z,282.8668,3.8827
2026-08-28T17:20:00Z,285.025,2.7382
2026-08-28T17:30:00Z,287.1879,1.6331
2026-08-28T17:40:00Z,289.3574,0.5882
2026-08-29T03:20:00Z,69.7531,0.0513
2026-08-29T03:30:00Z,71.9292,1.0498
2026-08-29T03:40:00Z,74.098,2.1226
2026-08-29T03:50:00Z,76.2612,3.2451
2026-08-29T04:00:00Z,78.4208,4.3998
2026-08-29T04:10:00Z,80.5784,5.5787
2026-08-29T04:20:00Z,82.7361,6.7736
2026-08-29T04:30:00Z,84.8958,7.9799
2026-08-29T04:40:00Z,87.0596,9.1942
2026-08-29T04:50:00Z,89.2294,10.4136
2026-08-29T05:00:00Z,91.4073,11.6358
2026-08-29T05:10:00Z,93.5956,12.8583
2026-08-29T05:20:00Z,95.7963,14.079
2026-08-29T05:30:00Z,98.0117,15.2959
2026-08-29T05:40:00Z,100.2438,16.5068
2026-08-29T05:50:00Z,102.4951,17.7097
2026-08-29T06:00:00Z,104.7676,18.9026
2026-08-29T06:10:00Z,107.0637,20.0833
2026-08-29T06:20:00Z,109.3854,21.2497
2026-08-29T06:30:00Z,111.7352,22.3998
2026-08-29T06:40:00Z,114.115,23.5312
2026-08-29T06:50:00Z,116.5269,24.6417
2026-08-29T07:00:00Z,118.9731,25.7291
2026-08-29T07:10:00Z,121.4554,26.7909
2026-08-29T07:20:00Z,123.9756,27.8248
2026-08-29T07:30:00Z,126.5354,28.8282
2026-08-29T07:40:00Z,129.1361,29.7987
2026-08-29T07:50:00Z,131.779,30.7336
2026-08-29T08:00:00Z,134.465,31.6304
2026-08-29T08:10:00Z,137.1948,32.4865
2026-08-29T08:20:00Z,139.9687,33.2991
2026-08-29T08:30:00Z,142.7865,34.0658
2026-08-29T08:40:00Z,145.6478,34.7838
2026-08-29T08:50:00Z,148.5515,35.4507
2026-08-29T09:00:00Z,151.4962,36.0639
2026-08-29T09:10:00Z,154.4799,36.6211
2026-08-29T09:20:00Z,157.5001,37.1201
2026-08-29T09:30:00Z,160.5538,37.5587
2026-08-29T09:40:00Z,163.6374,37.935
2026-08-29T09:50:00Z,166.747,38.2475
2026-08-29T10:00:00Z,169.8781,38.4947
2026-08-29T10:10:00Z,173.026,38.6754
2026-08-29T10:20:00Z,176.1855,38.7888
2026-08-29T10:30:00Z,179.3514,38.8343
2026-08-29T10:40:00Z,182.5182,38.8117
2026-08-29T10:50:00Z,185.6805,38.7211
2026-08-29T11:00:00Z,188.833,38.563
2026-08-29T11:10:00Z,191.9704,38.3381
2026-08-29T11:20:00Z,195.088,38.0474
2026-08-29T11:30:00Z,198.181,37.6922
2026-08-29T11:40:00Z,201.2454,37.2741
2026-08-29T11:50:00Z,204.2775,36.7949
2026-08-29T12:00:00Z,207.274,36.2567
2026-08-29T12:10:00Z,210.2323,35.6616
2026-08-29T12:20:00Z,213.1502,35.012
2026-08-29T12:30:00Z,216.0261,34.3102
2026-08-29T12:40:00Z,218.8587,33.5588
2026-08-29T12:50:00Z,221.6475,32.7604
2026-08-29T13:00:00Z,224.3921,31.9176
2026-08-29T13:10:00Z,227.0928,31.0331
2026-08-29T13:20:00Z,229.75,30.1094
2026-08-29T13:30:00Z,232.3646,29.1491
2026-08-29T13:40:00Z,234.9377,28.1549
2026-08-29T13:50:00Z,237.4707,27.1292
2026-08-29T14:00:00Z,239.9651,26.0746
2026-08-29T14:10:00Z,242.4227,24.9936
2026-08-29T14:20:00Z,244.8454,23.8883
2026-08-29T14:30:00Z,247.2351,22.7613
2026-08-29T14:40:00Z,249.5939,21.6147
2026-08-29T14:50:00Z,251.924,20.4509
2026-08-29T15:00:00Z,254.2275,19.2718
2026-08-29T15:10:00Z,256.5066,18.0798
2026-08-29T15:20:00Z,258.7636,16.8768
2026-08-29T15:30:00Z,261.0008,15.665
2026-08-29T15:40:00Z,263.2202,14.4463
2026-08-29T15:50:00Z,265.4243,13.2229
2026-08-29T16:00:00Z,267.6151,11.9969
2026-08-29T16:10:00Z,269.7948,10.7703
2026-08-29T16:20:00Z,271.9655,9.5454
2026-08-29T16:30:00Z,274.1295,8.3247
2026-08-29T16:40:00Z,276.2887,7.1108
2026-08-29T16:50:00Z,278.4452,5.9071
2026-08-29T17:00:00Z,280.601,4.7173
2026-08-29T17:10:00Z,282.758,3.5499
2026-08-29T17:20:00Z,284.9181,2.4115
2026-08-29T17:30:00Z,287.0831,1.3173
2026-08-29T17:40:00Z,289.2549,0.291
2026-08-30T03:30:00Z,72.1643,0.8041
2026-08-30T03:40:00Z,74.335,1.8662
2026-08-30T03:50:00Z,76.4999,2.9828
2026-08-30T04:00:00Z,78.6611,4.1346
2026-08-30T04:10:00Z,80.8202,5.3113
2026-08-30T04:20:00Z,82.9793,6.5054
2026-08-30T04:30:00Z,85.1403,7.7112
2026-08-30T04:40:00Z,87.3052,8.9251
2026-08-30T04:50:00Z,89.4761,10.1441
2026-08-30T05:00:00Z,91.6551,11.3658
2026-08-30T05:10:00Z,93.8442,12.5878
2026-08-30T05:20:00Z,96.0457,13.8078
2026-08-30T05:30:00Z,98.2617,15.0238
2026-08-30T05:40:00Z,100.4943,16.2337
2026-08-30T05:50:00Z,102.7459,17.4354
2026-08-30T06:00:00Z,105.0186,18.6269
2026-08-30T06:10:00Z,107.3147,19.806
2026-08-30T06:20:00Z,109.6362,20.9707
2026-08-30T06:30:00Z,111.9855,22.1188
2026-08-30T06:40:00Z,114.3646,23.2481
2026-08-30T06:50:00Z,116.7755,24.3562
2026-08-30T07:00:00Z,119.2204,25.4411
2026-08-30T07:10:00Z,121.7011,26.5002
2026-08-30T07:20:00Z,124.2192,27.5312
2026-08-30T07:30:00Z,126.7765,28.5315
2026-08-30T07:40:00Z,129.3743,29.4988
2026-08-30T07:50:00Z,132.0138,30.4304
2026-08-30T08:00:00Z,134.696,31.3237
2026-08-30T08:10:00Z,137.4213,32.1762
2026-08-30T08:20:00Z,140.19,32.9852
2026-08-30T08:30:00Z,143.0022,33.7482
2026-08-30T08:40:00Z,145.8571,34.4625
2026-08-30T08:50:00Z,148.7538,35.1256
2026-08-30T09:00:00Z,151.6908,35.7351
2026-08-30T09:10:00Z,154.6661,36.2886
2026-08-30T09:20:00Z,157.6772,36.784
2026-08-30T09:30:00Z,160.7212,37.2191
2026-08-30T09:40:00Z,163.7946,37.5921
2026-08-30T09:50:00Z,166.8933,37.9014
2026-08-30T10:00:00Z,170.013,38.1456
2026-08-30T10:10:00Z,173.1491,38.3236
2026-08-30T10:20:00Z,176.2964,38.4344
2026-08-30T10:30:00Z,179.4498,38.4777
2026-08-30T10:40:00Z,182.604,38.4531
2026-08-30T10:50:00Z,185.7536,38.3608
2026-08-30T11:00:00Z,188.8934,38.2012
2026-08-30T11:10:00Z,192.0182,37.9751
2026-08-30T11:20:00Z,195.1233,37.6835
2026-08-30T11:30:00Z,198.2043,37.3277
2026-08-30T11:40:00Z,201.2569,36.9093
2026-08-30T11:50:00Z,204.2777,36.43
2026-08-30T12:00:00Z,207.2633,35.8919
2026-08-30T12:10:00Z,210.2113,35.2971
2026-08-30T12:20:00Z,213.1194,34.6479
2026-08-30T12:30:00Z,215.9861,33.9467
2026-08-30T12:40:00Z,218.8102,33.1961
2026-08-30T12:50:00Z,221.5909,32.3986
2026-08-30T13:00:00Z,224.3282,31.5567
2026-08-30T13:10:00Z,227.0221,30.6732
2026-08-30T13:20:00Z,229.6731,29.7505
2026-08-30T13:30:00Z,232.2821,28.7913
2026-08-30T13:40:00Z,234.8501,27.7982
2026-08-30T13:50:00Z,237.3785,26.7737
2026-08-30T14:00:00Z,239.8688,25.7201
2026-08-30T14:10:00Z,242.3228,24.6401
2026-08-30T14:20:00Z,244.7423,23.5358
2026-08-30T14:30:00Z,247.1292,22.4098
2026-08-30T14:40:00Z,249.4857,21.2641
2026-08-30T14:50:00Z,251.8137,20.1011
2026-08-30T15:00:00Z,254.1156,18.9228
2026-08-30T15:10:00Z,256.3934,17.7315
2026-08-30T15:20:00Z,258.6494,16.5291
2026-08-30T15:30:00Z,260.8858,15.3179
2026-08-30T15:40:00Z,263.1048,14.0998
2026-08-30T15:50:00Z,265.3086,12.8769
2026-08-30T16:00:00Z,267.4995,11.6513
2026-08-30T16:10:00Z,269.6795,10.4252
2026-08-30T16:20:00Z,271.8508,9.2009
2026-08-30T16:30:00Z,274.0155,7.981
2026-08-30T16:40:00Z,276.1757,6.7682
2026-08-30T16:50:00Z,278.3335,5.5659
2026-08-30T17:00:00Z,280.4907,4.3791
2026-08-30T17:10:00Z,282.6493,3.2159
2026-08-30T17:20:00Z,284.8113,2.0847
2026-08-30T17:30:00Z,286.9785,1.0038
